,MOM,PCA_PLAIN,PCA_SUB,DOUBLE
2010-04-07,0.0035080474457464426,,,
2010-04-08,0.00339533828005536,-0.0028191774771424206,0.0034667539650377497,0.005714187930851105
2010-04-09,-0.00017539148598706423,0.004221990751285887,2.750142052010407e-05,0.0024024965939254
2010-04-12,0.0008674859249175438,0.0012976674817789747,-0.009626974567550461,-0.0036375606720104496
2010-04-13,0.002201119319033573,0.002173171651154093,-0.000835358159923394,-0.0003721884406073404
2010-04-14,-0.0017101108149005337,-0.00236940569113413,-0.0026893713051223457,-0.0011643059066076878
2010-04-15,0.0046315484951730875,-0.0011577013276516945,0.003081160898273816,0.0036559185790057402
2010-04-16,-0.0011871575067509575,-0.002646299287535237,-0.004272862388784171,-0.0010280434098348373
2010-04-19,0.006900167946463043,0.0024786977880959737,-0.0011478094883763611,0.0038392914125143455
2010-04-20,-0.003392616636168744,-0.0014039654124588631,0.008517112342269817,0.004773682438358887
2010-04-21,-0.0048962326118103805,-0.0024270617811507967,-0.0036711024376387294,-0.0020830071947781637
2010-04-22,0.007897573605162434,0.0020273482968073075,0.004157497172076474,0.0031716795026935753
2010-04-23,0.00042944384703966774,-0.0031516473380720274,0.00025874769504443686,-0.002792666669200727
2010-04-26,0.0014266007514959433,0.0030059267432938075,0.007395209598945218,0.0038252424817477927
2010-04-27,0.005386147319825807,0.0017806245115978172,0.0037614322706511993,0.004455815155823847
2010-04-28,0.006644200190927507,0.000726100968718546,0.00044366263270658726,0.003968084541912303
2010-04-30,0.00038942094585887616,-0.004399083970454587,0.004052015198775338,0.009761563732768208
2010-05-06,-0.010763294546694823,0.00939340881117301,0.010242470903081436,0.0028347289885257516
2010-05-07,-0.005858663233194372,-0.004259518855800071,-0.0048083409764642536,-0.005864944475560141
2010-05-10,0.002523255123837286,-0.011205541600025425,-0.01155111155023618,-0.011888405203678976
2010-05-11,-0.0036397534585018926,-0.0006865494328475163,-0.0016439926197795891,-0.005652896528808721
2010-05-12,-0.007629804696056764,-0.0046067028867205154,0.0026997603335273236,-0.004001053330647847
2010-05-13,0.0012393918604174828,0.005453615458960015,0.009189726200681304,0.005674781558224921
2010-05-14,-0.002409593436526225,-0.0009719369017275214,0.003509204042526437,0.000690884895416403
2010-05-17,-0.005056746914727484,0.0019602912449729675,0.010835645686881756,0.006014407476263814
2010-05-18,-0.004432479897946596,0.009925523747802733,0.016408285352809804,0.008224135190581044
2010-05-19,0.00605947947458061,-0.0008686817263307447,-0.0050460527665799225,-0.004460631240454688
2010-05-20,-0.009434107219518918,-0.00633388270186721,-0.005551326894650699,-0.011409902638768671
2010-05-21,0.002487269605246256,0.0107529549178202,0.016963508742143762,0.014774631332394794
2010-05-24,-0.004553614711273579,0.0018816043805294446,0.002821343738162496,0.001903744421584567
2010-05-25,0.0009037178206405157,0.004055670744325335,0.013777414739295791,0.00268726201495559
2010-05-26,0.0036808028804947266,-0.004894176162507891,-0.008906693056834248,-0.0017502770590969718
2010-05-27,-0.005623003200434318,0.003923404072433545,0.02243796132930367,0.01398675154350787
2010-05-28,-0.002023920013326119,-0.0017917510725125262,-0.009807270913230437,-0.007843979675193125
2010-06-01,-0.0026447364746905234,-0.002732258235413965,-2.0334510952002604e-05,-0.003270701825835098
2010-06-02,-0.003426132014630401,0.004238862195381943,0.007506418716862195,0.006743374907963761
2010-06-03,0.0009551479772023307,0.0034328318321225513,-0.00443915239111119,0.0020295439462332623
2010-06-04,0.004488255713789635,0.0007750215887469825,0.0008976987030980821,0.004461376855562649
2010-06-07,0.0010100890307138,0.008338337780617143,-0.021359824182237655,-0.011328715898376907
2010-06-08,-0.00879227895346708,-0.011335154064281271,-0.00014730524026815859,-0.0076304481463691735
2010-06-09,0.007334224672615953,0.006337143816899138,0.00809167106646964,0.011887352008037515
2010-06-10,0.003407710492341542,-0.002240547922385372,-0.00593534521516681,-0.0007574426697145254
2010-06-11,0.0019101416410968412,-0.005175891085000583,-0.010022100462866645,-0.0015623365921669241
2010-06-14,4.334102187220079e-05,0.0011375669246942888,-0.00041941677588885895,0.0020606455202253535
2010-06-15,0.003006301934250688,0.00033044498891761083,0.0004629491443781885,-0.0004878550645031252
2010-06-16,-0.0036512705716748254,-0.0023242350808160947,-0.0020127236816877224,-0.0061283348819084205
2010-06-17,0.0010643663902657476,-0.0048298464581179035,-0.0029239902342401256,-0.001394608122047225
2010-06-18,0.0072397040341443345,0.005030253507068094,0.0047424224629364796,0.006790346362604046
2010-06-21,-0.009096404808173064,0.010083836897426113,0.010518901422026295,0.0019466841034005236
2010-06-22,-0.001054319365774714,-0.0015830507829688314,-0.0056996497747650475,-0.011540841874369231
2010-06-23,-0.0003921635052029248,0.0023500315154451946,-0.006624263088130511,-0.006253368533237972
2010-06-24,0.0036991086044651624,0.0039967283619491535,0.0037422754357405055,0.0025167902937954308
2010-06-25,0.005849243898643386,-0.0019778397889240076,0.007501902126057635,0.0056562843278252
2010-06-28,0.003436929940966271,-0.009126415459579217,-0.009561186218927209,-0.0011161842094425571
2010-06-29,0.00954982108672926,0.004262862573597759,0.00962166198516954,0.0042417713821085515
2010-06-30,-0.0010231799866264435,-0.004018999779391241,-0.0009973788451574264,0.0010226475994709076
2010-07-01,0.009768503354638792,-0.008080584236604316,-0.01176179942264397,0.003303967328803355
2010-07-02,0.006439777270883407,0.0007235870290593913,0.0037801281475164485,0.0023762990205950757
2010-07-06,-0.007409799837974718,-0.007324243459908053,-0.007692651086343227,-0.007463412695731016
2010-07-07,0.001173610567893424,0.004452221553688674,0.0012035832620610476,0.0006639180069649082
2010-07-08,0.001185899098458165,0.0016444832534080914,0.002394891229622576,0.0008620465947720701
2010-07-09,0.004640782539366284,-0.001014268310348343,0.007899561403104771,0.003379232996358984
2010-07-12,-0.0076033008968567906,0.0049960641435911725,0.006617632623575487,0.001276650763482175
2010-07-13,0.007686851989311005,0.004787286679899228,0.00670193986877512,0.00807641848286068
2010-07-14,0.0018316888854084778,0.0010220451108137185,0.002240482877302807,-0.0013208138542293302
2010-07-15,0.014007739463672331,0.006082845974195128,-0.010135499760911038,0.014094297131893918
2010-07-16,0.002716179981843746,-0.003926495404549768,0.007022875689284813,0.0030901409047797822
2010-07-21,0.012472234186204646,-0.002622683650540192,-0.0030318283724763972,0.0
2010-07-22,-0.0002740647511961791,-0.0010910681509950892,0.0001234623415575565,-0.0002510040160644082
2010-07-23,-0.0076764384847455075,0.0051563712016492675,0.008794346992490088,3.580660280944059e-06
2010-07-26,-0.00027937310961827504,-0.0005364063404299957,0.0001199695967094795,-3.6170588469839726e-05
2010-07-27,0.0001947553448141015,-0.0008583690987123749,-0.0009738782215440666,-0.0003385009778021701
2010-07-28,-0.010079914583480853,-0.007243956999905343,-0.0070655849610245175,-0.004968729607752624
2010-07-29,0.0028910999835743078,0.0009258744322825807,-0.003556319058125301,-0.0006968641114982743
2010-07-30,0.000835603204086155,-0.001048589383783227,0.0004501110816281348,-0.004798464491362786
2010-08-02,-0.004379504456670991,0.0019226586093629594,-0.00039031705217342817,-0.0016834686861716883
2010-08-03,0.0034579656769873957,0.0026787595316924095,0.0011035884638436189,0.004391264577780126
2010-08-04,0.004420075130156564,-0.0010239746907884316,0.001499857726909992,0.002131370470850008
2010-08-05,-0.00418947651675623,-0.003461731293094794,0.0016117725308939512,-0.0034595909440266063
2010-08-06,-0.012808788042973562,-0.0018345835736290894,0.0038848863870327485,-0.007848034268877776
2010-08-09,3.611561215288749e-06,6.892647364269421e-05,-0.000594987777844258,0.0014153001216869316
2010-08-10,0.0035912780458403184,0.0011910110305455523,0.0052040009600204055,0.004442385128238196
2010-08-11,0.004381798858183949,0.0014665591187207122,0.009855311465570815,0.0048968902807997785
2010-08-12,0.0013346812911436243,-0.005150971043885733,-0.002713201390822251,0.0024173964236296843
2010-08-13,-0.0024034136838479766,0.003709818205186366,-0.006852643410512304,-0.002781484678360764
2010-08-16,0.003281134042821976,0.00420716799107248,-0.002199314967155375,0.0074827573527481706
2010-08-17,-6.345158809848437e-05,0.005282252467440252,-0.0027256260854953587,-0.0017131940062504363
2010-08-18,-0.005034032774766972,-0.0016410010964833964,-0.005139259195759238,-0.0019124116436904396
2010-08-19,-0.0012538339236962237,-0.00044948057335241203,0.00022489056405072816,-0.0006961966171386003
2010-08-20,0.0010804704749759258,-0.001519772976628664,-0.00468795572887164,-0.0033799782652136345
2010-08-23,0.0027246973160896413,-0.00012400746725600448,0.004245008791947691,0.003039037761751055
2010-08-24,0.0026129866638015644,0.0038341443536814347,0.004092980886356434,0.00427567256389314
2010-08-25,0.0003961426762366881,-0.001383823714653554,0.0023229867425878853,0.0017962011331290272
2010-08-26,0.0008658372884171372,0.0019852229040761673,0.0024064535349157313,0.0025524222541057377
2010-08-27,-0.005401255181875309,0.002365181500866686,0.007649405657305453,0.0030511953029995764
2010-08-30,0.0037409349411126947,0.003421616505381797,-0.007119064314540547,-0.0019358673800279795
2010-08-31,0.008268462345449845,-0.0059750845539847,-0.009956423130726443,-0.00393401035002274
2010-09-01,-0.0007544181978675901,0.0033764042155085103,-0.0015514251797866365,-0.000512690745072375
2010-09-02,0.002657916107434688,-0.0007808352181834402,-0.0025149175542033887,-0.004583954883134299
2010-09-03,-0.0009672405290667818,0.00818229171309004,0.004431044143040741,0.0033221036719243515
2010-09-07,-0.002212213300989774,-0.0009898613708776206,-0.003408755997317336,-0.008568020359602005
2010-09-08,-0.00403416329975872,0.006173146531005779,0.0005249498554487976,0.0015532710263070793
2010-09-09,-0.0006007712790920827,-0.0003561136299113476,0.001939859785133291,0.0027792516638444342
2010-09-10,-0.004311844466019998,-0.0010439141087229542,-0.003401726008755523,-0.004057208391507509
2010-09-13,-0.0024333749070982956,0.0008668917646004415,0.002119729731278874,0.0009094586643130139
2010-09-14,-0.0057106779586924665,-0.002841047978753708,-0.0015257342368523387,-0.004263087509338598
2010-09-16,0.00240590885891454,-0.0026932994457086867,-0.0006593496390340896,-0.0009556637265136043
2010-09-17,0.0045265423649678786,0.001012632352926568,-0.003559709359793795,-0.0002106931065859278
2010-09-21,0.00033755815982001655,0.0028769100433806427,-0.007117226075587424,-0.0009035260618652785
2010-09-22,-0.008708075431939567,-0.004007300529801161,-0.0038722626419587683,-0.0075969551583363795
2010-09-24,0.009205191577985694,-0.0020085818002496757,-0.0015483592367719235,0.004039195828189464
2010-09-27,0.005278038666804985,0.002244441591516111,0.0012809462629593594,0.002791544977336735
2010-09-28,0.004906046237915152,-0.005671024124800094,-0.0001576892285631848,0.009483330195744544
2010-09-29,0.00041952417217481206,-0.004151342517891688,-0.006868410233358491,0.0035880422635353572
2010-09-30,0.004617110298201065,-0.007427964910726947,-0.0002942629602560986,0.003695505887406517
2010-10-01,-0.004140691731103341,0.0005914469914029441,-0.011040914128987889,-0.020387965620804284
2010-10-04,0.010258783187336884,0.003810221420894022,-0.00776190978350071,0.006337014820834849
2010-10-05,-0.0027748281114408965,0.007053370967046746,0.0032985027737649324,0.006658951720812156
2010-10-06,0.004024771494299628,-0.007034404487110013,-0.00022866321980234954,-0.0006125372777701034
2010-10-07,0.0019153002395892794,0.0020966672596660183,-0.0005023262515666538,-5.227047077156874e-05
2010-10-08,0.003951185913298483,0.004080455616850753,-0.009370359321547728,-0.005110668879522384
2010-10-12,0.005316263950010235,0.001040683117242168,0.0030873146501428934,0.00433033366822147
2010-10-13,-0.003667846513896489,-0.0008002616185963209,-0.0024636578607603265,-0.005320336720229191
2010-10-14,0.0030143664316530485,1.3552409991635268e-05,0.004323911082102439,0.0018890935891980947
2010-10-15,0.0006638889711448439,-0.0022915953309954103,0.002639385788591331,0.003109374375941258
2010-10-18,-0.005776994622874554,-0.004912129758009698,0.0015562154020953398,-0.00804680492180489
2010-10-19,-0.002991362457845459,-0.0010019418582605686,0.0004301953278337711,-0.0007903363279192738
2010-10-20,-0.0018297856634944543,-0.0017478497321874009,-0.00886881894959557,-0.009989194229360066
2010-10-21,-0.0028735150316245403,-0.0027839798440111975,1.0614719458157265e-05,-0.0020517147212145426
2010-10-22,-0.0013299661361742654,-0.0013784053800157902,0.00013209929226110084,-0.001715317813047834
2010-10-25,0.0030169031140807154,0.004520629754530114,-0.0004920205183009956,0.001307063317590577
2010-10-26,0.002285065291301103,7.966411793007834e-05,0.003241613604788829,0.0032482365534585644
2010-10-27,-0.0005464653198795407,0.007367552687376855,0.0020375264413907243,0.002218323601781547
2010-10-28,-0.002171240965548704,-0.000823385521936526,-0.0023811359234060304,-0.0013131482101037205
2010-10-29,-0.010498744031623097,0.015530395961525632,0.009714296989135085,-0.0014355189381756541
2010-11-01,0.006427097823376427,-0.001373991369977956,0.0014551215108453252,0.0022617723489880893
2010-11-02,0.0022859332004470986,-0.0007883622915922928,-0.00010804063185474445,0.0006373411868805837
2010-11-04,0.005148946706154756,0.0018175120879468931,-0.0052526922835468785,0.0013376804575515693
2010-11-05,-0.0023035819173869987,-0.002257584680927382,0.00962770664301622,0.002290330051883431
2010-11-08,0.002519276508157109,-0.0006746149986669003,0.0008157689918910193,0.0028676412730673376
2010-11-09,-0.003001360569349254,-0.0008022105157957647,-0.0011846497720559457,-0.002601279119719798
2010-11-10,-0.007982312083088682,0.004553533847635993,-0.0022393780306068974,-0.005379201546850916
2010-11-11,-0.011578694010007419,-0.008118554532588496,-0.0018159631358438011,-0.0036282880658158067
2010-11-12,-0.0019493650115154806,0.002001570916515161,0.006585792060018858,-0.0019184153400867803
2010-11-15,0.0021693127452702132,0.0007163168023791577,0.005001089807447112,
2010-11-16,0.000997103234614505,-0.002760080707680124,-0.0008486184848020442,-0.0018513980778133154
2010-11-17,-0.001571290709399098,-0.004589394537057356,0.0026397794552612155,0.002590845492860002
2010-11-18,0.004307426603330944,-0.004007667257934689,-0.013094890442714302,-0.009010564206351306
2010-11-19,-0.0059903779591361506,-0.003643528742070168,-0.005983207822736114,-0.004599455632926201
2010-11-22,0.004541123499637622,0.0032313664649604276,0.0064379816859125635,0.004676562377260829
2010-11-24,0.013196015452289322,-0.008696566880938294,-0.010086954175014129,0.013605442176870763
2010-11-26,-0.003637690093277457,-0.002871406568373236,-0.004101100739576547,-0.0032392129951998175
2010-11-29,-4.933948012477698e-05,-0.002456238691328805,-0.004837859138370515,-0.0021190540414140814
2010-11-30,-0.0015468685562293636,0.002874544180934691,-0.002678410281830534,-0.0026450395665992515
2010-12-01,0.00534861890428866,-0.0016341377640392452,0.001987188508375448,0.004535703424706457
2010-12-02,0.0035458255375339976,0.005528891324331942,0.001651491005999395,0.011748613992308718
2010-12-03,-0.0006419324181183405,-0.001476680982528289,-0.003004605282515005,-0.0028399253689416278
2010-12-06,3.5023757078556116e-05,-0.0003135752891119781,3.5023757078556116e-05,0.00020714224042788962
2010-12-07,-0.008009769966734036,0.001680658032171123,-0.005378191019365607,-0.00423456394881268
2010-12-08,0.0002663870960595504,0.0004265192263193107,0.0017934858068336056,0.004541690872498439
2010-12-09,-0.00017102658974512699,-0.00236682821934644,0.003641143508704081,-0.0013228099465315715
2010-12-10,-0.004350402617986072,0.002161442332527708,-0.0030924139631085088,-0.007397069765670838
2010-12-13,2.2024023952926276e-05,0.006209463404238558,-0.007641071643000519,0.001389583704023996
2010-12-14,0.002599577017246624,0.0008991215976610343,-0.005813593573414044,-0.005191392171668159
2010-12-15,-0.0019222946998527668,-0.002968297592316715,0.0024516113381093164,0.0019253558612732924
2010-12-16,-0.0034684029347294976,-0.002655394912692044,-0.002464555218035569,-0.0023141012769454274
2010-12-17,-0.001768140375178562,0.0018551756108125207,0.0009171063947632784,-0.002759066333812251
2010-12-20,-0.001751895611381182,0.000157135810706221,0.006761621318553512,0.0035025323521429104
2010-12-21,0.0023521496126992056,0.0017115607430560065,-0.00262016786958208,0.007196223421948145
2010-12-22,0.003077179317076406,0.0004942765256174654,0.0005770551583696992,0.0011964501492569028
2010-12-27,0.0015855856786039623,-0.0012622684709412413,-0.0030045441992899045,0.0002913752913753879
2010-12-28,0.0002071096663345262,-0.000576006188917777,0.0015525928852768269,0.001155867415482546
2010-12-29,-0.0019686287583553508,0.0032410547722933505,0.00027885566143262,0.0
2010-12-30,-0.002109981768257896,0.0005869041078480526,0.0009606163174978198,-0.0014498503121337537
2011-01-04,0.0040529357387046,-0.002604863130088297,0.006032183652498047,0.006081568321787581
2011-01-05,0.0011650525361448726,-0.0009915803458184769,-0.006613812200060321,-0.0016154472775350517
2011-01-06,0.0034311294745500427,0.0031998163058134963,0.004547339701279918,0.00335710803949676
2011-01-07,0.002785824898527367,-0.0006856435116051829,-0.00034022825825905654,
2011-01-11,-0.0005873901778600476,-0.0016290850355759725,-0.0014196166504238496,0.00028768699654779795
2011-01-12,-0.0077326216511944155,-0.0010692367221504903,-0.0011688716850371652,-0.0035300637250086048
2011-01-13,0.0003203358412027235,0.0002444675002119867,0.001183112282148935,-7.895453950286713e-05
2011-01-14,-0.0029808420080618793,0.006522683205889468,0.005465379940182346,0.007544126098963618
2011-01-18,0.006057541585456549,0.0005764552792054899,0.003912589183057524,0.002266217923163547
2011-01-19,0.0009764006764825916,-0.004535953439702279,0.0015499055340341794,
2011-01-20,-0.004531171865394312,0.001462671256436554,0.005939148293890595,0.0
2011-01-21,-0.01743874659933973,0.007238373116011786,0.022859950346322423,8.320237873538083e-05
2011-01-24,-0.0011120132428043437,0.0022694264839300928,-0.0024298090233425326,-0.0030078803333192573
2011-01-25,0.01448997953076252,0.007611807067487853,0.010562112884413466,0.013022312304097184
2011-01-26,0.001883756996776809,-0.0008431812825396398,-0.0005234050241661238,-0.0011784895753207034
2011-01-27,0.0037179721715365766,0.00221445744865012,0.0005347145459996703,0.002457651110881024
2011-01-28,0.001801492403230998,0.00602703101652482,-0.002268370863338842,0.0023696185593080994
2011-01-31,0.003336228341462877,0.0026973099950171834,0.004811983552631127,0.002119332858106948
2011-02-01,-0.002670063879319118,0.0014905173527632433,0.0007289558412516771,0.00037990133664667623
2011-02-02,0.007704366381484773,-0.003294819219697942,-0.0033878797897086256,0.0015060960557291558
2011-02-03,-0.00928152481949951,-0.002376886201608097,-0.006623624976275711,-0.006112397116959479
2011-02-04,-0.0041010273565174945,-0.007432115337569178,0.005107741277674505,-0.013589358068645252
2011-02-07,-0.0015175816111622667,0.003867558118603931,0.002838042959978404,0.0063345717653242595
2011-02-08,0.002266256946854983,-4.5156608961716095e-05,0.002232980002627216,0.0016767300970938139
2011-02-09,-0.011308826235184742,0.004915516867176217,0.012338699569549538,
2011-02-10,0.008573067208266517,-0.0016449302882052264,0.0008641134868951458,-0.000945179584120992
2011-02-14,0.11839421886787198,0.09456946729498812,0.09677264966952914,0.1122124875924375
2011-02-15,0.0017975495928215903,-0.00021953058104300376,0.004023740507381724,0.00418557263544255
2011-02-16,0.004713780291568792,-0.0038971242423195386,-0.0006930080269280212,-0.008155914357357075
2011-02-17,-0.005328711914433626,-0.0008548575868197574,-0.004989208572902526,-0.0033661030405819393
2011-02-18,-0.00040024969328964497,0.0020035407792670322,0.0014540436090531238,0.0019295706705257376
2011-02-22,-0.015315801361896276,0.014111254228604552,0.011764859637703106,0.005248734628175322
2011-02-23,0.0029933860374047106,0.0011132199658530299,-0.0003003658532646945,0.0005264674410448422
2011-02-24,-0.004238832007921568,-0.004402538532576616,-0.004194211053945862,-0.004413703152578592
2011-02-25,0.004505477074027153,0.001074160416961823,-0.0029875895212122527,-0.0008878516661961302
2011-02-28,0.007942947028304071,0.002383918939393848,0.0029543309540773326,0.005213617924773317
2011-03-01,0.009531479250443375,-0.005448759793701675,-0.00804984617355946,-0.0009070396235989486
2011-03-02,-0.0015766896512668044,0.001917027157197571,-0.004313809158225279,-0.008118697556191748
2011-03-03,0.0006052099128035283,0.00018444661783325602,-0.0005200554167226201,0.002624696684776046
2011-03-04,-0.0020449627136823745,0.006401945263396124,0.0047239187032183105,0.007395610989768098
2011-03-07,-0.0002707112179610293,0.0020887484960264713,0.0039007963337159834,0.0026613775499999912
2011-03-08,-0.00277230779258979,-0.002099703039959122,0.00298964174742995,0.003387297150399815
2011-03-09,-0.0047298417935098145,0.0041539305232641596,0.007373857251980942,-0.003892158841307558
2011-03-10,-0.016265365105475493,0.012592641433240126,0.012841664324010859,0.0036760457471262473
2011-03-11,-0.0016352664037118103,0.001436391807871717,0.012636045508326622,0.010611354353908845
2011-03-14,0.0073559303049277325,0.005522442971898897,0.024239359184794675,0.007218714878629948
2011-03-15,-0.005674456914708803,0.004107390737136216,0.0032189353545781785,-0.02624709529456825
2011-03-16,-0.01948642369823161,-0.018032051110995154,0.0001836290575372157,-0.010122715533639352
2011-03-17,0.02412519254241772,-0.0154980881623205,-0.013273500405810013,0.008563678236964394
2011-03-18,0.005866850963896386,-0.006235489345100476,0.006484076768745362,0.0093768147210088
2011-03-22,-0.023403035218795876,0.02169453472567575,-0.01427992801247029,-0.03910261817330786
2011-03-23,0.004629343196066228,-0.0036860600303118673,-0.005384935101513921,-0.011909054531926422
2011-03-24,0.017044102797555683,-0.014992521091969713,0.012727487870549205,0.016115464810451088
2011-03-25,-0.006741442064818902,-0.0074832164089741575,0.00558871548364459,0.01268535078001103
2011-03-28,0.0030218641623462666,-0.0038463301783044244,0.0027841167342293137,0.010401383283822018
2011-03-29,0.00661229908491523,0.005398592017215598,0.01217404534949813,0.014383538277626756
2011-03-30,0.017836615353862294,-0.008769996650951085,0.0009302830301270992,0.00923821603547629
2011-03-31,-0.0014836614364207796,0.0015588267049946314,0.00300598108447272,-0.005163893181821791
2011-04-01,0.010032599501291473,0.004316444668898868,0.012891939548110853,0.009117669989120437
2011-04-04,0.009835956749549356,-0.00529499783773073,0.006034686060508499,0.013434497846890289
2011-04-05,-0.009477940834550223,0.0032831538906518583,0.01050262090075329,0.001849471016303431
2011-04-06,-0.003990284676512102,0.004251778160906538,-0.00818312808805437,-0.011866721238980759
2011-04-07,-0.006505271359836585,-0.004233326890741962,0.004800084377110925,0.00036686864059535217
2011-04-08,-0.007667765064237875,-0.0029429753483609204,0.009529748102410942,-0.0063372211691102125
2011-04-11,0.0019215230679774152,-0.0030268751205128727,0.0021253730504845465,0.004615512886434037
2011-04-12,-0.0034758014404534963,0.002071347915407795,-0.0011506822058519718,-0.0015037884059533393
2011-04-13,0.003486028033520827,0.0005534615304233492,-0.00019173333614188638,-0.0030983185812364063
2011-04-14,0.000557132073505117,0.0023876136701651996,-0.004017803448687763,-0.006567940397727981
2011-04-15,-0.00022309244687042113,0.00023000993328381458,0.005916878858929176,0.0013848158126340583
2011-04-18,0.006206605512942788,-0.011413078573936364,0.005662555211723652,0.007792136536597154
2011-04-19,-0.003346347094066027,-0.0014490653675606647,-0.0009240357821587831,-0.0021180586953090203
2011-04-20,0.0014562998061363741,-0.002891984138428172,0.00033518588626213486,-0.0012496022347357103
2011-04-21,0.0006776797850765572,-0.0022371171009261336,-0.0002151135496798684,-0.00019062535884805109
2011-04-25,-3.72391668576721e-05,-0.008171993025070457,0.009690307213635639,0.007442407219408938
2011-04-26,0.0013105733295342365,0.002854426806635302,0.0008007270800365345,0.001991284624709222
2011-04-27,0.0040234580508632595,-0.002561502351469702,-0.00259463004639886,-0.0007762240897350725
2011-04-28,-0.0003556226604861873,0.00021890100571275717,0.007858371832344547,0.0058471561833134955
2011-05-02,-0.007760345189949436,0.004827762117890622,-0.002059710545861537,-0.003938548212119778
2011-05-06,-0.0021019347294682464,-0.007008043710556567,0.005702652467382796,0.004444302144971468
2011-05-09,-0.0017533392926187387,0.0008560986252605035,-0.004728861747063906,-0.0008659818493712114
2011-05-10,0.001380204504684479,0.003934208522839766,-0.0007205601151736073,0.005536774181906197
2011-05-11,-0.0013837871693036519,0.000790396775138591,-0.0010954217779804544,-0.00041737318698920577
2011-05-12,0.003504493421512889,-0.0017448602001343574,-0.0029019091662600307,-0.005448753799348268
2011-05-13,0.011043098305160395,0.00285999781487376,0.006751072709674124,-0.0030020143737714416
2011-05-16,0.0066112004534385925,0.004832910823857528,0.00499386418363621,0.006608440935957327
2011-05-17,0.014238940015658664,-0.00803807832896799,-0.01730264989075201,-0.0040136733103756355
2011-05-18,-0.0011841816510659298,-0.0016625167374959785,-0.004575358080096658,-0.0018056867105744542
2011-05-19,0.009701038891474912,0.00271691190734793,-0.004055017030052222,0.0059805435552653385
2011-05-20,0.0017461032459818561,0.0020887512756800233,-0.001600246384259929,-0.0001671758628703588
2011-05-23,0.0027396921758731548,0.002058396969604347,-0.010933411815702643,-0.009442252618939698
2011-05-24,-0.004540875837100034,-0.005061141566228633,-0.006557188902920252,-0.007663134655454651
2011-05-25,0.0014376425473322076,-0.00020059853976830402,-0.0001706819844908389,0.0024016576146674113
2011-05-26,0.001135561089543735,0.003032895026946081,-0.00014704409581418583,0.0014142648626245995
2011-05-27,0.0009832109353907544,0.00042091458852051584,0.0026691902946305965,0.007745995274258492
2011-05-31,-0.00141444751114843,-0.001293570543856504,0.007943637782596102,0.0035963805813893357
2011-06-01,0.005052406663994846,-0.00013925239701710894,-0.00420566262414368,-0.00015128377968647353
2011-06-02,0.00020916648735458399,-0.005985211176234451,0.004016311777341142,-0.00028450883706169214
2011-06-03,-0.001416191758285756,-0.004441304288583846,-0.003909163575043029,-0.008062173463764088
2011-06-06,0.01709139466270935,0.01791372408325516,0.00802184902961691,0.022664500195279325
2011-06-07,0.0006983298424865893,-0.006577194837921695,-0.006296806455195614,-0.004222218001463368
2011-06-08,0.0005696560823808426,0.0003362070733531118,0.0014071100039174443,0.00441086512656456
2011-06-09,1.881691631908664e-05,-0.0016515686034382694,0.003620363480308786,0.0012402778820359637
2011-06-10,0.008364901343956576,-0.0009273280193684787,0.007220346857635507,0.009499838271061722
2011-06-13,-0.0014310258321011294,-0.002988548273023772,-0.007236236415040942,-0.010347110054982178
2011-06-14,-0.025182827377328288,-0.0039080495902247495,0.00529100935408864,-0.00937209705163089
2011-06-15,0.004309830982501062,0.001649396267649328,-0.002119462066916,0.0016112050967536833
2011-06-16,-0.0008302097097377505,-0.000994569071107598,-0.007175064375643702,-0.00695970748273334
2011-06-17,0.001065317424264878,0.008952936954865499,0.01278947131333159,0.01283031989514069
2011-06-20,-0.004428949256600356,0.0020502584229765254,0.01046883819619766,0.0029308973281017632
2011-06-21,-0.005318967404288411,0.006323099864931891,0.010008667170036057,-0.0013902317083486105
2011-06-22,-0.007351072763920174,-0.0035464509602903364,0.012486715392972346,-0.0008430126139031546
2011-06-23,0.0031702642622057683,0.002230266088489685,0.0019123043451426012,0.00866805111120102
2011-06-24,-0.005668560335838291,-0.0026787491972004585,0.005771490382628142,0.004660365604789403
2011-06-27,0.009174191247301611,0.0031986631744344244,0.0031986631744344244,0.007317777285441446
2011-06-28,-0.0015804536902810362,-0.0012585071541316938,0.0008432022361301915,-0.0022776231928214397
2011-06-29,-0.0006669200456945745,0.00020092527744868232,-0.0038326773871424358,-0.0018695346408879711
2011-06-30,-0.0013074242935738887,0.0007364911070169011,0.002102333858991656,0.0008095418319650715
2011-07-01,0.001682956011639458,-0.0030044035524100063,0.005833556884297875,0.0046805371697331635
2011-07-05,-0.002456493059603537,0.0007449067917470576,-0.0009881571463306038,-0.0005164346764867313
2011-07-06,-0.0031630265568303177,-0.006853540245822387,0.006054478355937042,0.0032038605224062656
2011-07-07,0.0020814817057494437,0.002616243626690551,-0.007207540002297796,-0.0027120285672976342
2011-07-08,-0.0007684017114707898,0.0010745044989372457,0.0025247759991472215,-0.0004142472306538133
2011-07-11,-0.0007052143422003666,-0.0010645042574338737,0.003111437581193144,-0.0007080672569609425
2011-07-12,0.0032394180143748173,0.004196920907822821,0.004196920907822821,0.004588911163030757
2011-07-13,-0.0045724299460130355,-0.0013082781643823042,-0.004642971978974808,-0.0034895727759758684
2011-07-14,0.005403409077510935,-0.0011665558090238502,-0.002345029816803179,0.0009573833467966345
2011-07-15,-0.003025808584149825,0.0004442169042242485,-0.001099183116233493,-0.001530765153519631
2011-07-19,0.0017831001871248644,0.0005271988330689537,-0.0005855354426526961,0.0007888519478826312
2011-07-20,-0.0011365348811483988,0.0031698112326431715,0.0009637608301763523,0.00146581781442911
2011-07-21,-0.0010886435790872897,0.00250040017144606,-0.0030985609034391848,-0.002924516078273422
2011-07-22,0.004297208579335332,-0.0027504912999087635,-0.00833360665899321,-0.0025929463597792095
2011-07-25,0.003180955300754285,0.0005848068463954578,-0.0031446509623018534,-0.0013153335137612576
2011-07-26,0.0006586408730955284,-0.0008619704656159354,0.0031409118781750675,0.0027012449281403525
2011-07-27,0.0020794383116543363,0.010930083082152754,0.007714251294892427,0.006714328286619756
2011-07-28,-0.0052654360986569065,-0.004716000193344861,0.0016857940573897555,-0.0008488775802051175
2011-07-29,0.005885580387621236,-0.0002197450481280722,0.004720099202030337,0.008671321614032779
2011-08-01,-0.0028260363119563922,-0.0033306291978111744,0.00041575787364007705,-0.0073574858958947815
2011-08-02,0.0011427066822283114,0.0007161415254879565,-0.0010112883574040499,-0.001633699992977957
2011-08-03,-0.0014167415389997775,-0.001542857277598975,-0.00398975338360188,-0.005570704818929961
2011-08-04,0.0003404307959052888,0.0006753099348148605,-0.00042096322000337826,0.0015199995185067538
2011-08-05,-0.0020311816249131585,0.0033822050917509568,-0.002522212880833764,0.0020087060882874493
2011-08-08,0.004443064559429754,-0.0015359645097722694,-0.002730038132300238,0.0038817575493182545
2011-08-09,-0.00920332895909679,0.010204543814669575,0.0028294130994273472,-0.005829403063956301
2011-08-10,0.00026058973887705924,-0.010263059088844817,-0.027614204149120216,-0.03073392432085668
2011-08-11,0.008471538515324496,-0.008950712264134665,-0.014477332035114723,-0.007413010199171777
2011-08-12,0.007351055248845582,-0.01070492364836735,0.00017630235368082392,0.003004205764397954
2011-08-15,-0.0038847973346646464,-0.0028307471334300784,0.00029735969658630824,-0.002692757267090114
2011-08-16,-0.0047444807608549855,-0.001570873086885105,-0.005380395791536152,-0.0040822676226955085
2011-08-17,-0.0007191610492079947,-0.005894619508719078,8.445664600977845e-05,0.0007191421320709454
2011-08-18,0.018105889621240066,-0.008814290305635363,0.009069095934602745,0.015494435279923502
2011-08-19,0.01323360962966593,0.004652001160709807,0.009314415868929449,0.01202289231659016
2011-08-22,0.014628417523985561,-0.001477671201863684,0.008928677212919744,0.009018624208428248
2011-08-23,-0.0003113882418378732,-0.002597530825649663,0.006487237030645798,0.004209343684480058
2011-08-24,0.005471962304164357,-0.009028281442742259,-0.009838887503348336,0.005035305724503392
2011-08-25,-0.02251311949159436,-0.0011594132805313963,-0.017903762676457546,-0.019277589698949608
2011-08-26,-0.011947341417127898,-0.005432553479312929,0.004934858696637279,-0.0032947495812611543
2011-08-29,0.004091386737063107,0.004659860065441789,0.005076802372153777,-0.011949461000603123
2011-08-30,-0.0028215996141620625,-0.003525854385616878,-0.0037451065568166356,-0.000954704681168154
2011-08-31,0.001810149787963944,-0.003424647869235864,-0.000358509875164881,0.002391241360627905
2011-09-01,-0.00547645787540123,0.0007472195164555105,-0.004641866427564057,-0.002917817425603832
2011-09-02,0.0073984920789456066,0.0025171282468599227,0.011063203540710843,0.005512202642318824
2011-09-06,0.01672571796132738,0.007503909428029387,0.012623845074172958,0.015550221999561957
2011-09-07,-0.0011541101125931651,-0.0010481360085410785,-0.006832614247683999,-0.002725621792571705
2011-09-08,0.005322143096485044,-0.00534156750603516,-0.011788958280995198,-0.005177552094440227
2011-09-09,0.010399195065445553,0.0004749747473965948,0.0009490730946974058,0.007989262036058526
2011-09-12,-0.0001955720357571522,0.005045719056534703,0.006269485424355259,0.0007295333951394443
2011-09-13,-0.013532856404436421,0.0070642577864532315,-0.007393496130295251,-0.00938170647007707
2011-09-14,0.008036702037064946,-0.009726434565923148,-0.006633879984190782,-0.007294053761259652
2011-09-15,-0.0033723040901193716,0.004410802202310449,0.0012379592169089017,-0.0011423018100102933
2011-09-16,-0.02050897549862385,0.005470112857395714,0.014921464645100758,-0.004954899602144255
2011-09-20,0.011008021027279801,-0.014026758878535616,0.00707877235355634,0.005299960329578258
2011-09-21,0.0014697724086017994,0.0019247830429676815,-0.001277282358792231,0.0015439042613647797
2011-09-22,0.01056629779099345,-0.0028104495348810323,-0.0006546690962377256,0.00905395616545759
2011-09-26,0.017914033234147777,0.009593665706287148,0.021017216999050726,0.012164421488211133
2011-09-27,-0.008005344088830779,0.012065123945208023,0.012065123945208023,0.011013577633404048
2011-09-28,-0.003965591356726738,0.013601976094046585,0.001485738079196254,0.022222222222222143
2011-09-29,-0.02330444717006368,-0.02059824307939917,-0.020795912801878466,-0.019637888452111455
2011-09-30,0.007615950789406245,-0.004501722302838384,0.003745497382593755,0.006815568137127454
2011-10-03,0.016315851057089326,0.011266484316250925,0.01732458779248298,0.01801621930969957
2011-10-04,0.006371129568097022,0.0015966154593718414,-0.00016346661889485867,0.006310517251449599
2011-10-05,0.012286614947067332,-0.011585744277407307,-0.004576889296889397,-0.0016313452390623318
2011-10-06,0.003222599967645645,0.004497573896163698,0.002139656980845217,0.006844383686489042
2011-10-07,-0.008859436192114867,0.007269090476089146,-0.0007366911926254938,-0.011898804552355518
2011-10-11,-0.006884059577490076,-0.006471547071516115,-0.004722544122204831,-0.004509495727152041
2011-10-12,-0.010149709505902438,-0.00054917155742642,0.005185219945158571,
2011-10-13,-0.006436327255587471,0.004157640443409783,0.01135319561193555,
2011-10-14,-0.0007844631017034811,0.002355712780494335,-0.002164172096533434,-0.00034714339762714156
2011-10-17,-0.004569190451966909,0.0028049107917280216,0.0054586314917008496,-0.00473317284884911
2011-10-18,-0.003444496330081659,0.00371910601451444,0.000875664027354328,-0.0031905470129609407
2011-10-19,0.0025162016956757904,0.0014393379768198765,-0.006981849061284651,-0.000979191491239484
2011-10-20,0.006387667427167299,-0.005147092951643883,0.010058216884694016,0.00626440491025331
2011-10-21,0.000963744618786966,0.003607988089730863,0.00210066090377099,0.01002087898457843
2011-10-24,-0.006557767877987786,0.0009917840533243626,-0.007549682808792047,-0.006710176718641661
2011-10-25,0.0027751957494447145,-0.0036414744553693755,-0.0014807680080464848,
2011-10-26,-0.006155593087295675,0.0016715642691587096,0.004937639665135674,-0.00919394364585746
2011-10-27,-0.026150520195764092,0.0007855574587883,0.025233392458561908,-0.02236256137635273
2011-10-28,-0.0017218394239535194,-0.006649575560567266,-0.006445949193937883,-0.004496562734144245
2011-10-31,-0.0023454032024615933,-0.0013941719846080054,-0.0015135435585061918,
2011-11-01,0.0035337410567704898,-0.0036191633739100174,0.001682673289521053,0.002109842555049838
2011-11-02,0.001244544987449546,0.0066555745126478,0.0034134010361136728,-0.0003045180911170429
2011-11-04,-0.005323766905481841,-0.0021679166560172325,0.005399302964796649,0.010431154381084884
2011-11-07,0.001352475167197964,0.0012955777786447962,0.0019390626439454773,-0.0024919373839614734
2011-11-08,0.011804970709980454,-0.00210577998359751,0.016695145115511956,0.009057820466474586
2011-11-09,0.003147547479230517,-0.0014351262316752325,-0.0006152376308877108,0.0025996635653253624
2011-11-10,0.0006905104260898519,0.0014033446773948468,0.0008300973717262797,-0.0016258481963546882
2011-11-11,0.0019415525441705884,0.0005514034913521426,-0.0037594965791318824,-0.001617114406197342
2011-11-14,-0.001193779213884727,-0.0005151008956578718,0.002738332408474364,0.00017533086743034553
2011-11-15,-0.0013307203557765491,1.5224010439318642e-05,0.0005995151825910262,-0.0038716669473516556
2011-11-16,0.0024825286346866317,0.004082513762814943,-0.0030017917842775745,-8.654743942448917e-05
2011-11-17,-0.008681144724111124,0.003989462846948477,0.006886397456665305,-0.0052124230499486415
2011-11-18,0.006235311311156244,-0.002109847444033397,-0.002625799631067771,0.0044355148348748765
2011-11-21,-0.0008200101233428732,-0.008291919621638177,0.007625575863599909,0.006695809014716299
2011-11-22,-0.00325777912984857,0.001095324428696553,0.013659486685751964,0.00526968759295395
2011-11-25,-0.00885374108982111,-0.003569812467897138,0.005076024209796492,-0.007909484456820126
2011-11-28,0.0071780280532154125,-0.0015378784411365755,-0.014765211776013554,-0.009193156359683574
2011-11-29,-0.0069029173830114305,0.0030628043007071342,0.004583290024887443,-0.0052245511748213735
2011-11-30,-0.0024989139940820417,0.0033654063111527854,0.0015622337610062377,-0.002970297029702973
2011-12-01,-0.0005001942099928991,0.0028490091634999714,0.017144791339751553,0.015660510493830954
2011-12-02,0.0005955488632588101,-0.0016897037708104579,-0.0004495498964745215,-0.00034672299702620166
2011-12-05,-0.004142897057566608,-0.0005729745399995156,-0.0012919596125970268,-0.0024310086334548777
2011-12-06,0.011324147650627258,0.002012967768261587,0.0031604951012452536,0.00776592994030888
2011-12-07,-0.003859004673832378,-0.001774025518104039,0.003651465594373193,-0.0006833058887285581
2011-12-08,0.001989066860346633,0.0002945422789925045,0.0023251728367447155,0.00230861965039178
2011-12-09,-0.009649975572686254,0.005578360209062638,0.003753086478711043,-0.006618906736107743
2011-12-12,-0.0011770561663253076,0.000664572061574331,-0.003074111281255809,-0.00023809523809520394
2011-12-13,-0.0039041203745109774,0.0028980847417554583,0.0005849546170888951,0.0023041474654377594
2011-12-14,-0.000992931452565804,0.0009815629005021532,0.0019498692516088934,0.0
2011-12-15,-0.001885441786383368,0.004973725449903399,0.006044463134244138,0.0013693845089035594
2011-12-16,0.008865673786180662,-0.009596615514292962,0.014554916701122876,0.020451487759789434
2011-12-19,-0.0038008089401928347,0.00019340988986884513,-0.007105611099787846,-0.0031240526753695715
2011-12-20,0.006322557658994299,-0.0039043567599179596,-0.0037222182181227527,0.0017707499647655724
2011-12-21,0.0017260474750203647,0.004397871511778862,0.006168649610635901,0.002440558522986075
2011-12-22,-0.0035596956480741905,-0.006785188441869261,0.002618406885864011,-8.261441547877113e-05
2011-12-27,-0.0027273747837390557,-0.003251938817460154,-0.0005382203467103831,-0.001195774562057376
2011-12-28,-0.002786727209870543,0.0021660112934009934,0.00294456107199097,0.0019163300068867721
2011-12-29,-0.0007378191784527478,0.0015759139598293893,-0.002093650528261093,-0.00037830681909620245
2011-12-30,-0.007356080961580181,-0.005496725451418038,-0.0004884495742994099,-0.006091503242692964
2012-01-04,-0.007935176795103693,0.008949675946109358,0.005655642505063652,-0.006238916480769852
2012-01-05,0.0011441054239482492,0.005209076586497075,-0.00021340716534723513,-0.00041171996507431956
2012-01-06,0.0007190819183766854,0.006903829868594636,0.00447353653033069,0.01078748252778818
2012-01-10,-0.012442590650340101,0.013038817821607162,-0.011450664858528282,-0.011500542861185025
2012-01-11,-0.00106392780933553,0.0010190476771106739,0.001314755576993254,-0.0007838059621480489
2012-01-12,0.004100826635633981,-0.0017069576032700878,-0.004384432531199866,0.0003292322629684418
2012-01-13,0.0005680868684432962,-0.008239694891667492,0.007869548260723124,0.007846036729536343
2012-01-17,-0.00609654118046854,0.005714456153096159,-0.0008884563732355798,-0.0035276527034653156
2012-01-18,0.005188837189645091,0.011846342688359712,-0.009679808173870263,-0.007972601991443173
2012-01-19,-0.004001039607788281,0.0011658657265098738,0.0029475023468785947,0.0019418659758648315
2012-01-20,-0.01137190208724952,-0.008432677879909844,0.00852960885112546,0.006097504431688522
2012-01-23,-0.007084411398137402,0.005408176652748708,0.0018855010575580923,-0.005819345468535926
2012-01-24,-0.003342695266248641,-0.0008145676185812966,8.946511093228522e-05,-0.007743656502176517
2012-01-25,0.008220583734307141,-0.003795276225878341,0.005025947376411332,0.005266106111341136
2012-01-26,-0.007230489881194169,-0.0016706140089259194,0.0030257593232466016,-0.008822125671134199
2012-01-27,-0.001715448168368372,-0.0022626313304382694,-0.0017062024911821184,0.0012315270935960299
2012-01-30,0.00042017786326842277,0.0012864774360285213,-0.004082878000635115,0.0017460543720680928
2012-01-31,0.004033855854555202,-0.007147311031766757,-0.0016556838268434017,0.0011821267999348496
2012-02-01,0.005735411973018856,-0.001592031487325074,-0.005536946610374982,-0.0009657741874621817
2012-02-02,0.01138702200742443,-0.0013438189961877845,-0.008133129354560498,0.0033034449754610396
2012-02-03,-0.0001677055215039136,-0.0014465378561181463,-0.0030540706786233328,-0.00015814563071688253
2012-02-06,-1.0201382458863129e-05,-0.007429728372088329,-0.006393633037878055,-0.0007323682403362675
2012-02-07,-0.004845581054402049,0.007832850418313853,-0.005490265695919238,-0.003934925293057845
2012-02-08,0.009716425981800093,0.007777074022026787,-0.004351029772416593,0.001413363414419877
2012-02-09,-0.0027610519943448205,-0.012458563089036612,-0.004046574953509419,0.002649708210236723
2012-02-10,-0.00878349199601931,-0.01292322041198184,-0.007172312321218644,-0.0069172709698888555
2012-02-13,0.00036082466570561676,0.0007589317334166564,-0.004935414180194031,-0.002360778883558586
2012-02-14,0.0032963807476909853,-0.012578663397730127,-0.0072542696673225,-0.002055093384001435
2012-02-15,0.009169253353405484,0.012944837032066437,-0.004973007926050642,-0.00546059369997598
2012-02-16,-0.0033898170572860486,-0.002586841247577687,-0.0007634529716743054,-0.00683846743577643
2012-02-17,-0.009567077076318941,0.00978597351121957,0.0030906632061312054,-0.00157493807012829
2012-02-21,-0.011786637951265687,0.010217860056574324,-0.003954999372803458,-0.006092505115195886
2012-02-22,0.0010966257800437479,-0.006203459210714657,0.00836648760768588,0.000700232929643419
2012-02-23,0.008058371201250391,0.006576108333677699,-0.0033078855130992623,0.004148806731049309
2012-02-24,0.012377555562923614,-0.00018112459379311403,-0.00889057288140278,0.005157726411933091
2012-02-27,-0.010880067195006138,-0.009498991359282848,0.00610385609208508,-0.00729754766750601
2012-02-28,0.006477257586585794,0.009017003152228687,-0.0008443213102784955,0.00981952800042655
2012-02-29,0.002411059232865509,0.003217130492285647,0.0025873500700080545,0.0008719147620823708
2012-03-01,-0.015873021674223487,-0.005692411741912928,0.010943797253052723,-0.002472767651662617
2012-03-02,0.0023980065835468743,-0.001137635717185881,-0.005348979663935971,-0.0068019337970990305
2012-03-05,-0.005165736236980156,-0.0010129701287662886,0.0032838804622379093,-0.002647361900862251
2012-03-06,-0.008551102985078708,-0.010088837109290183,0.009749139852003208,0.004380995403876579
2012-03-07,0.002853641813616736,-0.000724351074436802,-0.0005412573106437172,-0.0013912566602484414
2012-03-08,0.016438793566697505,1.5116444011531449e-05,0.0038544623256273614,0.008820265230916382
2012-03-09,0.007071283095581205,-0.004839694828370567,-0.010223286802020804,-0.0024603742832401227
2012-03-12,-0.012310126233306674,0.0013213938897212573,0.00561885174285306,0.00042773589382105737
2012-03-13,0.0004896751134289667,0.003207580658485831,0.0022467021409841026,0.002445922010277527
2012-03-14,0.004319668901620743,2.803178452404076e-05,0.0034718138460007267,0.003073622109233043
2012-03-15,-0.0026910389741766406,1.8803876285122985e-05,-0.0016112872770220887,-0.004038493273294033
2012-03-16,0.003701105670447702,-8.838131402304493e-05,0.0038529622001152175,0.0036927306528133953
2012-03-19,-0.00018926757246355834,0.003799410741235687,0.005564761008820862,0.004159115517955196
2012-03-21,-0.016137665518494316,-0.011418665697514107,-0.00626138916968586,-0.012046856148780278
2012-03-22,-0.007270634988986257,-0.0027823971486507612,0.0035003506603461304,-0.009814409118493331
2012-03-23,-0.0028029075226063682,0.0004719702201700926,0.0025808166761714046,-0.002215235443767005
2012-03-26,-0.003030523073143665,0.006188880104478822,0.0028532639215622215,-0.0019076812185655964
2012-03-27,0.006513357373686857,-0.004578848336364328,-0.001210694761424858,0.009320810513800404
2012-03-28,0.004237271634800211,0.000520396542934587,0.0007716007378006928,0.00987402513434793
2012-03-29,-0.002858809815794272,0.007894223853004024,-0.00779920087872199,-0.005942655603464882
2012-03-30,-0.00039659275592640597,0.0003001562380767096,-0.00034054406453563066,-0.0011072147784823572
2012-04-02,0.00418458659209271,-0.001917720766508335,-0.0013185116056658951,
2012-04-03,-0.012007906521335253,0.008061739561926108,0.0024223571100081332,-0.011065592223958273
2012-04-04,-0.005918234255299269,-0.0002441631059242784,0.009847500264798458,
2012-04-05,-0.0036703102421211885,0.003053527815167323,0.009189992626396259,
2012-04-09,0.005540375139418718,0.0015363647992597375,0.010163624651346348,
2012-04-10,0.00025124762528241354,0.0018610884670358092,-0.00410470899447406,0.0008264261828240582
2012-04-11,0.003819537353360869,-0.0014131173197290848,0.008221837045928182,0.003248521599046498
2012-04-12,0.0008866751943894747,0.0027813437081602556,0.002229632368782375,0.0
2012-04-13,0.001051508863517969,-0.00347794738011662,-0.0032539885620886276,-0.003513712419864326
2012-04-16,-0.007605465012181756,0.010377774240968373,0.01291618287557592,
2012-04-17,-0.0038031528285302095,0.0029790439683508255,0.004366904115817593,-0.0021687425704749923
2012-04-18,0.0019437650349853454,0.00443247792083914,0.0046393645909557964,0.0035326866775464614
2012-04-19,0.0026347115195386682,-0.0013259034422494762,-0.0023595958571417165,-0.0018181997261866496
2012-04-20,-0.000137277033562388,-0.003542865042376508,-0.0017151545573639514,0.0011068344480768637
2012-04-23,0.003305712990362531,0.000581049137107526,-4.8871900917912565e-05,0.005216727216823758
2012-04-24,-0.007182644237205493,-0.005970786640515091,-0.004481132346817152,-0.006045024073981375
2012-04-25,0.0010371116467385645,-0.003400012625710769,-0.0036184917739664705,-0.0004968295073242257
2012-04-26,0.005322112484431396,0.0023582751900843584,0.002240628131260825,0.006570075556405273
2012-04-27,0.01085582585642315,-0.004234923593735762,-0.0006549455911354584,0.007463247742651909
2012-05-01,-0.006150750575270347,0.008195927308709307,0.010218283684538164,0.00867930781824509
2012-05-02,0.000850369503585613,0.0004320907250741302,-0.0034153761129280587,-0.0007071895200726671
2012-05-07,-0.009044444996940392,-0.007776059841887627,0.013385457183273886,0.003780492926335515
2012-05-08,0.00016077612711424823,-0.007460625254545028,-0.003577172381636973,0.00022917363451657735
2012-05-09,0.012116025684927489,0.004617553794412598,-0.007049087403956599,0.008976671719844453
2012-05-10,-0.006954549792085696,0.0055592983463602415,-0.0049035144090073595,-0.01081744430712859
2012-05-11,0.006404778035137836,0.0031218980016926466,0.0017807512559994123,0.0023381385632381705
2012-05-14,-0.008687607650094641,0.005130061259331308,0.006708950585062246,-0.004087498773545395
2012-05-15,0.006277213278996196,0.001874954864408562,0.007914615696858607,0.011805628900244985
2012-05-16,0.01140111061904725,-0.007677775132682995,-0.011492538679483211,-0.003369268500471997
2012-05-17,-0.012053791291345916,-0.00882814298508583,-0.01156549056364251,-0.014184715613205657
2012-05-18,0.003164626802524206,0.0011683407159231336,-0.005958796589864845,-0.003559253790534363
2012-05-21,-0.0068785698921512315,0.004470210043390122,0.0014572961126142923,-0.0055985380455848555
2012-05-22,0.0038172039962895087,0.008438733740679428,0.007692608649982846,0.010975273874795133
2012-05-23,0.007028632787704403,0.004623760157518464,0.010924102824616378,0.00830254009596994
2012-05-24,-0.0036748888743654675,-0.008568253511567248,-0.005725594469621908,-0.013311203449807796
2012-05-25,0.005464669740221261,0.008582646717047605,0.012879199285687037,0.007811496252826426
2012-05-29,-0.012191042657306972,-0.007889125311262114,-0.010776404449016863,-0.008874754885318433
2012-05-30,0.0002838655629341601,-0.004429030420077917,-0.00905419384109718,-0.00796326063802468
2012-05-31,0.0012733349648665683,-0.0006614408933527834,0.0009674091469508372,0.0017869787575473862
2012-06-01,0.01427500121438936,0.013166263230571261,0.010580087674000227,0.011158915937143419
2012-06-04,0.018856086811811855,0.0013606432270564016,-0.01825617302928717,-0.009736619414145461
2012-06-05,-0.018811632035836558,-0.015671536729700432,-0.011211726996552129,-0.016409430917314435
2012-06-06,-0.009737515503233828,0.007787702251697225,0.01747036941053768,0.01703802012546148
2012-06-07,0.00040682982153696914,-0.00036492673328147873,-0.004378990708767106,-0.005983385949385361
2012-06-08,0.01054527717062581,0.011295459053825785,0.01259371305004968,0.01226712236526315
2012-06-11,-0.006688644653112119,0.0013926194248538248,-0.0036008307448107905,-0.0053275932039520656
2012-06-12,0.00019512577768951992,-0.00215351610025678,-0.008386088476796272,-0.004602197381255879
2012-06-13,0.0007305615574831892,-0.0037415429318983897,-0.003424687477305066,-0.00245771689012364
2012-06-14,0.002432134994994306,-0.0028064330739893564,-0.0021816500125522833,0.00020384126538184333
2012-06-15,0.002295032517403528,0.0009562972815479133,0.008969539269786919,0.003732687573334207
2012-06-18,-0.004457240340250546,0.0031896079393845867,0.004021388340176535,5.393263884427105e-05
2012-06-19,0.000738467471714821,0.0026300094840553175,-0.0036945362393015825,-0.0012379213046567888
2012-06-20,-0.002736745023442588,-0.0024202039483379734,0.00024669685828415666,0.011682572764321386
2012-06-21,-0.0008346548374994268,-0.0035008716421627284,-0.00022275810731975376,-0.0036282217301633057
2012-06-22,0.0012292493746624005,-0.0016621383397823703,-0.00016428758741135994,0.0007866223445087807
2012-06-25,0.0034613143262374633,-0.0016106235839462137,-0.0036668545538730115,-0.006575089689795329
2012-06-26,0.0016954040884175738,-0.002052920495110611,0.00619734723027201,0.004791930303390641
2012-06-27,-0.0007797464968533508,0.0001459155855834558,-0.00030571227662667955,0.00033770759500189023
2012-06-28,0.0010161938005569752,-0.0014601501247954564,-0.001728498433874215,-0.0020508176335427937
2012-06-29,-0.013199020048362441,-0.006377732651956957,-0.004852713924034546,-0.00814805399170306
2012-07-02,0.005199605118968331,0.002023443957769477,-0.0041987107464747314,-0.0032072671338956027
2012-07-03,0.004015315667177588,0.0009504116206633388,1.0549772368095584e-05,0.002197089207946489
2012-07-05,0.002006857488287794,0.0013760455816990143,0.0011253267573102517,0.003297284290861994
2012-07-06,0.003788838403564809,-0.002179236817935792,-0.004674344450029721,-0.001243231406274849
2012-07-09,0.006768461520549796,-0.003226390012862135,0.009384912433710535,0.005456856170628673
2012-07-10,0.0014191539156796834,-0.008957784684419367,-0.003344257664062455,-0.006625454117802873
2012-07-11,0.006975812101021362,0.0011184928076651388,0.0011306588963394537,0.0033029994759135334
2012-07-12,0.012246670863158582,0.013597749659399593,-0.010386504497859895,0.008941133882870007
2012-07-13,0.006972599334556628,-0.00308363467304853,-0.008410224700042001,-0.0013230936605152584
2012-07-17,0.03196054561874986,0.0031025448032200083,0.0064388070352113125,0.027495004438560056
2012-07-18,0.007415935515635042,0.00022427243722107377,0.006199060512850418,0.010487035861803367
2012-07-19,-0.006789846373557862,-0.0028119231723060965,0.0019935310966207485,-0.005426413296784134
2012-07-20,0.013313366746076638,0.0008797209747468445,-0.001048299282809896,0.018330017280829815
2012-07-23,0.01608559360627322,-0.010091909337614592,-0.006432501635582155,0.003989124824366752
2012-07-24,-0.0004339694108298044,-0.003369724217257008,0.003712447310268652,0.0037956338203353757
2012-07-25,0.02134884218543054,0.0011745346575952938,-0.011879480065547465,0.011753844019130896
2012-07-26,-0.007187568165098001,-0.0021885036043308936,0.014133927352368049,0.011980504877960024
2012-07-27,0.0008108401702810131,0.0006638468596528834,-0.007020633787922259,-0.002064375986497524
2012-07-30,0.02440468698204199,0.018555822371071784,0.006215917773944879,0.012632549902664058
2012-07-31,-0.014123473065069092,0.0019764806436213256,0.002939232175142515,-0.006339611350839042
2012-08-01,0.0067914605009383065,0.000654581501596696,0.0016609033030342557,0.010950618398483325
2012-08-02,-0.003969147394133699,0.0023281420706195988,0.0009180804563302166,0.007256361818574142
2012-08-03,-0.0016381170895882978,0.0011298715754239242,0.0016439374216555393,0.0003632698480171467
2012-08-06,-0.005550732123441415,-0.0014148987164030124,-0.003939761366568018,-0.003774321328348977
2012-08-07,-0.014659795344466842,-0.0021513897104128875,-0.006841223701144194,-0.017367218732153078
2012-08-08,-0.003852664122104854,-0.0021162865898876277,-0.0030458742333325573,-0.003357335792317525
2012-08-09,-0.0031623265760859056,-0.002358357709241932,-0.0032768599548633976,-0.0039005885354846345
2012-08-10,-0.00013055125406367116,-0.003290285225081635,-0.0008756058293504011,0.00038063262916893104
2012-08-13,0.0002745291460127582,-0.0035233029441366524,0.002569104470854233,0.0006775482806862297
2012-08-14,0.0011857212053649978,0.0006841488944732799,-0.011502182224818734,-0.0029217036035021904
2012-08-15,0.005607195027373301,-0.005301542779096957,-0.004686095034451077,-0.001966188821958333
2012-08-16,0.004139762412038972,-0.0027334846055231394,0.004549140447462751,0.0019749653596974337
2012-08-17,-0.004132124467125121,-0.003500949082042593,0.006504331455294854,-0.004646409254443762
2012-08-20,0.002350940204547381,0.0006082471413483281,-0.004755759992212472,-0.0037553561322660745
2012-08-21,0.0012084319922553767,-0.0013716048544382352,-0.005176113491407031,-0.002146595055384341
2012-08-22,-0.003460464444738975,0.004593485542833408,-0.0001489608962700784,0.0016447368421054764
2012-08-23,0.0013021015718438717,-0.0006387671845427879,0.0018333231946344956,0.0056772853728301875
2012-08-24,-0.003377073056623048,0.003756219976054331,-0.004532395217062857,-0.006072426110117107
2012-08-27,-6.99480870605786e-05,-0.0004600932391322092,0.00018809938693689111,-0.0013710998888830756
2012-08-28,0.013605515897054167,0.004098845711649134,0.00048398630004951176,0.0055055796135567575
2012-08-29,-0.005364304835826039,-0.0006864634122411674,-0.0018294663162978118,-0.0022407255557715276
2012-08-30,0.002975385470060887,-0.0005216817784589266,0.0005652221959124846,0.002270759378567788
2012-08-31,0.004355633640118639,0.001653090799246693,0.008636811298994563,0.007501264528431901
2012-09-04,-0.003128130289732689,-0.0004107031263352219,0.0014771090129577008,0.0073295264128352775
2012-09-05,0.013330466618056768,-0.008121654796948864,0.008140848996869643,0.013458356395743998
2012-09-06,0.007951021958084415,-0.0012235120343107699,0.002805621691627591,0.013617194409406619
2012-09-07,-0.005238394242282052,-0.0016911455391265709,0.002711161860264721,-0.006431266657447486
2012-09-10,0.001097643394433323,-0.0013923763944452714,0.003852017504442062,0.0006654525077051665
2012-09-11,0.0019647382941536894,0.002288556476310455,0.0012036623791898296,0.0027157779529229957
2012-09-12,0.0028476764446110805,-0.0020177587406401635,0.003439221805247694,0.008378343300279645
2012-09-13,-0.00788403624604548,-0.0023329150294245206,-0.002305931640464865,-0.0076738862257106355
2012-09-14,-0.005595364146559522,0.009408051144943851,-0.015975997723744383,-0.011578249854840801
2012-09-18,-0.005473390721455473,-0.0011358404923590415,0.00045684108203405396,-0.009418869080793943
2012-09-19,-0.0030330818054880686,-0.009087898915717174,-0.011980295143225274,-0.008679969566936807
2012-09-20,0.008505823905738352,-0.011742980499806622,0.0002474146160971191,0.008164011802655902
2012-09-21,-0.0029909973913603504,0.009765586764420475,0.011158540531733175,0.004330501353622144
2012-09-24,-0.0013277795128062264,0.0021773268779242904,0.004555564517450095,0.0016276261729437228
2012-09-25,0.0018969518666811071,-0.008397042051592595,-0.0036001410393518007,-0.0007349059931549586
2012-09-26,0.0002041311630454957,0.002489458634019659,0.0038399862680157607,0.004678412982208287
2012-09-27,-0.0012223662912017813,-0.0013023856824203152,0.0020562189758467353,-0.0014610479396358327
2012-09-28,0.007678911530314593,-0.00041908320708838875,-0.004268149423909873,-0.004853296702789592
2012-10-01,-0.0010956037316067091,-0.009712416315365568,0.00595373157753234,0.0033970063399554077
2012-10-02,0.0008014992524661757,-0.0026227671185250047,0.0007207450933369272,0.0038271831993139495
2012-10-03,0.005183256713544804,-0.0016724119974722339,-0.0006921963955836439,0.0052338998350919
2012-10-04,0.007407032727745077,-0.007495142689965562,-0.0028355056059895744,0.0024514968394298113
2012-10-05,-0.0015073148715133654,0.001694145285553894,-0.0008080642970975439,-0.0021985715058015685
2012-10-09,0.009524104834401869,-0.0034461326779026353,-0.0010566763613350846,0.006576016787474855
2012-10-10,0.0018633406567178934,-0.00046497958215558906,0.0027021951274901704,0.0020916200546730267
2012-10-11,-0.0005652997942372727,-0.0030569748397816458,-0.0015469486284338972,-0.0008799705909615929
2012-10-12,0.0031180027437376578,-0.0005889168742695622,0.0015484300944260232,0.0017398063620522133
2012-10-15,-0.005746969048381989,-0.0034702600736779225,-0.008815295689298041,-0.012035050083837177
2012-10-16,-0.0009385456948699075,-0.003901324889730962,0.0010818004221671673,-0.0019507220719350773
2012-10-17,0.0031172030362265346,-0.0033002554798713395,-0.0017101451069912342,0.0009920216204966801
2012-10-18,0.00035096494763291446,0.01196419493572709,-0.00498432798549664,-0.0078091630017246925
2012-10-19,0.001970421330193517,-0.008641855105598562,-0.002500877411038904,-0.007443175980797338
2012-10-22,0.0036422674709564173,0.0014945345780942535,0.010152037331348418,0.01038168694401038
2012-10-23,-0.0077961312504343915,0.00809586086056735,0.005555578508765558,0.0006309724444168649
2012-10-24,0.009396566768251336,0.011440209533680877,-0.007107884951273812,-0.0030487804878048252
2012-10-25,-0.006422538346329021,-0.004519749852997279,0.0067427371989411625,0.002201257861635303
2012-10-26,-0.009389792949199172,-0.0061724844532791145,-0.00029596273547709533,-0.003379345346532564
2012-10-31,0.005989285894862029,-0.005000601802673321,0.0016306811813669333,0.004367667795106178
2012-11-01,0.0003982112085809675,-0.005366662997891746,0.003974551628982258,0.00276057254427442
2012-11-02,-0.00025114969003672263,-0.00016169032896382605,0.0018689364097793427,0.002518255593927038
2012-11-05,0.0010679677264808561,0.0010842729396878692,-0.004218984139539072,-0.0009413066352649824
2012-11-06,-0.011405551015709881,-0.0031465470697541686,-0.009850522910750103,-0.012036543929830118
2012-11-07,-0.007764145298937853,0.007019305812318066,-0.0039005594877518754,-0.005784696883062268
2012-11-08,-0.004565699533358081,-0.0035008992445138,-0.0012577234978302875,-0.00402462930811881
2012-11-09,0.001515571367981372,0.0027963541431117456,0.0031495370320454353,0.0002266656810407015
2012-11-12,-0.0009507416747662756,-0.0023261595899325862,-0.0042713898866871165,7.354724958091863e-05
2012-11-13,-0.006233625914889185,0.00016204962848556138,-0.003882319725961336,-0.004191463885396382
2012-11-14,0.008465899497855455,0.005085105279238467,0.0013641433179198748,0.004240994057006656
2012-11-15,0.000173563907393693,-0.007083002635497061,-0.011012160087162881,-0.006130431667704062
2012-11-16,0.0035609210158691566,0.003119325595378375,0.008685607372311211,0.003900686056538719
2012-11-19,-0.0025188162519500954,0.00458023864021111,0.001843723623964122,0.003644510735540729
2012-11-20,-0.007562218134435429,-0.004070949637788224,-0.004833834911576695,-0.0063710953017646205
2012-11-21,-0.0016948629395461042,-0.0017148345952817,0.002584506613968118,-0.005332344067809525
2012-11-26,-0.004627697395112307,0.007305122726305502,-0.007880090699066322,-0.005925984998301441
2012-11-27,9.805287766406767e-05,-0.003824437553311544,-0.0032329370827476112,-0.0013807669197773709
2012-11-28,-0.003957709437177348,0.0022492258048222077,0.0028163058204660582,-0.004991729577920906
2012-11-29,0.00018643787145606878,0.0021540414973998836,0.0012332428036478716,-1.741371343485132e-05
2012-11-30,0.0010609662396664054,0.0043770774757966755,0.0065598949168086396,0.004795558892694045
2012-12-03,-0.001397979507426528,-0.007555630858718687,-0.004688595462418888,-0.009115377885389723
2012-12-04,0.0012990685243811084,0.0008429487618896613,-0.000511538509660281,-0.0027873549456000624
2012-12-05,0.003026879106000302,0.006160722722895961,0.002327037040289315,0.0020991069111631878
2012-12-06,0.0008089207794055309,0.002107085193932523,0.0020924309926491306,0.006458615913272865
2012-12-07,0.008442830681992851,0.005530338940995149,-0.0044476169212434025,0.002390099601833303
2012-12-10,-0.01088471795557493,-0.002902733190244855,-0.0008579196588667237,-0.011615562181392739
2012-12-11,-0.0011822055738252234,0.005032658662528044,-0.0026671990127301814,-0.0011923688394276377
2012-12-12,0.004355723793802513,-0.0002323922452799554,0.0013288817581337043,0.004145046138446758
2012-12-13,0.001787282995547379,0.005831772480198882,0.006667575588543473,0.004169415239312968
2012-12-14,0.009003908845327957,-0.004483628857445687,0.0014631657073572724,0.004928883435136973
2012-12-17,0.01807408123445291,-0.012835094609600306,-0.017082980253699233,0.005903751201543001
2012-12-18,0.004058126294148745,-0.009490771893334204,-0.017628323826997264,-0.012384767560585467
2012-12-19,0.004601494419745621,-0.005715010916474395,0.008912680496274384,0.01586880893974346
2012-12-20,0.010480919337968863,0.00016708511771386034,0.00018124773054142233,0.0031395430239993805
2012-12-21,-0.011112722960555255,0.002360865307724392,-0.012080304225228277,-0.015647279615667687
2012-12-26,0.004289409290302059,0.00275077533474124,0.005223185387107554,0.008110476383976634
2012-12-27,0.0009102568664069778,-0.00200957731695488,-0.0018974154616722583,0.000692161926064853
2012-12-28,0.00038579324841359064,0.0007047579568508098,-0.006677805201941922,-0.007950230460741095
2013-01-04,0.01796569000683639,0.0016808061142934427,0.001469517690653799,0.006608772922273068
2013-01-07,-0.022793164149801835,0.0008181185793121552,0.015352328041491737,-0.018385569000854994
2013-01-08,-0.015337545953805853,-0.012129035911294838,-0.010051802196853199,-0.014750713294410253
2013-01-09,0.029230987528561327,0.011174669128692248,-0.006982474801600792,0.028090952731693847
2013-01-10,0.001058904649660275,0.004241498574850655,0.003716921485518077,-0.006007434856345362
2013-01-11,-0.017809622909943968,0.014846432218516448,-0.0034637188674072395,-0.011794552896521537
2013-01-15,-0.008702117696288236,0.005645482404723179,0.005643042392154074,-0.002030869731247683
2013-01-16,-0.016480307068284558,0.003049014132524697,0.012532272917712039,-0.002479906693373335
2013-01-17,-0.013137966292651515,-0.005329934817736936,-0.00938002860485203,-0.01255048946712131
2013-01-18,0.011667982299083102,-0.004449880728877287,0.003285181171092777,0.008778436588210333
2013-01-22,-0.00769883571007055,-0.0025861510314998835,-0.001111197698200961,-0.0018834703838680653
2013-01-23,-0.006247199016477878,0.0016480973158635283,-0.003211997516171605,-0.00222516398355605
2013-01-24,0.018699702191650937,0.00869973800068118,0.010617364686332897,0.021621973427007998
2013-01-25,-0.006430623978747985,0.006672963480517424,0.0018023435428684786,-0.0029826673062771647
2013-01-28,-0.008410129094281849,-0.00034398074286801084,0.0001645858335167505,-0.006037267847550709
2013-01-29,0.004013972328334691,-0.0036689240257443013,0.004614742379642123,0.010869311760324074
2013-01-30,0.004032866477270858,-0.007734895617562865,-0.003226846215195778,-0.00108730100510801
2013-01-31,0.01835945625503226,0.00553878749201755,-0.008445585217406371,-0.000991966079642581
2013-02-01,-0.0009550402720569728,-3.0161598843636474e-05,0.003531438761554684,-0.015287657409132405
2013-02-04,0.01979735917477452,-0.010646848632128881,0.007781071251642247,0.015217185219350126
2013-02-05,8.942778249498872e-06,-0.005645448526440422,-0.0016910992968589998,-0.0042090426370561315
2013-02-06,0.004068648706820311,0.0035146501185614916,-0.00496059681310621,0.004518339344113054
2013-02-07,0.0061292915679096675,0.00604943554831483,-0.006703943607745733,-0.008954563977744523
2013-02-08,-0.013208217251687016,0.008811864414575467,0.013176625602468971,0.008949925832802852
2013-02-12,-0.007203232332037857,0.0030532444908456303,-0.005633831291865544,-0.0074425435882504425
2013-02-13,-0.011365779658723407,-0.011365779658723407,-0.004407022551881989,-0.006478652196916652
2013-02-14,-0.0055604673310953425,-0.0013280395443312054,-0.007035385090543511,-0.008169885439873714
2013-02-15,-0.013655641383016249,-0.0049421906914524525,-0.012762849189045689,-0.005360894199573541
2013-02-19,-0.0014616128846131502,0.005259864424515715,0.0016899107974423177,0.0031561847054824566
2013-02-20,-0.01140553604090546,0.007351632454984069,0.00739043349283881,-0.0006559939164020496
2013-02-21,-0.0061807011393719465,-0.0010354514856818937,0.002162854753940002,0.008010554853435603
2013-02-22,0.010211104033808115,0.00531592424581675,0.0007140739541559248,0.01269595021966935
2013-02-25,-0.0023625049934433485,-0.005991058992802011,-0.003842148073515972,-0.0001035282830024769
2013-02-26,0.00671591991256395,0.011436019171069022,0.00034127271588684296,0.023944291727893585
2013-02-27,-0.011627220982944574,0.00405628902817865,-0.009129239139898316,-0.011460662723746351
2013-02-28,0.004970283505377404,-0.001985617348338709,-0.0013880034024633236,0.0013309474320204904
2013-03-01,0.015001708654741354,0.008523575033883568,3.4938205480306364e-05,0.013639482803871245
2013-03-04,0.0011765978719325831,0.010173594545949993,0.016445290980521342,0.018739011516093307
2013-03-05,-0.015596668450184838,0.016801803531448334,0.001733895890919701,-0.00087266498135168
2013-03-06,0.0004577315900403001,0.0022157946235096928,-0.005011071400469391,-0.003065474606198959
2013-03-07,-0.006034124200483971,-0.006483107541004451,-0.0068168976307897205,-0.007559859414797393
2013-03-08,0.0044915956580066085,0.01989931643888254,0.011931655815316078,0.01458215507079259
2013-03-11,0.009740510168114301,0.005998789175483155,0.013513830275095739,0.009720741922912241
2013-03-12,-0.014853490833439786,-0.005833230273168887,-0.007577530343567007,-0.010056835139411514
2013-03-13,0.006276807721194544,0.0013560475221398248,0.0007553708161736282,0.008240542969590129
2013-03-14,0.0022519862844779803,0.004678369384742598,0.011004805003126839,0.019195703636361437
2013-03-15,-0.008938606203474952,0.004069550286731172,-0.004813454716926292,-0.009245228271617412
2013-03-18,-0.00011141008809931706,-0.0013611817333564862,-0.001817676745284191,-0.002006372838111653
2013-03-19,0.0001624126019339478,-0.013285828977910351,-0.005960861181046995,-0.007455887848926096
2013-03-21,-0.010610566749389407,0.0008280110908586158,0.0028045963292687047,-0.011149067437209947
2013-03-22,-0.0014498213052290378,0.001654148771808672,0.003249089929532146,0.0016331111549187372
2013-03-25,0.00013643364526552118,0.002559306844371978,0.002111649814435368,0.0014236157077645363
2013-03-26,0.0019370991172507515,-0.00241940835618748,0.00897649222225283,0.010630759125943212
2013-03-27,-0.0062403072125497994,-0.004591949161566534,0.004143514105208945,-0.0021084922407621164
2013-03-28,-0.005693760134075054,-0.002471841113447249,0.006791207078083228,0.0011219503380481138
2013-04-01,-0.016223606473706728,0.0028067069907604866,-0.0016706465187597656,-0.00980691963237083
2013-04-02,0.03848969921482628,0.022056567050061295,-0.003335512130430973,0.03239681166022188
2013-04-03,0.0025829651381009,0.015833025109049603,0.016347937563049843,0.015811670648792086
2013-04-04,0.022510971143318632,0.008674654798864666,0.009789245961926516,0.018064980836148825
2013-04-05,0.0453293434253651,-0.021655621528316817,0.010065632824436267,0.03587472515453469
2013-04-08,0.0005077851666937423,-0.004781541155980929,-0.022309065075391366,-0.0025263874487011324
2013-04-09,-0.024252176296662452,-0.013321088639517642,0.000962186645990082,-0.016816391066579468
2013-04-10,-0.009553648681839631,0.0017322455182196446,0.009024230129836084,0.0007816350622542982
2013-04-11,0.0023686904671762488,-0.004386201031848613,0.0053552045653336485,0.002452340963796984
2013-04-12,-0.011393161439421618,-0.02037542291360637,0.011786543251664972,0.0034827198264379593
2013-04-15,0.005110841875174011,0.0047968512472654325,0.013906404795052275,0.005855101066097609
2013-04-16,-0.004507346593538131,-0.0016200508728187353,0.002827143087235683,0.002087350277763661
2013-04-17,-0.006506794458170128,0.009624773117683217,-0.015250345230462627,-0.01143575969338883
2013-04-18,0.002419077906207412,-0.004864463896937932,-0.004452896739720003,-0.003500233700143196
2013-04-19,0.0009895544240167808,0.0012498758446081394,-0.013366183740009908,-0.012240591158327891
2013-04-22,-0.01021550038757062,-0.0039387658129677264,-0.0011100899604524544,-0.006912568712385447
2013-04-23,-0.0016250948393881975,-0.004881517597460094,-0.006457585124774123,-0.0179028130993088
2013-04-24,-0.016236457237532132,0.006476516098469176,0.013825442431336609,-0.006560546164279257
2013-04-25,-0.0004055194965503217,0.0011863369683850827,0.004597105882441821,0.0060022653099810475
2013-04-26,0.000500897069308559,0.00392438711171661,-0.0010868575630575746,-0.0004434363420729448
2013-04-30,0.0038444632885239693,0.0012331355291371974,0.004241106493177171,0.004107551186478849
2013-05-01,0.003222093365850398,-0.008228531700738406,-0.007891875339087417,-0.004702721149314082
2013-05-02,0.0032320711509014944,0.002018981393464614,0.0007698672003189078,0.00411935953387504
2013-05-07,-0.004400906372986402,0.007492877025498435,0.0011063529301742925,-0.012340427581327992
2013-05-08,-0.007747299891509996,0.00870477311262965,0.004187445496109099,-0.003764367547273384
2013-05-09,-0.000428425759577156,0.005992785351770436,0.0009632997753881815,-0.0019155516665602113
2013-05-10,0.007179256638095133,-0.012805636251043473,-0.004076319571416298,-0.008165994495921498
2013-05-13,0.011101066624553235,0.017788862210875476,-0.007269583164769222,0.006313340224627406
2013-05-14,-0.005422197789243755,0.005686334313193186,0.00297478366050683,-0.0035121294574825953
2013-05-15,-0.00870327930580932,-0.005298525827546551,0.0037146480147799196,-0.009483161384633282
2013-05-16,-0.0017189202758914005,-0.004922216424715087,-0.0014508937352924814,-0.004065902127974035
2013-05-17,0.01091204110992341,-0.009632789555978861,0.003461803618675808,0.0022619768630863235
2013-05-20,-0.01271908070963248,0.007873492955646143,0.012565772064631563,0.006754509247896241
2013-05-21,-0.03229727471744488,0.037033561285222616,0.03282409383158789,0.015412607527555652
2013-05-22,0.0017290471798973917,0.01984016490605378,0.00426172388753252,0.00418477657486202
2013-05-23,-0.023315129357571657,-0.0008229180423790644,-0.0023010284916053364,-0.010472488698044777
2013-05-24,0.018864410596535364,-0.005196197358618735,-0.023145903650298314,-0.00132094919613579
2013-05-28,0.0036930837795592156,-0.016879650507336218,0.01887584631957686,0.011676264240828238
2013-05-29,0.011111045593429769,-0.009551717706894447,-0.018488428934143486,-0.015030976916108421
2013-05-30,0.0076981207245156785,0.004364182871658184,0.002833988846132106,0.012009483886067884
2013-05-31,0.0024567245634034233,-0.009300215688808254,-0.0010117515334066695,-0.008237013445445343
2013-06-03,-0.008334363829609014,0.015774121533888998,-0.0028251768856341064,0.005010628121099055
2013-06-04,0.005279970380692476,0.028991715206814674,-0.000927395378406623,0.012984853340024808
2013-06-05,-0.02556230702895321,-0.007850615395895332,-0.011715965566481114,-0.007366494612435048
2013-06-06,-0.0034119955412049933,-0.004766404079018382,-0.0029759388907455216,-0.0061996091701112584
2013-06-07,0.020368143888822087,0.02978530314913137,0.02904226691655889,0.021793420905215306
2013-06-10,-0.006635159318309558,0.024740939919807726,0.023826146862868925,0.020470804661137022
2013-06-11,0.0005151156403358399,-0.002714278035242757,0.0019333368287993927,-0.00804266546395884
2013-06-12,0.020469429809863705,-0.011506254226720025,-0.01428428537465971,0.0010443342344828195
2013-06-13,0.00040214717632627156,-0.004016514303501651,0.004240656762932216,0.0008031875134252402
2013-06-14,-0.0026146854597032688,-0.004820162489616519,0.0064556416868033935,-0.011345159251449482
2013-06-17,-0.00018080218040918833,-0.0006815347090463036,-0.01755312292494693,-0.006364629206880423
2013-06-18,0.0010328497505770694,-0.007719507259766755,-0.0009069568781084228,-0.005747035957299751
2013-06-19,0.005043845613635311,0.005564580691039734,0.0016016607138351177,-0.0042010054055216005
2013-06-20,0.000778715145028008,-0.0016477464275040273,0.002222204030141373,0.001967274209058456
2013-06-21,0.006748412723241427,-0.021335659907373163,-0.01190380104660771,-0.00575818531388873
2013-06-24,-0.01152821606588681,-0.002992397467311815,-0.0009620164574196677,-0.015998806361635125
2013-06-25,-0.009424418446369497,0.002451238005664603,-0.002252137928104303,-0.007843044015325668
2013-06-26,-0.00569422958036263,-0.00831015627271259,-0.006460595126433577,-0.006034077715492355
2013-06-27,-0.0017729595312578686,0.015934623071843325,0.012696114718136985,0.00826341272199425
2013-06-28,0.004357746942449258,0.016211790750490437,0.012976933507310308,0.007442259753028646
2013-07-01,-0.004581562709582409,0.006700117810939398,0.01136019368227532,-0.006796398988591737
2013-07-02,0.005029675234596099,0.0014408772544198586,-0.0002028006106743925,0.0017090598160057814
2013-07-03,-0.011771832448941845,0.005961741246045205,-0.0010464388587301475,-0.008015697708675154
2013-07-05,0.006974945770117413,0.00757284809416121,0.01005137263152478,0.0050744325552049665
2013-07-08,-0.001576149956779526,0.005777237859019114,-0.007992142407351134,0.0019904684649246166
2013-07-09,0.002921653382123024,0.009003991361139519,0.006283108553948957,0.009045148902121802
2013-07-10,0.00850464011820653,0.0033236191544203427,-0.0003983787583180746,0.006282417253033597
2013-07-11,-0.012318553003114484,0.004509916692772075,0.00038865280933002636,-0.0060231520918303996
2013-07-12,0.006458915170612612,-0.004610548718073227,-0.002927543679669808,0.00045389545445795884
2013-07-16,0.0052440559444054905,0.014904409821599084,0.009125592767801427,0.010965841784704278
2013-07-17,0.0033332089624890757,0.0018504857144882253,0.0006655604716917958,0.0033114292805449435
2013-07-18,0.00048088435954789493,-0.00010497583369073471,0.0011856676943392316,-0.00020738471176373618
2013-07-19,-0.005631122289402746,0.005157561075754559,0.0017794020717825099,-0.002458776414343328
2013-07-22,-0.0026393310924578643,0.003448363120077502,0.002502406008009039,-0.0035960104022235706
2013-07-23,-0.0013681182316887426,0.003868924032056676,0.003117628137315042,0.003475794338031671
2013-07-24,0.008373294393435437,0.0014910460561850193,0.0004609299871672023,0.006039480483384369
2013-07-25,-0.012833383578806234,0.005102636567690477,0.004905613348820071,-0.003121016238807787
2013-07-26,-0.003215031177724703,-0.009192611996659727,0.010169330854203861,-0.003428063260683253
2013-07-29,-0.001510800002017065,0.013681514912278758,-0.009756754246675613,-0.005613589934641283
2013-07-30,0.007084335466709835,-0.014595591984911139,-0.0009744884121126052,0.005420842575852836
2013-07-31,0.005129651078698183,-0.003305009017353866,0.013514694374308456,0.01055345762038804
2013-08-01,-0.009166049032755242,-0.01947891251720697,-0.00653820090790176,-0.001336273017096764
2013-08-02,0.006614697238916455,-0.0011890784952044656,0.0013358613921144128,0.008098672297382647
2013-08-05,-0.002319966739902557,0.0003361946592081777,0.0023326469096009994,-0.0027940049963586138
2013-08-06,0.006887445810392623,0.005354288473062563,0.0004301824211733196,0.0012963851891305165
2013-08-07,-0.0004427724757585898,0.0037071066735958162,0.006808437043943849,0.007828412783145233
2013-08-08,-0.003262516637787094,-0.0030956601050855966,-0.007846637393816325,-0.00729862964162239
2013-08-09,0.0048519983996640585,-0.0034995369246086042,-0.0018172804659029266,0.0005620732112741889
2013-08-12,0.0002453300741485087,-0.004713389145017977,0.007365105122379356,0.00567813190332066
2013-08-13,-0.00020308175800640713,-0.004280767263028573,-0.0012416768468944015,0.0004964370712145029
2013-08-14,0.00984115237320755,-0.0018415196870089634,-8.688785383390572e-05,0.0022045701355026927
2013-08-15,0.004698137648126588,0.005161658510804012,0.003662408135991524,0.003892194511451023
2013-08-16,-0.002703251930750206,-0.008201110507819909,-0.0016265616422743046,-0.004056253270767507
2013-08-19,0.0041379044543619955,-0.0033318350840365603,0.0011101132276276182,0.004215788594659075
2013-08-20,-0.00039541656718729,0.005553247967240349,0.0020856270756161033,0.0033522620832929116
2013-08-21,0.0031841721261435026,0.004461865384954988,0.0003915177535458894,0.0010747731661112
2013-08-22,0.0012310061203699928,-0.0011117903547304573,-0.000721013944896276,-0.0007946856745028152
2013-08-23,-0.0007607298560242896,-0.0017000518485043026,0.007832367060416078,0.007783868540783093
2013-08-26,0.002803786066973091,-0.0007903328347448782,0.0005744406484691879,-0.00032524415634867763
2013-08-27,-0.0023300188228732254,-0.0034622165482470547,-0.0005241545645873205,-0.0019039635608372925
2013-08-28,0.008405503808916914,0.01866795546094193,-0.004695830310385829,0.005521848876176722
2013-08-29,0.010304933981316534,0.0023154472808863957,0.007495640335705378,0.01144068419152472
2013-08-30,-0.00459984641612623,-0.0028218459332535854,0.006055650768844756,-0.005395097342307993
2013-09-03,0.002779408338534184,0.008555374440282336,-0.009331268714730313,-0.004768793539837368
2013-09-04,0.0071752297472087,0.00954204968983725,0.0008213434622547757,0.004016645893416355
2013-09-05,-0.000906863309781336,-0.0011636366556583067,-0.0016621570271883935,-0.002677717444806623
2013-09-06,-0.0003360744873884599,-0.007286895937276938,0.0066245196475602786,0.0023422542831211773
2013-09-09,0.0009543235079969362,-0.010114592240816811,-0.011266740059631308,0.006714141565080413
2013-09-10,0.0021147126616794633,-0.005139079561999771,0.003353525067360041,-0.00033121674084414044
2013-09-11,-0.025770185446268103,-0.00785676855974975,-0.0006025931331527182,-0.014097961774326229
2013-09-12,0.0007517312991918599,0.00549898315329842,-0.003973614597002917,-0.0005111270229476439
2013-09-13,0.0032715447421797217,0.0010444067524228548,0.0015632037063353366,0.0025706369750750357
2013-09-17,-0.011042352930255994,3.352985317304179e-05,-0.006494647198354331,-0.012133555220522896
2013-09-18,-0.0017129105996730675,0.00021286477485829005,-0.0048417264350282705,-0.0067631244881764165
2013-09-19,0.004031659901444806,-0.006978625951174244,0.0015522569492381743,0.002965143353963473
2013-09-20,0.003208026333365477,-0.00016418496611345654,-0.0024674204933875952,-0.0005587777652853788
2013-09-24,-9.482409482315375e-05,-0.002644458634760127,-0.0014565285994131427,-0.001573284412373773
2013-09-25,-0.007826913571505867,0.00900413482614193,-0.002143844977551357,-0.009417510163687965
2013-09-26,0.01224469939315871,0.003933947123149962,0.004458294399852969,0.006771951141757961
2013-09-27,-0.0029628978870563927,-0.0026115014691610486,0.004264141357674278,-0.00022338219760883104
2013-09-30,-0.003420714428216276,-0.005297700385749681,0.0005013388870983792,-0.010971726806163299
2013-10-01,-0.003648028200079567,0.0037098389171217774,0.003163447744459402,0.003093382455264064
2013-10-02,-0.004701019720008026,0.005580305861553159,0.00684210665279188,0.001162616238964631
2013-10-03,-0.001372521127145498,0.003922217288754281,-0.00046255779372743637,-0.0014572111774139914
2013-10-04,0.0006616358801839084,0.0021622615300078253,0.0009272691403969358,0.0009013638884741104
2013-10-07,0.0026466494161446526,-0.0055288313892837716,-0.00180866544560585,0.00037146997153617196
2013-10-08,0.006049053862527453,-0.0028869406148786855,-0.002756745869998677,0.005850720794765359
2013-10-09,0.01574551673671216,-0.005883769947871409,-0.00935303098054483,-0.005992680179658927
2013-10-10,-0.002899631143706527,0.0031653991798859635,-0.0039346374531815,-0.0028347156525913835
2013-10-11,-0.003507404207114706,-0.0018233705892968467,-0.005032406783114118,-0.00933878894725824
2013-10-15,-0.004600124324126309,0.006081194706391235,-0.0010097120879531962,0.002663483981537296
2013-10-16,-0.0008988266687393942,0.001364723580930316,2.4088649591447273e-05,0.0010169493140361593
2013-10-17,-0.009552202524959474,0.005429269265237435,0.008882568106166366,-0.0006951767590795042
2013-10-18,0.006840940789426075,-0.010980180676391928,0.003589988080574558,0.01668734837425956
2013-10-21,-0.001311571723909899,0.002315916443366528,-0.00628776775769595,-0.0022503173351768047
2013-10-22,0.0037566739630159555,-0.0016687084116239425,0.004419321255055086,0.0020054970086357815
2013-10-23,-0.003961654762053813,-0.0024930956066894876,0.004893435746108854,-0.004543286227335982
2013-10-24,0.005334267649054336,0.003394961891954429,-0.0005095277798372155,0.006019899623847214
2013-10-25,-0.010691060334804893,0.012623496727634699,0.001974619121948273,-0.005025408914509144
2013-10-28,0.006839119588455423,-0.001816755870589759,0.001128253676234614,0.003468909759057633
2013-10-29,-0.002767246476485807,-0.0005666016809379836,0.002573601581793472,0.0016173238383199358
2013-10-30,0.0014129100978473863,0.0011561391122646204,0.001934632137030867,0.0012040992693206354
2013-10-31,-0.005600408445171201,-0.008340120463814183,-0.003258630722776412,-0.0030211612420595543
2013-11-01,-0.005520171546923303,0.0015425031806370216,0.0032843254250437114,-0.001749695546820312
2013-11-05,-0.002188780449139083,0.001903459819655162,0.003864349402274935,-0.0005019511799786531
2013-11-06,0.0010410815784391847,-0.0033180889602888904,0.005297171764195463,0.0021370226810237813
2013-11-07,0.0012547912299652351,-0.003136113877938507,0.003962472537525996,0.0028111249691805304
2013-11-08,0.006426453166568202,0.0009107987637026361,0.0004531373635436654,0.0028197297850452497
2013-11-11,0.005816438485972064,0.013775637041166,-0.00431644428681568,-0.002472508207742752
2013-11-12,0.010188933994794347,0.0003193473641774254,0.0019930578467021393,0.004229053781118497
2013-11-13,-0.0018986948469922106,-0.00016180991949761301,0.00019612581111776438,-0.002308328017767721
2013-11-14,-0.0022674476376436823,-0.003519549417245282,0.0035734954813888336,0.004906186713365549
2013-11-15,0.005464907413775543,0.002044623274970103,-0.002471408578511713,-0.00044642075602918663
2013-11-18,-0.0032992069282579807,-0.000408977165127466,-0.0021833837427996713,-0.0021056767578057816
2013-11-19,0.0034220160863576822,0.0029688519504563974,0.00022930024885159384,0.0034401802139332905
2013-11-20,-0.0042839250329447685,-0.0009434555826515647,-0.0020600971266840685,-0.001563089995647012
2013-11-21,0.003468587835120429,0.0008591001153848811,0.0006897679427710244,0.003985071381368491
2013-11-22,-0.003749459424876211,-0.0017651316488535244,0.0064500714061917815,0.002670483941085683
2013-11-25,-0.0027396094672569537,-0.0007840284587037781,0.0017799594889278407,-0.0020894399911918216
2013-11-26,0.00045172052100390654,0.001487911420766208,0.0016636123796986532,0.0012537231761946932
2013-11-27,0.0009441107804192716,-0.0012607930955723656,0.004192669613604894,0.004235350154655255
2013-11-29,-0.0014021880646596595,0.0027382092621778707,-0.004709014069359085,-0.0043687131921417545
2013-12-02,0.0008009157366726692,-0.0002146899222098095,0.00011457759490987043,0.0010149573521630781
2013-12-03,0.002551340652341083,-0.0036570258908241726,-0.0013003454854892294,-0.0008613438012839129
2013-12-04,-0.003344844365786792,0.00823312712018658,-0.002223705623647976,-0.004011625809960706
2013-12-05,0.0010301518341031546,-0.0021951039848493443,-0.005045458492768185,-4.521650660279297e-05
2013-12-06,0.003964987662107311,-0.0015613436266129765,0.0031993807761804497,0.0028952181106057183
2013-12-09,0.0016643181927325612,-0.0031532572513859546,-0.0029579420897641205,-0.0018453758557010387
2013-12-10,-0.0022396965517858854,0.002084384383625948,0.0028701317985886598,-0.0013295131773456703
2013-12-11,-0.0035311832820879904,-0.0032564445798567657,0.0010353509223774982,-0.004893420518039325
2013-12-12,-0.0009581901826867467,-0.0010413831596775447,-0.0027006087939802415,-0.004933703545985339
2013-12-13,-0.00014569412868306041,-0.0034710612675050933,-0.0005339348064282935,0.0048595680993051196
2013-12-16,-0.0005809166824193748,0.004040387342314999,0.002750762385945848,0.000981542878099673
2013-12-17,0.0003027531383649418,-0.00016527693240686592,0.0007629971922448631,-0.00024625279486993146
2013-12-18,-0.0007509129124395166,0.003291138911805812,0.004184692222779307,0.0018182390435250717
2013-12-19,-0.0038029777587607508,-0.001324153109729287,0.0026530925492855187,0.002507521050273548
2013-12-20,-0.0032638816069913814,-0.0052943882501478075,0.0007955929830644194,-0.0029069101992867385
2013-12-24,0.005311258546567932,-0.0059952931810786985,-0.010880162820164775,-0.008124072229028537
2013-12-26,0.0024075619645219423,-0.00539003874739481,0.0036370618176640793,0.007919613265306524
2013-12-27,-0.002373736912070434,8.5629192570158e-05,-0.005956668794991215,-0.008235541573947383
2013-12-30,-0.002311740208017898,0.010120374188614379,0.0078059921068057035,-0.0009939431714129864
2014-01-06,0.0009072603314405963,-0.005804880883717334,0.00022228279158680335,-0.0029061121575121363
2014-01-07,0.0051668363758484055,0.002991702028320131,0.0005907194110797102,0.00026968175474448904
2014-01-08,0.005025623192198148,6.237737451499862e-05,0.0005127376579176389,-0.003367336244896291
2014-01-09,-0.0017809043775146578,0.0022347226727147387,-0.0013493984511832925,0.004405394064828799
2014-01-10,0.0012091768036689432,-0.0026640352084536852,0.0026034217185775255,0.003235791130429677
2014-01-14,0.004962501551187625,-0.005278224307169821,-0.012863765125137672,-0.0013221982317727088
2014-01-15,0.000756448516419761,-0.004449040632898238,0.001766327569745574,-0.0015376740846369365
2014-01-16,-0.006677506069448613,-0.0038110295587783,-0.0006270317666822401,-0.004978768536342615
2014-01-17,0.0037368602977440046,0.002176245701626089,-0.002857219396075261,0.0030799817971291776
2014-01-21,0.004049888962919557,0.0034905219696425237,0.0011373520142333505,0.007005088592834515
2014-01-22,-0.0011745108555611284,0.0026909006940507353,0.0013790074874696855,-0.0020516032032808105
2014-01-23,-0.0028349078586278106,0.004974656667765708,-0.0006307443093050537,-0.002544833426467002
2014-01-24,0.00034511559411800653,-0.002559466158593481,0.0028804470900121613,0.0016697536786177232
2014-01-27,0.004256942594839441,0.0011857274040997013,-0.004061565794140831,0.0018661045994806207
2014-01-28,0.002062694607705362,-0.005358804082218627,0.0006312677119764574,-0.0008572899815081747
2014-01-29,-0.004330239906559097,0.002616815191068911,0.0025073772195044254,-0.0011260933434469988
2014-01-30,-0.0003113891567677607,0.010432455579305389,-0.002301762383802663,0.0006372742266916934
2014-01-31,-0.006838170013186961,-0.012451592395241273,0.0037228296330471984,0.0011790032656333604
2014-02-03,0.006578152340787758,-0.004123639669102895,0.005458163329964182,0.005343080940058545
2014-02-04,-0.005432590173246689,-0.004400236712069395,-0.008831544711530182,-0.0006440240928833555
2014-02-05,-0.0031802015446060535,-0.008235272560033091,-0.0003542056216811807,-0.0046071710211691985
2014-02-06,-0.002362083115303881,0.001109236835330063,0.0004644469321839484,-0.0022937469619884
2014-02-07,-0.003539802649215895,0.00039430559728603754,-0.0020489341570954613,-0.0031002838975188515
2014-02-10,-0.002632849112246993,-0.01020902996097901,-0.0057233346650541255,-0.003515486415069663
2014-02-12,0.00015875568771608352,-0.0003917466381942792,0.004579867836826623,0.0017306962414789981
2014-02-13,0.00701430957447864,0.0007137086459183097,-0.0027459477129645245,0.0012019337126018374
2014-02-14,0.00427105771054246,0.0026756310415425363,0.0032519627791370853,0.014410543836839798
2014-02-18,-0.009779356145739727,-0.004327541679060378,0.005514745917018393,-0.008822212184764663
2014-02-19,0.007914204585721807,0.0063431969498830565,-0.005284920992054487,0.007499586390200384
2014-02-20,-0.002478500334321487,0.006773800718391932,0.01573673886804443,0.01489245784325576
2014-02-21,-0.002965698407042705,0.0006251224560503759,0.005732223285307425,-0.0014607072138853225
2014-02-24,0.007720971752538141,-0.00471499843211487,0.0032275935859068963,0.010001531360065541
2014-02-25,0.001719332864324219,0.002725316655466803,0.0040445840868096996,0.0017301087970788775
2014-02-26,-0.00019322303831117472,-0.002888554770701446,0.005696289926002107,0.004370058655118447
2014-02-27,0.005075384185569609,-0.002964706511170512,-0.0022108524257026477,-0.0013733548866297408
2014-02-28,0.0032255457493156393,-0.0010723428582668946,-0.001079211592191731,0.0030103042675259538
2014-03-03,-0.002447418120037348,-0.007231127368939738,-0.004508486404185885,-0.007466606467160871
2014-03-04,-0.001605592439505265,0.0004886701472031976,0.0009650925745483541,-2.30697367533967e-05
2014-03-05,-0.0012262281161080856,0.0019404796686735893,0.005631626142903312,0.0033864437747811818
2014-03-06,-0.012208177510810136,0.012387109374865535,0.0076122397719106775,-0.0031354044111561678
2014-03-07,0.001401210662448271,-0.0009563834060818843,0.0002980722595531393,0.001565146388788735
2014-03-10,0.007686995546250363,0.0035659118097334467,0.0038037319575743075,0.0060738378064318695
2014-03-11,-0.00099233857173906,0.00010710410874372747,-0.0013311731132381157,0.003427208504537893
2014-03-12,0.0027424636495078543,-0.001979305508399665,0.0020756656153356093,0.0012353835698755778
2014-03-13,0.0013036381362461656,0.004594972984966072,0.0004167981166148804,0.002926876671860529
2014-03-14,-0.004584311678349162,0.004627427391269557,0.002959095946102353,-0.0028011523561747628
2014-03-17,0.0028865241511086158,0.006022327445419994,0.0018970894405006657,0.0027261555772298655
2014-03-18,0.007674398462337639,0.0005196995965501602,0.001974928648714358,0.007636603130953323
2014-03-19,0.0027212835173937356,-0.004676317730492463,0.003053118895604579,0.005594829828174464
2014-03-20,0.010292933830852658,0.0021377012219249356,0.007667845243045113,0.008819370310325859
2014-03-24,-0.004995679669856035,0.002423112077782008,-0.0087694799030948,-0.01141129837100362
2014-03-25,-0.004302316514315674,-0.00036856805354599197,0.0029121164579980706,-0.0007314769100921882
2014-03-26,0.0017319403772633856,-0.004529399601456618,-0.0002739617189019272,-0.0016376573039351139
2014-03-27,-0.004872226068175434,-0.0057938866636265685,0.003837508230235631,-0.00024298809733252526
2014-03-28,-0.00651167418996026,-0.004963995932069399,-0.005186714119148905,-0.005733724316979322
2014-03-31,-0.002200796847917208,-0.006092700443677801,0.010347039926425095,-0.0043861758486223494
2014-04-01,0.007232440275419583,-0.0028568878703238987,-0.005240588712485539,0.003575689552075582
2014-04-02,-0.006683561705562325,0.010308750370388677,0.011094159768521504,0.00116450806829439
2014-04-03,0.002285631047950809,-0.003269867478493005,0.001127455326839888,0.004124942789552733
2014-04-04,-0.0037897384661968567,-0.0023549808199352152,0.002809882780719541,-0.00012120201482824426
2014-04-07,0.011043012311988409,0.007599848875730863,-0.003131789164484533,0.0084928818577916
2014-04-08,0.004316770762332344,0.004167550389899355,-0.00277946198425314,0.002066571935529383
2014-04-09,0.0055478606372371345,0.008145966335057021,0.0038045830993002966,0.010024584083388197
2014-04-10,0.01299238453696119,-0.003786414510456403,-0.003376218424761812,0.013806701593946435
2014-04-11,-0.0023029834073919004,-0.0013435525562594643,0.0012376324664199025,-0.00422956861032584
2014-04-14,0.0012319673930286214,0.001373000136786984,-0.006152809480799282,-0.00223052186227623
2014-04-15,-0.000666845037839048,0.0041102449452457435,-1.66732468518168e-05,0.0002971552042475012
2014-04-16,0.0012283168088749637,-0.0072127916350812615,-0.013268389412937022,-0.009647442680775942
2014-04-17,0.003077025691326107,-0.002442375989081658,-0.0003652215062898362,0.004778553076023984
2014-04-21,0.01405337262146269,-0.001573429816121985,0.00830996868751015,0.014830676033003365
2014-04-22,0.0011979723797150617,-0.006186771268674129,-0.0064625099626202335,-0.0002910902907138522
2014-04-23,-0.002578771677866665,0.0017276350222225068,0.0006617370746565987,0.0011214615509433459
2014-04-24,0.0002845335675944582,-0.00040162958632981014,0.005555087839081851,0.005054191785819095
2014-04-25,0.0027717079644780543,0.0016112694675276095,-0.00042948027165685683,0.0004900191145295274
2014-04-28,0.0021326621970005452,-0.004548254067521107,-0.0038532989470484225,-0.002307910391898982
2014-04-30,0.0012295006123453245,-0.0012902563958553381,-0.0002598273916623484,0.0010897214451405087
2014-05-01,-0.008488873639770932,0.0025855749970310708,0.0005643304373278198,0.00046873435135580833
2014-05-02,-0.0070317492585986845,-0.005484966226407595,-0.0005059664617830251,-0.004854326437821688
2014-05-07,-0.0030853463874732645,-0.009371019664830027,-0.007529830267762616,-0.006378415810489207
2014-05-08,-0.0008040304186745393,-0.0004294233463727256,0.0011853351959856262,0.0004824359838932757
2014-05-09,-0.004675504858685686,0.006295634790388726,-0.0007748718532157198,-0.004755466394616133
2014-05-12,0.0034293055072142755,0.0015679147938839396,-0.00022574957031331645,0.004614078538646154
2014-05-13,-0.0007443374491920894,-0.0032302686835673057,0.0029447542245862436,0.0012110647141493625
2014-05-14,-0.00499037389361825,-0.004329613459918136,0.001653719201146986,-0.0011353968308360329
2014-05-15,-0.0014288840895015254,0.004815003822939756,-0.0017991229406708832,-9.628079059488819e-05
2014-05-16,0.0031232223400290194,0.010344339223039078,0.0011395996362140836,-6.952191994985188e-05
2014-05-19,0.0025277062184182906,0.00458662842038704,0.004583922721140099,0.003667938499094936
2014-05-20,-0.00632237273891898,-0.0014065746941999578,-0.003973282236783327,-0.005330125657700702
2014-05-21,0.0086062203885529,9.559177468723137e-05,6.570315876026651e-05,0.003926931283553422
2014-05-22,-0.0037991575042929386,0.005263770434405046,-0.003441433001279459,0.003790276851981707
2014-05-23,0.0009462650939107142,0.0014622998166622825,-0.0036728939819230975,8.935562000451642e-05
2014-05-27,0.0019008258578624205,0.007476831609443435,0.0037485576493133,0.0029818140407755324
2014-05-28,0.006125616528889455,-0.0032561758674973574,-0.005841937288771537,-0.001035695321179697
2014-05-29,-0.0031929914671238622,-0.0016646518830076393,-0.0038713318871505644,-0.0037852225236887876
2014-05-30,0.00034130748365908143,0.0005849571740419893,0.0001610867132152637,-0.00020568468340176338
2014-06-02,0.008410460727683568,0.006100489053540593,-0.004292053411435059,0.005066563308769271
2014-06-03,-0.0040173551856992566,0.0016819179150767694,0.004350244956624972,-0.0006674550588245491
2014-06-04,-0.004599742988482735,-0.008270554956904274,0.0029645067390388744,-0.005436061076382781
2014-06-05,-0.0021026157004501392,-0.004494567149085471,-0.0012540621062372857,-0.001570502496415005
2014-06-06,0.005648878103424026,0.007630380582656438,0.0069151233389164405,0.009520729599094179
2014-06-09,0.0014976395227562556,-0.004557476727140064,0.0016633026309172297,-0.000893771445816492
2014-06-10,0.003571089411711448,0.003135499654815721,0.0018241355246130016,0.005290925188945389
2014-06-11,0.0020092028976778976,-0.004833129091016519,-0.006059043190322,-0.0018776302003070088
2014-06-12,0.003654688654351279,-0.0061703220118234595,-0.0026034904702070924,-0.006352502880342281
2014-06-13,-0.0016156982755955564,-0.008264843899382689,-0.006426616787983752,-0.008926106213475015
2014-06-16,0.0003587911803080825,-0.005335800263475975,-0.0029549864160335563,-0.0003643353389057675
2014-06-17,-0.0021818181818181515,-0.0011268088636509522,0.00210825708609641,-4.578331794395928e-05
2014-06-18,0.002142109272720405,0.003018891821296532,0.0037887818169413333,0.002371577702079264
2014-06-19,-0.0018786280190782548,0.004112385225284497,-0.003719760384321003,0.0009623472450701158
2014-06-20,-0.007721233501800807,-0.0030660495626216866,0.0056932289403863745,-0.0009976111899978233
2014-06-23,0.0009070729344619719,0.0004107289621456678,0.0013030623041519363,0.006749501427802979
2014-06-24,-0.002293037526792663,0.0028088170176309604,0.0019230300088332263,-0.001975278971820066
2014-06-25,-0.0030928462954643355,0.0015973477394396695,-0.000207532727957993,-0.0005899362034668342
2014-06-26,-0.00146240930324244,-0.00196136861969789,0.001563108781854572,0.0003630411360918314
2014-06-27,-0.0008345196375368459,0.00021209395488233033,-0.0002161715800916399,0.0005267383388429803
2014-06-30,-0.005398564688488072,-0.0036538017850764604,-0.004231929289151992,-0.0059862513983842125
2014-07-01,0.0011919275385817276,0.005686854996237734,-0.0053514698377139965,-0.00568671715688122
2014-07-02,-0.0024342464503093408,0.006590378922154038,0.0008074940692553546,-0.0005875830729657585
2014-07-03,0.00045793832933997995,0.00033828001930402696,-0.004195329943083315,-0.0031822476679917886
2014-07-07,0.0004349075688240946,0.0028983376108340005,0.0008362310942343853,-0.0011064296205835823
2014-07-08,0.00010934660913253236,-0.0007198267142289217,-0.0016029873569543438,-0.002382543221324235
2014-07-09,-0.0013575706876508774,0.0020705221577798525,0.0008000945518807699,0.0011389040371868053
2014-07-10,-0.0019198331698008662,0.00047184908536011035,0.004172206460335959,-0.0006620194596877295
2014-07-11,0.005195215394440211,-0.007549881203069874,-0.0005243962950821418,-0.0027411857631842508
2014-07-14,0.0025269438402218737,-0.003631203379070081,-0.0021555808534597484,0.001741185910117282
2014-07-15,-0.0006718866013003088,-0.000556388336183744,-0.006475045128406976,-0.007319464755223315
2014-07-16,0.00011053547032879862,0.001866044457915761,0.001143190468094568,0.003926829636238601
2014-07-17,0.0012855797097339082,-0.0001615611821914832,0.002089703521002906,0.00018004901010014915
2014-07-18,0.0007725644928338938,-0.0005735628090103306,-0.001817943475236139,-0.002751202432206945
2014-07-22,0.0035241852265967656,0.0022818721483532033,0.005551337376786836,0.005772485480208407
2014-07-23,-0.0013887629766685004,0.00011593496097239697,0.0018723427507766344,-0.00040189076879547093
2014-07-24,-0.0037205597991566645,0.0012185781188509771,0.003116358372121031,-3.777354338051485e-05
2014-07-25,-0.0013901954741556422,0.001029837683716406,0.0008198684477041197,-0.003180695484686469
2014-07-28,0.0011081812754808688,-0.0005398972936616398,0.004776775080669093,0.003913443830570944
2014-07-29,-0.0025475866108421123,0.0043086427132235545,0.0018426185553856557,-0.004115708710182538
2014-07-30,0.00039236476801871576,-0.0005040072328521993,0.003365300998690479,0.004261245706779623
2014-07-31,-0.0007880987850612752,0.001960900100965346,-0.0016255668066243345,-0.00217973928639108
2014-08-01,-0.005029405723883596,-0.004768043278957146,-0.0003081471688813676,-0.0036137554476491918
2014-08-04,0.0008690337311792586,0.002561187718274449,0.005194548865547665,0.007938616261336176
2014-08-05,0.00018437880064496853,-0.0006088204835027261,-0.0031630291055388506,-0.004031846666254214
2014-08-06,0.004814533347544647,-0.002244785942629313,-0.008237563139739001,-0.006076791728962019
2014-08-07,-0.0025758515890309088,0.0015529761619877515,0.00040098531970715894,0.0011321187549412767
2014-08-08,0.00440905374359477,-0.01047500354654689,-0.008195233496215294,-0.0034751775854342526
2014-08-11,-0.0017090577322451893,-0.0024372416127544706,-0.0025469720896231117,-0.004812728638499292
2014-08-12,-0.0023576042628267405,-0.0031746661382470397,-1.632535210527265e-06,-0.0004338286199186026
2014-08-13,0.0012787386455423543,0.0025625522401171667,0.005325208035451934,0.0029640003970703155
2014-08-14,0.0016010148844250115,0.00323968739554803,0.0018568941058725974,0.0031987721520024825
2014-08-15,-0.0009805302381016734,-0.0038268783610851728,0.0017096579342499084,-0.002051328570139982
2014-08-18,0.010282141727573402,-0.007055677414724371,-0.004809452596071817,0.009894768521903047
2014-08-19,0.0015225734956979759,0.007501129778206095,0.004592666081684649,0.003928044558060895
2014-08-20,-0.0007495809544224797,0.00037329267012051746,-0.0005432890513796806,-0.001206982472478857
2014-08-21,-0.006364661363840373,0.0004284608039947235,-0.002108581403883258,-0.007453325806670481
2014-08-22,0.002490834158776045,-0.003217530483780595,6.829086745108182e-05,0.0017046501064903576
2014-08-25,0.007515027346403835,0.006823547582867984,-0.005522548074429534,0.0002815622566492517
2014-08-26,0.002395832321006752,-0.004192833058940226,-0.0029382851935668254,0.00014241664440251727
2014-08-27,0.00479599091934595,-0.0011500337159194409,-0.004362002692427213,0.0011980216176110299
2014-08-28,0.0010553654832411886,-0.0016615150191029882,0.0003639049703501707,-0.0006608564428376208
2014-08-29,-0.004698099031731151,0.005148482802415333,0.0012426808709917303,0.002194032328140083
2014-09-02,-0.002883456858744471,-0.001305410868763901,0.0025940485911236212,-0.0068302448076846154
2014-09-03,-0.0012891834849430906,0.0007605291308259598,-0.00013844069974919813,0.00016858945066466902
2014-09-04,-0.0032882103632698055,-0.002197846394461878,0.0003894197743989471,-0.0025846292421688455
2014-09-05,-0.0024600726768642116,0.004046684983378746,-0.0006654540253461017,5.559401830803603e-05
2014-09-08,0.0005718887309590359,-0.00034713028209765184,0.0037620504048961447,0.0031789382698945933
2014-09-09,0.002789610249240271,0.00093855523104851,-6.063143202106325e-05,0.00022935779816515844
2014-09-10,-0.004155707865450143,-0.0039957780551557855,0.0018706168300062884,-0.0087925155107987
2014-09-11,-0.0029012985996121456,-0.002308676908431484,-0.0018866522611782123,-0.0009222312112413866
2014-09-12,0.002080038851394339,0.0005609948771924111,-0.0008441964623005396,0.001450702117860499
2014-09-16,0.008543705141743296,0.002508922387734014,-0.001728200230290855,0.0058166620359116905
2014-09-17,0.005397033991662003,0.00412434845143903,0.002152769755475359,0.0055816430467461094
2014-09-18,0.0013126224230333603,0.007228448563755441,0.010239633020258921,0.008139183866491529
2014-09-19,0.0022173422451721605,0.0002452957658735542,-0.0006075405776364341,0.00503197975218298
2014-09-22,0.005232036363427107,-0.0017545801814442983,-0.0009185785856892005,0.0033204797831126566
2014-09-24,0.008648630208486784,0.0003462203808936471,-0.0028554871562954222,0.004285980315713511
2014-09-25,-0.004203379312429823,-0.0045780850876379064,-0.0026811113402947844,-0.0044261956337683745
2014-09-26,0.001808114578735553,0.0018972806416333032,0.0012614578951355869,0.005063291139240571
2014-09-29,0.000936034312281109,0.002170788598871343,-0.0014683406848410743,2.0292380460381395e-06
2014-09-30,0.0006504641860841211,0.0038051083512661062,0.0046430047495152225,0.006350453280768072
2014-10-01,0.005767876662855032,0.001125757779307701,0.0016668332748594364,0.004022370916271251
2014-10-02,0.0021907834128988453,-0.0023280887999175704,-0.0009502583100265971,0.0015857765045795731
2014-10-03,0.01060911491316252,0.00102448708677787,-0.001776924685581438,0.0004071262563757709
2014-10-06,0.012516216537079194,0.0009856695176061914,0.0030419776723272117,0.0076326501246308555
2014-10-07,0.0020478657563582914,0.0029331210952156404,-0.004314175101011397,-0.0011298698476848539
2014-10-08,0.0019324956956701558,-0.0013733946809747046,-0.002679920582911843,-0.00033625202448434965
2014-10-09,-0.005395946416149289,-0.0038546822432815597,-0.003767931154366532,-0.006106084543385548
2014-10-10,0.003851468285329207,-0.005608994783173938,-0.001684197149287092,-0.002568692715518639
2014-10-14,0.005764417766166607,-0.004130955900385236,-0.007160307970040502,-0.003676135279262105
2014-10-15,0.00022458841909736007,-0.003704237743608396,-0.0015898611881589584,-0.00285681496855823
2014-10-16,0.012636293398754272,-0.0013268754599281337,-0.0020233479859252503,0.008688429595610605
2014-10-17,-0.014647987742131096,0.006612956313480045,0.004623549218440303,-0.006063069403481628
2014-10-20,-0.0077700881606048485,-0.002086661734589201,-0.0029078147127536095,-0.000895375120055603
2014-10-21,0.0017618680884407666,0.008756913742472916,0.00900442706754847,0.010084254395659093
2014-10-22,0.0032018632219063202,-0.00011679678662872555,-0.0017029426561617099,-0.0006853683049497516
2014-10-23,-0.002086863681822426,-0.0009495258204397004,-0.002088628547273208,-0.004464190380945032
2014-10-24,0.004920423623005466,0.002661096562337084,-0.006111395436225208,-0.0016122744134234217
2014-10-27,0.0014698394159408325,0.0012347737636617673,0.006465004092574089,0.0010122643252592934
2014-10-28,0.00671896026851595,0.0022833885810799037,0.005181252572491446,0.006757680479471789
2014-10-29,-0.005018815748469096,0.0023355026551723506,0.006415130399735691,-0.00456377697104456
2014-10-30,0.001251779932428998,1.924810718900369e-06,-0.005080420229233318,0.0002616536096888833
2014-10-31,-0.016090052597362115,-0.017962980334619537,-0.002803990522604338,-0.008674342110198796
2014-11-04,0.01461412874017396,0.0022720356644040825,-0.01085785256334324,0.017475072433573585
2014-11-05,0.007737040092906477,0.01543214167887974,0.01152199180003264,0.012720851835056368
2014-11-06,-0.010505619018388757,-0.0005888684911829149,-0.0009482143452638203,-0.01372413117627555
2014-11-07,-0.001290802138713687,-0.002362702617148771,-0.0008466631411985005,0.000407768183850706
2014-11-10,-0.004586433313612215,-0.007455365081055687,0.008761619522072106,-0.004661812809960975
2014-11-11,0.0024085414170901707,0.005172718719541658,0.00845133711577324,0.011501251651792721
2014-11-12,0.0018280010749081696,0.0009155226501868396,0.001271004300829892,-0.0014524559169617258
2014-11-13,0.005182527413393956,-0.0034334547694793603,-0.0067794695423315735,-0.0019103633676752938
2014-11-14,0.003847820541129776,-0.0009189164030517726,0.005576607566692449,0.007852825425715183
2014-11-17,-0.007832260283679095,-0.0061327746526297355,0.004918418817576441,-0.006296511049571279
2014-11-18,0.001790095175798978,0.0010535196630963028,0.00046341674167806827,0.00904607750164351
2014-11-19,0.0028102645275803083,0.0013475430492979612,0.001963372688077536,0.004184937494396884
2014-11-20,-0.0067362195161637444,0.006009942038214255,-0.0018694784068655104,-0.011013218765549218
2014-11-21,-0.005550882663350132,-0.00033611010290022223,-0.0016181934884016203,-0.002428947038938256
2014-11-25,0.0016139073671078475,0.005954717246766861,0.005134162397974262,0.007071290556028943
2014-11-26,0.002904908469121037,0.004007338578861286,0.0028020235480671115,0.006861051371756221
2014-11-28,0.003888735499298512,0.010993713086177869,-0.0012812558275582474,-0.0002907628595257652
2014-12-01,0.0039019915309711052,0.0010672716013894632,0.006099258442130795,0.006549647656169101
2014-12-02,-0.0008344060703218137,-0.004531301244838959,-0.005403513492512247,-0.0029821365586639613
2014-12-03,-0.0027305902222654497,0.004076224108261939,0.004343254032724886,0.004229974754351456
2014-12-04,0.0013330519058578627,0.0021091942968731736,0.008494021038522082,0.007041563496109618
2014-12-05,0.0056219479390482215,-0.000809324789037147,-0.002599497653592908,-0.003318336257516448
2014-12-08,-0.007012393385662463,-0.0020248985286713374,-0.0004497933397303649,-0.007389809137491027
2014-12-09,-0.0018783349122825093,0.001003178005259331,0.003965353209704659,-0.000730031837679479
2014-12-10,-0.012330397702784057,-0.0067995548943974755,0.0009754756254336744,-0.011739689428984684
2014-12-11,0.02340055782381687,-0.000780583863802309,-0.005577543109888894,0.006826150989065597
2014-12-12,0.0017033548414937764,0.007255368022656516,0.0034068758115677784,0.002268187449777026
2014-12-15,-0.002587152919848634,0.0053477734384951075,-0.0004150748166392048,-0.0033582554347708683
2014-12-16,0.006539052927913968,0.00628431578991635,-0.0016337380654928742,0.005473047899202074
2014-12-17,-0.0020935670750640723,0.00012931758769838507,0.0005030761227386334,-1.0359658482431491e-05
2014-12-18,-0.009399208719777152,0.00026230411765959527,-0.0008296005226324343,-0.007241485140502092
2014-12-19,-0.009849674473259351,-0.01260623429964094,0.00017442436172243614,-0.011999234147744436
2014-12-22,-0.015385312619372793,0.014713854075932398,0.006090002775366799,-0.002121432517415487
2014-12-24,0.005118401305039888,0.003156156572472657,-0.00026651985301837707,0.0045919899816476515
2014-12-26,0.007877305416548453,0.0018904502573016567,0.0012630525781615722,0.004117485129057311
2014-12-29,0.0034360982235285276,0.0024698794903509572,0.005024410771957033,0.0021408204222003067
2014-12-30,-0.006916874674621409,-0.003056801605930537,-0.005876336100664492,-0.004298993800736757
2015-01-05,-0.00010522432373303312,-0.004176361104358928,0.003603919526756849,0.00568623959096833
2015-01-06,0.0033220863501015156,0.005264693762643003,0.007267113907214063,0.009530118392781312
2015-01-07,0.001405844009065382,0.0017464840967081445,0.000891820857186176,0.0032062425924109573
2015-01-08,0.009593985291276797,0.006451383891868345,0.008903423679350996,0.00517935135711034
2015-01-09,0.000795589624371984,-0.0002959093729911766,-0.0005046194820309321,0.005933368053654159
2015-01-13,0.003414957819365694,-0.008578661641943186,-0.009774979267624894,-0.016483830811387507
2015-01-14,0.006277294501556608,0.005230299497159763,0.006064293581434499,0.0067388229527164415
2015-01-15,0.004474313468516521,0.001270390085366069,0.005827509140960041,0.008166228711093211
2015-01-16,0.001970696826393659,0.005856473011623109,-0.0005921906723153959,0.004956529847864655
2015-01-20,-0.003638481403848837,-0.004634743438312539,-0.002733318717480793,-0.0052795411028337584
2015-01-21,0.0016916118014444368,0.002270363874146697,-0.003752604028644879,-0.0024875321750322346
2015-01-22,-0.0001474416526610514,0.006216841192694255,0.0016296596915772676,0.002146095075136032
2015-01-23,0.004421463817568338,0.004749408781161057,-0.00042522260051083274,0.005824991345584488
2015-01-26,0.0019039369998250508,0.00434682022472348,0.004841804211195777,0.0042749813667088705
2015-01-27,0.00014014115507947691,-0.013870733022658977,-0.0027353294549727902,0.0044242491881436585
2015-01-28,0.008256168175908817,0.0025137787520605583,0.007887502441157969,0.009039775820872653
2015-01-29,0.003304700364501634,0.003004826468674793,-0.004887045091916842,0.004236475574562859
2015-01-30,-0.0007811458056092404,0.0029034429484138037,0.0017144202886386628,-0.0009972498431219464
2015-02-02,0.009305547973758533,-0.002083955604804744,-0.006035388260675224,-7.562393031113057e-05
2015-02-03,-0.01974230297923052,0.002470894297061644,0.01126617581117637,-0.005978218207111401
2015-02-04,0.00022009518176571014,-0.00207346970657798,0.004700717330223459,0.0024486823218026754
2015-02-05,-0.014338922091170936,-0.0036540246922961207,0.0010122308074291154,-0.01766655218757588
2015-02-06,0.0009978820969504198,-0.002643390300511528,0.00022914111780083512,-0.00421940928270037
2015-02-09,0.005127694537623472,2.7874662341153926e-05,0.0014939427822271197,-0.0030907672405793654
2015-02-10,-0.0080894956237334,0.005621894680661876,0.00477506503499614,-0.0070742799393630484
2015-02-12,0.0032733889431371347,0.0028036749250436757,0.01170990540965331,0.005686845318548846
2015-02-13,-0.006316115694611457,0.006362115372261834,0.005842762548277957,-0.008433382216962809
2015-02-17,0.0050699471188093035,0.0017575979903035723,-0.0020368604427851485,0.006981915872493352
2015-02-18,0.004098225227628437,-0.0025023742973256493,0.0028876931516510717,0.00861841693589475
2015-02-19,-0.005759011677211157,-0.000821327766661461,-0.0013523816804683177,-0.005269359204941598
2015-02-20,-0.002288668866968435,-0.0017917925362513467,-0.0006431792447809225,-0.002468909934681925
2015-02-23,-0.0029946800247809156,0.005424896121854417,0.007958599627572994,0.011494779591194151
2015-02-24,-0.0007010635885300598,0.0036423761918395357,-0.0008686389363176564,0.00218186244757698
2015-02-25,-0.016142857684034475,0.0002164012174228347,0.013986568319222691,-0.0032809963286196064
2015-02-26,0.0017281736343269351,0.005135335553580167,0.005736345268755261,0.0017823865191796502
2015-02-27,-0.0014230991477573555,-0.005288891011777874,-0.002473437428516667,-0.005179536224723987
2015-03-02,-0.001273704220122296,-0.001649255379079429,0.0022316069610803122,0.00028246385591887977
2015-03-03,0.001072716469080648,-0.008933124068742627,-0.007218749280394165,-0.010747244650947249
2015-03-04,0.002058057822169612,-0.000343769728181753,0.0017534412344811345,-5.823363059022368e-07
2015-03-05,0.001704888740119359,-0.005721141281619402,-0.00034170902249859234,-0.0014270252452382188
2015-03-06,-0.001310618220809112,0.004232699455457456,0.00427244997268692,0.0033388389436362852
2015-03-09,0.0018070234809765447,0.0018970836223992649,0.010559173397961752,0.014167941025214533
2015-03-10,-0.0016213609701639202,0.0005697688284898913,0.003606315892876055,-0.001325107143743576
2015-03-11,-0.01035114427599142,0.0025874357449866096,0.0009740265585077793,-0.0028350006064442124
2015-03-12,0.0025443856724096875,-0.0013438414681613102,0.0021701605331836404,0.0009437039853075388
2015-03-13,-0.011585171904106305,-0.015023464889509097,-0.00550798507919954,-0.010285527954829104
2015-03-16,-0.005673208104424132,0.004794084914028551,0.0005138493109445811,-0.0017270034843495877
2015-03-17,-0.0005495623247635307,0.007661191708899606,0.00042572803915250643,-0.000222844372990901
2015-03-18,0.00028752033910712767,0.0002765471164736023,0.00032311278260313027,0.0071285643061212624
2015-03-19,-0.009575502626266098,0.002719339620447304,-0.005448712509950759,-0.008306985561883107
2015-03-20,0.0008905303248889051,0.0032755673853988253,0.004164490387010411,0.001077606788820803
2015-03-23,0.0049633059318127115,0.0010083029666252187,0.007168253268692682,0.006195200527086242
2015-03-24,-0.0019758230103229966,0.0006159030853747582,0.008973372032669591,0.0033702537276136626
2015-03-25,-0.0018315007414227756,0.0021307299323482854,-0.0006981226504112926,0.010345654128225745
2015-03-26,-0.006151900309080837,-0.014401165980025877,-0.011748756723049824,-0.013351703122336592
2015-03-27,0.005524599039121147,-0.0026504604359848033,-0.012550780469835598,-0.007407171055543782
2015-03-30,0.00651196102354723,0.006834260295632277,0.007801861606884897,0.0070489443310669765
2015-03-31,-0.010373818930924261,0.007548710311766826,0.008479484272743098,-0.008692669435902817
2015-04-01,-0.007356838042909408,-0.004869941024440783,0.007190864574155386,0.0027413726856553118
2015-04-02,-0.001893160542571537,0.0008046123581756824,0.0048619292465460935,0.00291690642350384
2015-04-06,0.0019485697111235154,0.002882203373309866,0.0009964376896620664,-0.00017066221551053826
2015-04-07,-0.011686786224294511,-0.007011053635301611,0.00575042571514226,-0.004048337645542262
2015-04-08,-0.003976693423337107,0.0030554096992653876,-0.001275292896856817,-0.009059103060827634
2015-04-09,0.004127346915995633,-0.00019733693569063977,0.006284721650571235,0.006945269119088904
2015-04-10,0.000184579690988107,0.0068489233184086725,0.007470298479793591,0.011889345241498688
2015-04-13,-0.01151980789545033,-0.005721312455616956,-0.004177997326209359,-0.003600974162438664
2015-04-14,-0.005029128016800711,0.0025605134528743577,0.003582856288435088,-0.0026514419450344774
2015-04-15,-0.004232476907859084,-0.0016585570199914024,0.0013964549933982882,-0.0025102628326936697
2015-04-16,-0.0007492072004024798,0.014739102108561618,0.02322233296312908,0.010267106199229947
2015-04-17,0.006002177963183164,0.0011003049139097997,-0.006684474062782187,-0.0009512326866914667
2015-04-20,-0.0002470712111897643,-0.00295370060688156,0.0019521314593547558,0.0034000998138043583
2015-04-21,-0.0037653245283987506,-0.0036420335676722107,-0.007828252284295178,-0.007008924154778917
2015-04-22,0.009043263340810914,-0.0017616623595750449,0.0008374972055027242,0.006328514232036203
2015-04-23,-0.0012402068322822978,0.005810733127305756,0.009611142875220158,0.0012860777692349056
2015-04-24,-0.00759675398311781,-0.00674036067031043,-0.0016880088257667848,-0.001615098268940877
2015-04-27,-0.004315037973296465,-0.0017999754468235984,0.005301652034958471,-0.00010846041414224361
2015-04-28,-0.008404472319007272,0.005132295655393926,0.0032553649117010638,-0.002999831460593766
2015-04-30,-0.0024456058647307714,-0.008451774477720208,0.01146317591888859,0.005569388835812766
2015-05-01,-0.003053226830908695,0.0054405922220171375,-0.00418169765241796,-0.005697263822654446
2015-05-07,-0.005663257765884855,0.004898503931141729,-0.0019314887133812463,0.004420096906903592
2015-05-08,0.01465108622582929,-0.013038175054987524,-0.01426580513494664,0.0014595834153878036
2015-05-11,-0.008306475281183157,-0.002028909590027195,0.0007317412359380217,-0.002625204300762744
2015-05-12,8.462555605590619e-05,0.0010581212134270547,-0.00198712254012583,-0.00041868719053404324
2015-05-13,-0.003726192437298814,0.007496482085250534,0.004048508167693176,-0.0026715846719371585
2015-05-14,-0.00548338068868508,0.001455158872606832,-0.005151805396950659,-0.005010348824846493
2015-05-15,0.006090166073583748,0.005225775089783946,-0.00036763447357350825,0.006196076653026812
2015-05-18,0.011163457575956494,0.009539562952738657,-0.0037966402750489346,0.00852731151265614
2015-05-19,-0.006266351604464915,-0.004399395377692916,0.0072571045825898794,-0.0013615904469549966
2015-05-20,-0.0037711186567944252,-0.0052217114522033585,0.0019366094479735807,-0.006682926574201563
2015-05-21,9.692545431811978e-05,-0.0011761077451891257,-0.0012955923210243858,-0.0015108772774190538
2015-05-22,-0.003450214496758486,-0.003949896531507813,0.0015426200273725098,-0.0007384427275225203
2015-05-26,-0.0016990484017346042,0.0004163878567050361,0.0016566718408904005,0.0004831908965909162
2015-05-27,-0.00834472142488274,0.0052299404493597376,-0.007441929617145981,-0.007043900422833363
2015-05-28,0.004875526108304528,0.0004960408273251061,0.008935352023772403,0.006289763714550914
2015-05-29,0.0007846419360883371,0.0015922705089917333,-0.0013069639017275537,0.001411561522227245
2015-06-01,0.00603703062481593,0.0018369535044232112,0.004416941037609057,0.004498925954584709
2015-06-02,-0.006087730851047524,0.0004974596034900578,0.008228504115194336,0.004359098729807905
2015-06-03,0.0006312102660930964,-0.011784604010063426,0.006932284658194888,0.004459653710833194
2015-06-04,0.0042748803902178615,0.00288102146130762,0.004124701137585118,0.007059749498344177
2015-06-05,-0.0067802310446034575,0.0034862224515119335,0.004096491809004088,-0.0017646349837066775
2015-06-08,-0.005651793553478512,-0.0032172564815804885,-0.0019861454811167523,-0.0016285731890732717
2015-06-09,0.0012299277606032666,0.013371965812360422,0.006224354327752923,0.005425364283555179
2015-06-10,-0.0024627887863790223,-0.0020655777841219304,0.0008494982499708038,-0.0025462139945670774
2015-06-11,-0.001000108040430537,0.0036245008269337733,-0.010606934512680999,-0.0049104320651193745
2015-06-12,-0.008498669733977414,0.005429985623533362,-0.0014374395221855348,-0.01101430946043173
2015-06-15,0.0010480342801495901,-0.0008908796773940742,0.0033221457210478754,-0.0012926141919659792
2015-06-16,-0.003803513434304984,-0.00479840612129947,0.008722502676913569,0.0011005618553505774
2015-06-17,-0.0008824272333859849,0.00031380874215831663,0.001496086899632898,-0.0011766588204329778
2015-06-18,-0.0021702737481147146,-0.001963719356703964,0.0017035725414691998,-0.0034539900188412433
2015-06-19,-0.004841108296442531,0.0011076665015908645,0.000660126830402863,-0.009919967625673043
2015-06-22,0.006963700271169638,-0.000748216577222305,-0.004132580809099772,0.003322728402864257
2015-06-23,0.0006572684973167771,0.0014343811179626346,-0.003521894109102774,-0.0020024634605090887
2015-06-24,0.0026574202029384653,-0.003672036207957796,-0.0010173282927854466,8.090758604584929e-05
2015-06-25,-0.00036457493602042295,-0.004341354826007327,-0.001124213703098298,0.0017762533761765177
2015-06-26,-0.001120275192974618,-0.001966891350620714,-0.002478218484656303,-0.003917593054540434
2015-06-29,0.014358873744430924,0.00972090155084604,0.0035580834138901896,0.01732298694273285
2015-06-30,-0.007243523872338131,-0.003746856336819593,0.0012983998237766194,-0.0025392396655625647
2015-07-01,0.0017387950568499289,-0.002657198922640114,0.0023493378720762957,-0.0025310779445763543
2015-07-02,-0.0037174599129640384,-0.00031685979825721864,-0.0015375888503869283,0.00461951213871038
2015-07-06,0.00020778369656946315,-0.0037629237664075,-0.0006750131594648774,-0.0004862209206415533
2015-07-07,0.00158725570967635,0.0040391796551739086,0.01616093388280926,0.01023278623585359
2015-07-08,-0.00861116101224961,0.0008970448052532977,0.006220933728967128,-0.006601158310950046
2015-07-09,0.016094837977597986,-0.007582766573219368,-0.009742309028835706,0.0013156743342122763
2015-07-10,0.002020991451501786,0.00539597163499983,0.007717497734758582,0.0046121108956814205
2015-07-13,0.0006942305211435685,-0.0025893860407596226,-0.004674601771729692,-0.006545023127258781
2015-07-14,-0.0018301231991479483,-0.005784644058449473,-0.010163245498216168,-0.0007916427846409262
2015-07-15,0.00033076230097199837,0.005700938704698722,-0.00668561855329286,-0.001481287447221221
2015-07-16,0.005497086664297934,0.0023280057395645318,0.005962160034296305,0.008253703071007219
2015-07-17,0.0008932010250490617,-0.0010767649902762911,-0.0049067958943166175,-0.002848574944675808
2015-07-21,0.018872037135289864,-0.008531820203177776,-0.016208400195940897,-0.003939016170293538
2015-07-22,0.0017165546894452933,0.0017872098659542203,0.006682983170496559,0.0023970355694445783
2015-07-23,0.008632060860033564,-0.003305200098772332,0.009328884505266543,0.011493431520513067
2015-07-24,-0.00483859022392954,-0.0021727792967890514,0.0017886146411576704,-0.003180278382897461
2015-07-27,-0.014833142943321453,-0.0030978780297021835,-0.01718340895706336,-0.015787106159964027
2015-07-28,0.02111635182792524,0.006482646899276446,0.018083179518902016,0.01519952486548056
2015-07-29,0.0075863773527792945,-0.00873127467599708,-0.0018872373234490646,
2015-07-30,-0.014006631018784943,0.005109827892673113,0.012497042778952626,0.0020221176073782487
2015-07-31,-0.0008135547994012398,-0.006337502845146581,0.0005987481450715924,9.481585139142074e-05
2015-08-03,0.011325515941395504,0.001729714366003954,0.014208189897139855,0.013151580104745767
2015-08-04,0.016083741123235074,-0.0035155874256839414,0.02599165859712793,0.021012937215582686
2015-08-05,-0.005541253753265996,0.007071448097556111,0.01019064406924619,0.0005569859606718106
2015-08-06,-0.011939801899583637,0.011648245235616916,0.013201762604440927,0.002282761977609349
2015-08-07,-0.010486603195461908,-0.006997767985370995,0.006298785897411796,0.012930724473574906
2015-08-10,0.012674209068030361,-0.0029052301938461422,0.01240821387725206,0.011179886093903593
2015-08-11,-0.015752406116099116,0.0013559276862509465,0.01571795724790357,-0.003906602593990338
2015-08-12,0.011033517795131087,-0.00039693261749365084,0.010788685400862974,0.00979956868396692
2015-08-13,0.0035165897851743514,0.0041346221476223684,-0.007801702038316205,-0.0018676033332850246
2015-08-14,0.009185940106812174,-0.0029512062769326388,0.008078662230953104,0.006131425113106606
2015-08-17,0.0018400208393436037,-0.00022177730793795372,-0.007221221413579549,-0.009527389825788046
2015-08-18,-0.0013347436590761983,-0.004119808154255722,-0.002911697060970897,-0.004705979319852441
2015-08-19,0.0013027101648430024,-0.0028056570590410564,-0.000977227474503661,-0.0027041872359981536
2015-08-20,0.011294035719151573,-0.012601248395419096,0.009319163973235754,0.006677566203543288
2015-08-21,-0.01358511149237307,0.010466839378463199,0.020363458796680868,-0.007614824415234023
2015-08-24,0.005836321117184084,-0.004748857182159873,-0.001303906204287577,0.01316183650706874
2015-08-25,-0.027386940456135565,0.021201826290542104,0.026212053388239065,0.004086466171551895
2015-08-26,0.005140884513423915,-0.013197211439976474,-0.0061904572730415285,-0.0051003970428994405
2015-08-27,0.0025528949155684925,-0.0008471971277854706,-0.004457526896877196,-0.00010122989739780319
2015-08-28,-0.01982444587632488,-0.010339673273870286,0.02022588298896142,-0.013835539146587797
2015-08-31,0.017859155534746818,-0.0003141713084223504,-0.00877193348473131,-0.0012719981664477409
2015-09-01,-0.007839654556154894,0.012152158829153327,0.008242584133299681,0.002092981565363028
2015-09-02,0.010405308669197156,-0.019828060469279783,-0.005307266390964327,0.012660109559276761
2015-09-03,-0.001304888704845953,-0.0065855160119073775,0.005477522869125573,0.0005750549106675884
2015-09-04,0.013157906216448901,0.017311406804212927,-0.006186446046531579,0.018714339200322637
2015-09-08,-0.01805648476124575,0.01940428675901078,0.00813908677083821,0.005102999560680091
2015-09-09,0.002155693277252381,0.0002006224676441848,-0.013145448410857097,-0.013656674765009367
2015-09-10,0.006632137289300455,0.008056175591332804,-0.005924882278002608,0.012161543421226884
2015-09-11,0.010538242869687187,0.007029697634110565,-0.006282205123468176,
2015-09-14,0.002533915179935486,0.0004687863078382641,0.005146601957096686,0.0006240070074916594
2015-09-15,-0.0023260185958420498,-0.007320204988118584,0.0023889933325723423,-0.00016200169415208656
2015-09-16,-0.017337684575209122,0.0009786316624073917,0.015902638442522245,-0.0013759226150373747
2015-09-17,-0.004586635395461003,0.005990124665501395,0.0027264996442552644,-0.005123733647684721
2015-09-18,0.0030485535938702627,0.0033860235139928415,-0.0002813455352964171,0.003953839843614807
2015-09-24,0.01475469416462525,-0.0014096010395360896,0.011519396557135542,0.012293153091117271
2015-09-25,-0.00318277076807001,0.009144280026085225,0.007263301046347847,0.006519704850177614
2015-09-28,0.00638040509765656,-0.013319758757434874,-0.01109360495892968,
2015-09-29,0.004233911289838785,0.014043129946590939,0.008023507115059572,0.015303049933067338
2015-09-30,-0.0025073430004625367,-0.00968615911288919,0.005328716243305021,
2015-10-01,-0.008938861442076895,-0.004912545555561398,-0.019171689326468688,-0.019716245228911272
2015-10-02,-0.003349626088564062,0.006873496940617208,0.005392362478311008,
2015-10-05,-0.006527380543269423,-0.0011542833294558175,0.005930010749603287,-0.011426331031787956
2015-10-06,-0.007784768218213811,0.0004347985860674976,0.010902442887152274,
2015-10-07,-0.017470886650530936,-0.011340380004817473,0.025488162071960585,0.0022728514722612503
2015-10-08,-0.003601666443666862,0.005817112737473362,0.013964541483701033,0.009278306928234392
2015-10-09,-0.0004820221011825783,0.0005669948320590635,-0.0022349277047935667,0.0003044003843890586
2015-10-13,0.0015245245359806646,0.008323191923441619,0.012681110689411869,0.010320762316031816
2015-10-14,-0.003878881769494068,-0.001361995270830807,0.006482407969027016,0.0015507729118131724
2015-10-15,0.0034396065834684693,0.00310393429072915,-0.0006270814388146702,0.006023533726174294
2015-10-16,0.0033632368288790235,-0.005032559935953795,-3.365395524210788e-05,0.0002772050082999189
2015-10-19,0.00020513023275361454,0.002928393641613991,-0.002589812280069115,0.0022264163673989504
2015-10-20,-0.015225920652438085,-0.0040524709076245275,-0.006464046470325479,-0.00545496280816915
2015-10-21,-0.008628717117500972,0.011778811203951411,0.01103831007411702,0.012631235569509736
2015-10-22,-0.00012094660435277814,0.0013299597683091636,0.0019169199219053468,-0.0015250642953050953
2015-10-23,0.0014609272942237355,-0.00010621534743080483,-0.008917871513562048,0.004270313011418596
2015-10-26,-0.0031523727444426,0.0016444900467031287,0.00048499771337289215,-0.0046448018678875245
2015-10-27,0.002694376632373907,0.005139024551266092,0.01091076799191324,0.009152273790070409
2015-10-28,-0.0026144317580164113,-0.001322877057967364,0.0006409006176160139,0.003081645713546821
2015-10-29,-0.005160838169536764,0.0066031259778884365,0.004103744172706203,-0.005599331169121684
2015-10-30,0.004334374513596728,-0.006015377401862132,-0.0030249842387283458,-0.002776462374210179
2015-11-02,0.0065289060068290695,-0.001379498541373956,-0.0050606864934647396,0.007010276736836694
2015-11-04,-0.01260587527982282,0.013708710689616722,0.01781715692628214,0.005568895443930954
2015-11-05,-0.0066863319462650665,-0.004671770104028149,-0.004497524830931621,-0.007578407915269655
2015-11-06,0.005166723176462207,-0.0029783423857713486,-0.00047218519057454786,0.00413903447912124
2015-11-09,0.0013830882950898182,-0.002146502999620381,-0.0028931775275630404,0.005298066566724613
2015-11-10,0.0020158975321454163,0.006488845275959143,-0.00016010605851044576,0.0024810333714817097
2015-11-11,-0.0012360549345694413,-0.002358643465589827,-0.0027391007680274138,0.003061826285998737
2015-11-12,-0.000949199961244851,0.003805050431470258,0.0042586400222330845,0.0040734528292116655
2015-11-13,0.0005361062173370845,0.004031932071690614,0.0017721851360118057,-0.008284772211143637
2015-11-16,-0.008278712637893282,0.005485332406145993,0.01041573706866441,0.012688761257758854
2015-11-17,-0.004730132388063501,-0.0025201436488373023,0.002042506039089398,0.0003381248339196564
2015-11-18,-0.00334507189515032,0.005790560710173231,-0.0006628968278445503,-0.0018772478181028284
2015-11-19,0.009548712750055399,0.00023259734000404821,0.00012553334964593432,0.00405789134179777
2015-11-20,0.0077971292693527205,-0.0003832162123513339,-0.0010956635239108613,0.0021356601197060807
2015-11-24,0.004247968120835544,0.0007354677412727329,0.004128019299076735,0.008596158939191894
2015-11-25,0.0030553242926386615,0.00217120693926951,-0.0018409372799160105,0.0022822397290417464
2015-11-27,8.614498532715214e-05,-0.006833304937411566,-0.004953549147896963,-0.0016196110150166663
2015-11-30,0.011333844426822304,-0.010956044726853987,-0.011282004265519108,0.002441768265559424
2015-12-01,-0.00283587387641171,0.003859326488570747,0.004703971829767095,-0.0003214519085938247
2015-12-02,-0.00663352742455896,-0.005570003886677344,-0.0008165764921681306,0.00035121183692000675
2015-12-03,0.00573056789990678,-0.0003895071862734634,-0.006903600839733071,-0.006833125498998066
2015-12-04,-0.003117113535986449,0.0011017562770161199,0.0014509734234309903,-0.0021200265833787686
2015-12-07,-0.0031349410507442777,0.0011609254639794787,0.004134313766049558,0.0037881916462083796
2015-12-08,0.0017670332433715077,0.009637479374636593,0.0055619751555386005,0.00381458010817103
2015-12-09,0.00608561073748486,-0.0039104139484028135,-0.004314774365713148,0.005634221013342255
2015-12-10,-0.005262031235805797,0.004793430667221821,-0.0031160005078510354,-0.004251760615425456
2015-12-11,0.0018276141256135412,0.0031122395465353007,0.0016352275903825488,0.00253224330971783
2015-12-14,0.004787559306826749,-0.010613709053979004,-0.010091172923204161,-0.006934093424846538
2015-12-15,0.0026409594347053473,-0.003698792745624435,-0.0023288126659128045,-0.004975706030321381
2015-12-16,-0.0017216033109004993,-0.005205907572672452,-0.001980483915061515,-0.0047452234761965195
2015-12-17,0.005304946347200912,-0.00046322286319580054,0.0021896725195772017,0.002573520674688812
2015-12-18,0.0014320268715516172,0.0032781400982253572,0.005875774553585366,-0.0001753657240821842
2015-12-21,-0.0013451615354359572,0.0024539839219325675,0.00704542912220103,0.011740208397843472
2015-12-22,-0.005020753891688945,0.0025455987439069183,0.006254197307936571,0.0007758912523930794
2015-12-24,-0.0022652775697220347,-0.004616276368422923,0.0022161301479984184,-0.00852585217497894
2015-12-28,-0.005815563726336358,-0.004403645015905311,-0.002144936209148951,-0.0015364623762264438
2015-12-29,0.00031961247193457165,0.010338334935030736,0.0029934247246732994,-0.000909466321842068
2015-12-30,2.7207990614086866e-05,0.0007479504138541151,0.008207836094380538,0.007840297746393695
2016-01-04,0.005691481274577328,-0.011615820186415094,-0.022861078492341536,-0.019337767149317474
2016-01-05,-0.01669401861308075,-0.020313965796577002,0.00817001895114038,-0.01256174162976012
2016-01-06,0.00530382192239358,-0.007667180842685495,0.017164593526444793,0.014665774753185612
2016-01-07,-0.002119967233189546,0.0077157260175536365,0.010049526686675712,-0.003257066015725085
2016-01-08,0.012888355727380563,0.02197546140588773,0.013183674965139502,0.016560509749606756
2016-01-12,0.0012786794178353718,-0.00725395011668941,0.008008452603751604,0.013619556198646587
2016-01-13,0.0006673562924193847,-0.008149081429256787,-0.0028424806266172057,-0.009750710730758705
2016-01-14,0.010929365456763283,-0.0023883383690479713,-0.004262995467507524,0.01437589653915533
2016-01-15,0.012799343698348498,0.0026894791030080967,-0.00978657641143348,0.007457045788148209
2016-01-19,0.005932986588271038,0.0025527262553869615,0.000748457251887014,0.005846615352737717
2016-01-20,0.014795147904475135,-0.0080336319707641,0.004784443422330774,0.013679613516575043
2016-01-21,0.011983668552920433,0.013370466488967468,0.0009452644089881224,0.018911525122927875
2016-01-22,0.0009893157296321214,-0.0083023706349167,-0.004077656320121647,-0.010067116402047549
2016-01-25,0.011870775571058978,-0.00773224948178679,0.0002185853714897104,-0.0003759391614294727
2016-01-26,0.014497282498894305,0.004956604440422518,0.0066643843265705265,0.01394946378385593
2016-01-27,0.00030061245460883887,0.0028719680556181576,-0.006396473492740751,-0.005578110009367125
2016-01-28,0.004568328935484822,0.00223127848748268,0.005329900494056083,0.003381974255509205
2016-01-29,-0.015447437671931064,0.026771221772219377,0.007013455410141048,0.0058426086988973
2016-02-01,-0.005348296791860685,-0.016391840306024075,-0.016267639182487838,-0.012095367387571323
2016-02-02,0.015050589811218295,-0.02060416201297708,0.00772271749452671,0.02268231917762996
2016-02-03,-9.915420591080084e-05,-0.00413808094150434,0.0004873244296083705,0.006957955221285558
2016-02-04,-0.006940863329105018,-0.0055210282111066485,-0.0006773695142435962,-0.0028725438734743067
2016-02-05,-0.0001233823681659578,-0.015774830960322662,0.005995343437213773,0.03389242053789737
2016-02-08,0.002491116595814691,0.004620323507633504,-0.002719068015598002,-0.001812274319607116
2016-02-09,0.027404122361086202,-0.007377430910779626,0.015185131373660865,0.020206149053536127
2016-02-10,0.008150086646187799,0.023556273844189794,-0.005558234908189449,0.0006658620092713369
2016-02-12,0.005836846650582949,-0.004329320191936126,0.00796988892535715,-0.0038787783316401943
2016-02-16,-0.01824612580477607,-0.006849220373698151,0.015964324471463766,0.002115911163340886
2016-02-17,-0.01982216311447662,0.009070035112781061,0.004807756433390332,-0.013807065035220922
2016-02-18,0.008145515309717011,-0.005105188522650938,-0.0052818858648598695,0.011728364418137866
2016-02-19,-0.002160220931855572,-0.013823824234869407,0.010620295769281696,0.002434726660040079
2016-02-22,-0.0052438019446192415,0.011544192053429027,-0.005848591439057627,-0.008119108293954846
2016-02-23,0.0023313127894839083,-0.013660764418992267,-0.0023005217794244363,0.005426756272683223
2016-02-24,-0.011867875094153678,-0.006273030101724664,-0.004795645806832027,-0.007858768456766972
2016-02-25,-0.004302122497471261,0.0005592438938823545,0.006916950017460555,0.0018788071167948894
2016-02-26,0.006913241869758502,-0.004032176208090621,0.013000304568608567,0.005398354257173454
2016-02-29,-0.0012391075412282251,-0.017212350267215615,0.016407343000117258,-0.007705455278814055
2016-03-01,0.0049072457976304,0.002272721053265081,0.006351142910382257,0.005851327708989306
2016-03-02,0.00507400766545405,0.0020005562425775337,-0.003539658507369258,0.009902024710467897
2016-03-03,-0.02338955401473788,0.00045463798457370114,0.01045538092989462,-0.006027814783380178
2016-03-04,-0.006350999927113632,0.010408072460272599,0.011196823228303,0.004086995560984019
2016-03-07,0.008404127980043951,-0.00912329413925368,-0.011472698338375208,-0.006252399924489523
2016-03-08,0.010588553501191679,0.0036919594439698052,-0.009239253254075862,0.0038840332274517144
2016-03-09,0.002980841245429966,-0.002942264086150015,-0.0025775575439335842,0.0012031349176141863
2016-03-10,0.002681298125058773,-0.004814189516910416,-0.0007669721059137434,-0.00596593158140694
2016-03-11,-0.013852921342078384,0.007964520420716492,0.008443389164696558,0.0017818959372772891
2016-03-14,0.018127316778242798,0.00216428498266068,0.002028386377255576,0.014912638352345419
2016-03-15,-0.002928246230459597,0.0023350373958613835,0.005531999550006317,0.005890121083369093
2016-03-16,0.000522717855811039,0.0006008103300044311,-0.008378151407287593,0.0029570439284429817
2016-03-17,0.01014054831245188,0.0019820604734537284,0.008263845739099286,0.0035890968348022186
2016-03-18,-0.0031950735489249416,0.00660145155282854,-0.0034203465900051197,0.012315198609058239
2016-03-22,0.0018585400013328979,-0.003971844870811524,-0.007655897132277368,-0.000290761435083442
2016-03-23,0.0032836528386574137,0.0022083786451520203,-0.00024077201467034295,0.0013377006410012862
2016-03-24,0.00407459227890603,-0.0021562741148150044,0.007204080878406693,0.007639713486285556
2016-03-28,-0.005051685470459333,0.011557145701373117,0.00691965107795498,0.0020764827726815578
2016-03-29,0.0013824299562633644,0.003893408751977079,0.00392247254861926,-0.001179439935099543
2016-03-30,0.0032788584419206623,-0.009229180981608076,0.001791045184981921,0.0020579285724329904
2016-03-31,-0.004142418008929694,0.0020979990303179098,0.005462511970001272,0.0040861619335816795
2016-04-01,0.004746920401109845,-0.003623019485411969,0.007936606454548703,0.006010978116549864
2016-04-04,0.010509284908152238,-0.004025989866648838,0.01747707698080352,0.011157602198380528
2016-04-05,0.009723003455726874,0.014381580905350801,0.01502403327885622,0.01236926852650202
2016-04-06,0.0011006356552039518,0.004097028948046288,-0.003356179111755608,-0.0034887733635275975
2016-04-07,-0.00767909496647976,-0.004241864491394543,-0.003929038862097923,-0.005923630670143087
2016-04-08,0.0035152724225522743,-0.0013167853271992993,0.0012714499669183475,0.008586203617362231
2016-04-11,0.005035932139564636,-0.0063310971201185895,-0.010640009482679803,-0.003935072429356534
2016-04-12,-0.01731798105607134,-0.009911860707780495,0.015278820614389054,-0.004092553939354371
2016-04-13,-0.006833125830659625,0.008334187946676997,0.005694266254596948,0.0022536739465428366
2016-04-14,-0.008258503262309702,0.001405079291738033,0.0038711091115623663,-0.00069818209124591
2016-04-15,-0.003180745447458011,0.00421208518105971,-0.007501271110582563,-0.0051268415991611695
2016-04-18,-0.007845614542011114,-0.00442211621548243,0.008568018114861409,-0.0017266182094940793
2016-04-19,-0.0016112482641843064,0.006222747014612029,0.0023085257198394607,-0.0009675906087510122
2016-04-20,0.0005071043062964799,0.002900096973686628,0.019751943860221145,0.0226688257716754
2016-04-21,0.006804616919699647,-0.002174703845827697,0.005221273381281688,0.014525918466607723
2016-04-22,-0.019579535434156227,0.011229158276673746,0.01892774740582386,-0.009193862939569392
2016-04-25,8.679256711940919e-05,-0.0005834503835517868,-0.0035932310341904913,-0.007290180150339183
2016-04-26,0.0027408880488531736,0.01218968706890393,0.008890141423572495,0.00929346575962343
2016-04-27,-0.002683665335070051,-0.006767309123048727,-0.00776947512405457,-0.005746432041627351
2016-04-28,0.012990150066046625,0.0017844192057589366,0.0095196196107596,-0.002332236036274842
2016-05-02,-0.003609935357858739,-0.0005972173671670456,0.021605043731097506,0.0038043900049826943
2016-05-06,-0.00023413276533408318,0.004248685757318338,0.016945390324600185,0.010212046094989675
2016-05-09,0.004127746670627786,-0.0022766276284564187,0.0008352234566764366,0.009245315836838325
2016-05-10,0.0060935333711726655,0.008056127885445895,-0.0015062670361852602,0.011435442785560662
2016-05-11,0.0036287336074017464,-0.007115852061944338,-0.008200243766320493,-0.002727508714677751
2016-05-12,-0.006329231816348323,-0.006984324175980583,0.007540393639116161,0.0013074706208693442
2016-05-13,0.003912320639676592,0.0008167183313916972,0.0006397349670554274,0.007797101370207615
2016-05-16,0.00447927030902564,-0.004329342761907084,-0.002968133815223606,0.002460503134383613
2016-05-17,0.001734364483877937,0.0025311752494111776,0.0002270101957327019,0.002037383671219151
2016-05-18,-0.013223258225256607,-0.013867590402079168,0.014325913845738092,-0.0067263043832881215
2016-05-19,0.006003305737004627,0.005103887279499309,-0.0004201477436335038,0.004767082891292707
2016-05-20,-0.0008806002219885923,0.0013941472807689871,0.0031156919193646273,-0.0004956103875105402
2016-05-23,0.006803598744411632,-0.007387527476996359,-3.6925460355919336e-05,0.006921511991267569
2016-05-24,-0.0007297474151064298,0.0027629202347960956,0.00028237603794507545,-0.002580647958809196
2016-05-25,0.000628204224151352,0.0017131771495159322,-0.001915412016514928,-0.003291713410965384
2016-05-26,-0.0015785864719678466,-0.006064524432205531,-0.003353910283394512,-0.0008252387817858364
2016-05-27,0.0005072949856605779,-0.0006257871930800186,0.008493191905443464,0.009883608919102291
2016-05-31,-0.0023037731155333366,0.005871213796220132,0.0018799018219829875,-0.003607342652004667
2016-06-01,0.009532085432220016,-0.0011225308724487795,-0.010303436773294972,0.001797351873391917
2016-06-02,0.004347663314813375,0.002235446813127706,0.007062321093294343,-0.001924816693294723
2016-06-03,0.008639807134485245,-0.004225983545891099,-0.0058645109151237215,0.003255230735708862
2016-06-06,-0.0014737351906033201,0.006623638629452432,0.012712908910015065,0.00560633435961258
2016-06-07,0.0005825720201541263,0.00034133919377556945,-0.0015234671351796792,-0.0009279817783950464
2016-06-08,0.0020745572512050224,0.000977754823929278,0.0027338740902752793,-0.007043133763151466
2016-06-09,0.004432244636507554,-0.0010603203787524994,-0.0018717226935500045,0.0022886450966213686
2016-06-10,0.001772850532163983,0.0011372406112328149,0.001505429123751223,-0.000794532237741711
2016-06-13,0.0021637398315634618,0.014506321628199936,0.01887821561794016,0.009331745597438256
2016-06-14,0.0056252281378056605,0.004955871079749908,0.0016948370524723748,0.004574733230738218
2016-06-15,0.007411321312308617,0.006315577942473482,0.005288448382304111,0.0036363906672161163
2016-06-16,0.0028107730180925578,-0.010564311117252334,-0.009429853909716426,-0.020579609162838797
2016-06-17,0.010966446157363575,-0.0034007646602591144,-0.0010360135229466215,0.004786792091848583
2016-06-20,-0.00954394248748085,-0.002026523097696842,-0.004728872975708853,-0.010640187201556897
2016-06-21,0.013169041320625418,-0.0044361435919528566,-0.007568654964491972,0.010005202470272007
2016-06-22,0.0016686429773939745,0.005408904691579197,-0.006905440907026228,-0.004454380376937303
2016-06-23,-0.0020227211685744486,-0.002664416347477938,-0.010224328242670699,-0.006071056339575028
2016-06-24,0.04162116851581608,0.00012874589313068008,-0.0023208740661228022,0.02214732722442958
2016-06-27,-0.0066899442106630016,0.015506661731313896,0.032531629574856336,0.023702252456431837
2016-06-28,0.01131549640412186,-0.0024092752467967053,0.01540397628435497,0.005764206660125389
2016-06-29,0.008338751610387551,-0.006446985961499018,-0.013738692656593821,-0.01847305717294445
2016-06-30,4.627215146779835e-06,-0.0010915979574137149,-0.00534345434191863,0.004332419034445052
2016-07-01,0.007078983500681946,-0.008087505756381707,-0.003140465624321509,-0.000587563325814883
2016-07-05,0.014562336803959153,0.0024567024635510524,-0.004536248214714544,0.0003466642476780302
2016-07-06,0.009624243478317519,0.023238753576843508,0.01605245785761875,0.010137223087910178
2016-07-07,0.0010339951217772426,-0.002221515622581549,-0.004743608898052409,-0.0073043296597401055
2016-07-08,0.015507053094344856,0.009540028838024406,0.01764928759474711,0.026361249231105954
2016-07-11,-0.003120181516656429,0.017262492236875503,0.021820202407583533,0.023940951072687677
2016-07-12,-0.012323538480565242,0.007587075540798738,0.01941773306809582,-0.00506780487518894
2016-07-13,0.0043274536556184625,0.022444368204338882,0.01876331490331964,0.006049078624640556
2016-07-14,-0.005980842132275788,0.0018385395058867493,0.006916581319653181,0.003157707665454675
2016-07-15,-0.013382618185755346,0.01872501173752741,0.00562349024760993,0.01521099988278718
2016-07-19,0.01773431278681494,0.007951761966655967,-0.004623952660356601,0.009594107410678714
2016-07-20,-0.0030758633591290384,-0.0004416212577142309,-0.007209537656434661,-0.010384521198096314
2016-07-21,-0.007099139085670036,0.006431333547451157,0.008895922919022614,-0.0035516690304329746
2016-07-22,0.004221442563219546,-0.002458675698954882,0.0007783185206982956,0.0006921055986391551
2016-07-25,-0.0048226997450250275,0.00016304724531761574,0.001860772349696771,-0.004075372870271062
2016-07-26,0.013731382893707011,0.005537201399377988,0.0072337010955685335,0.012889702605029352
2016-07-27,0.0039058887001367504,-0.0026755310475660376,-0.003779738894991658,0.004052287581699288
2016-07-28,0.0057593688238219524,0.0008096096691807119,0.008171890699874673,0.011328226638372343
2016-07-29,-0.015951607875165096,-0.02426504126600897,-0.014408259425274106,-0.013958146963769022
2016-08-01,0.0008094111744631593,0.0001479236284450459,-0.006028862595837104,-0.0008820929543186399
2016-08-02,0.002810316996243744,0.0014572462836890399,0.010632332858031578,0.006115907401648607
2016-08-03,0.004414274875140456,0.00038103022690210136,0.008774853232588998,0.004306438069719665
2016-08-04,-0.0018923906131653287,0.010270113163576688,0.006114177156301071,0.005428854097751401
2016-08-05,0.006523278594647941,0.008032169158457437,0.0030529756601396455,0.0046610269820036646
2016-08-08,0.005104150907260174,0.01642789848682491,0.019952653919413497,0.009143104428960363
2016-08-09,-0.0032771602526120882,0.0009061036041116743,0.0040823786472204745,-0.001067907045042429
2016-08-10,0.00034555427869522584,0.0013625967230751269,-0.0037919391767940345,0.001462854523796353
2016-08-12,-0.007488160786340093,0.005536365760378348,0.008908570610593313,0.013720535249845178
2016-08-15,0.0038313405328189052,-0.006306101768124117,-0.008235596490676934,0.0016851948385537088
2016-08-16,-0.00176719727554513,-0.00807640171842161,-0.009523817282218029,-0.0009721072789824481
2016-08-17,0.0025682437247895647,0.008454600036595372,0.013855945778624057,0.013444865393725724
2016-08-18,0.020050615199536836,-0.014374625643068439,-0.009553631287190334,0.016190477364057338
2016-08-19,0.013255491526848306,-0.002843979008411046,-0.020833489992946076,-0.015033814002437473
2016-08-22,-0.00021622100286717866,-0.0006754822373135961,-0.0073692085001980205,-0.0029811510932189317
2016-08-23,-0.012518202572708281,0.008128228884853385,0.009174517542757311,-0.005177394393059254
2016-08-24,0.0025898770551592287,0.003266410905241957,-0.002170359535676236,0.0029764112895245077
2016-08-25,0.002719320362887001,0.0021046983581662457,0.0010093319011482027,0.00172549889656395
2016-08-26,0.009322421321510711,0.010197419264709028,0.006541078069152474,0.0038237036419658203
2016-08-29,0.006603852993555748,0.0057629419703372434,0.013181602826984395,0.007816105354593275
2016-08-30,-0.001104800236823533,-0.0031769255518242943,-0.005279108520446685,-0.002050088497833391
2016-08-31,9.746472201106445e-05,0.003980330984891945,0.00875799421577641,0.0045275351836758715
2016-09-01,0.002263727983531183,0.0017347321781334911,0.0020694423364552737,0.0059265291349981375
2016-09-02,-0.007140372546507345,-0.0035314762038944902,-0.007353610397949951,-0.005895103234814864
2016-09-06,0.004892885284935544,-0.002647321829986393,0.001412632002340941,0.0038439971329481404
2016-09-07,-0.0015984472703487683,0.0016656777299530524,0.0023672034269475394,-0.002180720092915256
2016-09-08,-0.0024352395241079346,-0.001901437074993728,-0.003797216458029462,-0.002558961845918589
2016-09-09,-0.00546721973879567,-0.002205140472154854,0.00024085418340979992,-0.00020695003152526787
2016-09-12,0.0016697920949842347,-0.0014042033855131471,-0.0040643258534887265,-0.0014274654083701876
2016-09-13,-0.0042560143338223,0.0026262122383624575,-0.0007119105081950795,-0.004074505238649606
2016-09-14,-0.0017419180284627966,0.004919447379509534,0.0029369688327663956,0.0034046325047164725
2016-09-15,-0.004993333185964799,0.004521635072757224,0.0014353427489056435,0.0018869852975205714
2016-09-16,0.0010020955122830744,0.0009650979302645356,-0.002745783205846286,-0.0013121203116421287
2016-09-20,0.003746655537170374,0.002758046666105885,0.00889135280910316,0.011347657533346434
2016-09-21,0.005254731133527167,-0.006810899962900716,-0.007959236167807093,-0.005749768847277866
2016-09-23,-0.01023751779979045,0.009189910338179752,0.0025986679805227062,-0.004785025350755849
2016-09-26,-0.0021706888790899333,0.009398823853983896,0.007638011856097626,0.010579641218582311
2016-09-27,-0.009552983890689436,0.0007041379125089396,-0.0016051598249127164,-0.006833643305049079
2016-09-28,-0.005875349103170469,-0.0013461494157949172,-0.00177241511417241,-0.0006654336246308262
2016-09-29,-0.002286345868379902,-0.006898145197373284,0.0010050884553954864,0.0005796895175446245
2016-09-30,-0.00026186116488706706,0.0018837724580486495,0.01093933156103153,0.00322523312444545
2016-10-03,-0.005461484539099781,-0.003831574330310117,-0.0038560392946162207,-0.002891155476443009
2016-10-04,0.010507745585385897,-0.0035169358792772167,0.00927029023865491,0.009441790365544649
2016-10-05,0.008962889360256087,0.0028326065093635666,0.0044471714679866995,0.0074466238937747386
2016-10-06,0.00516500392126551,0.008803059940891523,0.004081442145613612,0.0037378721334887072
2016-10-07,-0.0013414883296722245,0.001957430304433028,0.0026476586559076587,0.0011513792745988496
2016-10-11,-0.003817406573522919,-0.0003400319553313435,-0.0017925583341523942,-0.0058828577440256935
2016-10-12,-0.00027202491517221985,-0.0008182120735825249,0.0009089741842259746,-0.0015779355845666854
2016-10-13,0.0021405941008807885,-0.0003715210046937086,0.00488528774039414,0.014379954109303317
2016-10-14,0.007953806764076976,-0.004286614537048972,-0.004993229462832205,0.0012668918918917749
2016-10-17,0.002063793546812698,0.005569670343842393,0.004157413133265853,0.002113994904830526
2016-10-18,-0.000237508877977488,-0.0015625969396804384,-0.0015730837577271784,-0.0031291930920636017
2016-10-19,-0.004240092245242244,0.001920957312955429,0.0035120544278342213,
2016-10-20,-0.010178681485902818,0.003697000590036814,-0.0011827069030818206,-0.008767705791770648
2016-10-21,0.0015933782542085773,0.0001976698376539909,0.00046313944164140254,0.0009429673233528613
2016-10-24,-0.0033468420746290087,-0.0034493829869552293,0.005960157096907515,0.0007791195948577689
2016-10-25,-0.008652146355562752,0.0016927396125951733,0.004050543265946715,
2016-10-26,-0.013053969989605063,0.001809367747058488,0.010180360771976482,-0.00426356589147292
2016-10-27,-0.004641374889084515,0.003012707361192657,0.00229741954553071,-0.0019175932970668902
2016-10-28,0.0054001217004642,0.002055014822434953,0.004710434100513573,0.0031575385443489345
2016-10-31,0.00019668217281492155,-0.0026502662550484057,0.0030166292154852666,0.0034823287823107308
2016-11-01,-1.4857189921180193e-05,0.0010275200618695248,0.005380937974809519,-0.0038596519601500345
2016-11-02,-0.004421539896551831,-0.00842273157142328,-0.00899686330285423,-0.007629861556259578
2016-11-04,0.0007375146574575067,0.005127970647406266,-0.0018449937024359146,0.003231957257634366
2016-11-07,-0.0027743861187098594,0.006736835599275781,0.007744450807976921,-0.002121112381446688
2016-11-08,0.00014288911546680451,1.2353351823235493e-05,-0.0027987780252887173,-0.0036463397974830225
2016-11-09,0.004124443560423144,0.01838451842448552,0.03414208781113979,0.03348765807053857
2016-11-10,0.003189551659065026,0.000976855216030281,0.0021309425907569232,0.0027696940217778318
2016-11-11,0.005807945562562855,0.015364096281863037,0.014831479106644374,0.006868023149859974
2016-11-14,0.016680807870523482,-0.0026690107577004955,-0.015148818298455912,-0.005855684643668108
2016-11-15,0.0018995523369914617,0.0025440521056887323,-0.00019158021712919462,-0.0003133470825974205
2016-11-16,0.006564102697537554,-0.0014333252999341184,-0.014960745792856132,-0.01420013432915886
2016-11-17,-0.002499552472277666,0.006783886702563158,0.0046304504935866355,
2016-11-18,0.005140297730950417,0.0008548942432271554,-0.008605600214419518,-0.008753939031885021
2016-11-21,-0.0071223883387989675,0.0012833570731300321,1.5307339927694494e-05,0.001275715101069802
2016-11-22,0.0023464380564560024,-0.002808848120036167,0.0007901953520778717,0.0027309177050440624
2016-11-25,-0.0017234091406733267,-0.0030211652188093297,0.0016861607367287146,-0.012552490728580057
2016-11-28,-0.003047301271753722,0.00598803017377556,0.006854280424634607,0.004382473224713912
2016-11-29,0.0002038513247223598,0.0012864828389984595,-0.0007952465891892802,
2016-11-30,0.003198544692201932,-0.0003391238157248955,-0.0005421400587094728,
2016-12-01,0.006731057456300427,0.014546902144317687,0.013117121276755173,0.011324031104256888
2016-12-02,0.014386443006974848,0.005442140044430621,0.01287962918088068,0.008998842685105755
2016-12-05,-0.004166980849048808,-0.0014186289407990046,-0.0008832587626035338,0.0006750843855481969
2016-12-06,0.007384709620421547,-0.0036414052879947703,0.001159233783017433,-0.00122970385055863
2016-12-07,0.013194453538881601,-0.008420862556850128,-0.0066841807283553704,-0.015809230082393155
2016-12-08,0.011290989744330404,-0.0006181685507560489,-0.0037658736007316167,0.002159641020075021
2016-12-09,0.004148440423814124,0.008863217970627679,0.007914683370462684,0.002085996829534309
2016-12-12,-0.022858207465585624,0.00998321849719359,0.02205634536458858,
2016-12-13,-0.004941548836818011,0.0042127597071877744,0.00535635934549894,
2016-12-14,0.0019637389273116975,0.003904317059666429,0.0026519346661312056,
2016-12-15,-0.008161152315622644,2.108098103699137e-05,0.0036980653272635114,0.001356430427100075
2016-12-16,0.0036285870810822685,-0.0015737216163736578,-0.006756771271149997,
2016-12-19,-0.012905186222044219,0.00340373378185288,0.015004740884455359,0.01524429493549917
2016-12-20,-0.012016672378604043,0.006788009401056861,0.009505799654188341,-0.005069708491761693
2016-12-21,-0.0005443768553494042,0.0020107213888348463,0.0017747237723313878,0.0012327278173857176
2016-12-22,-0.001157447544342105,0.0010936565766288097,-0.001262670540791877,0.004770992366412263
2016-12-27,-0.0015143076254426902,0.0011315967628756861,0.00328746567950331,-0.0014800197335964604
2016-12-28,0.001286324764451785,-0.006728313206978376,-0.00794888862110219,-0.00915153006522157
2016-12-29,-0.005525642545151643,-0.004509087186774607,0.004510060456521203,0.0041345510562278975
2016-12-30,0.001077009250181171,-0.002152461501664971,-0.003591593639751856,
2017-01-04,0.009989568582095655,-0.006763762940337071,-0.008569050830181802,-0.0009410725684545589
2017-01-05,-0.0026270143857832994,-0.001130734365817232,-0.0034177037304592432,-0.0014346221810928855
2017-01-06,-0.010664240630170175,0.014584565827747342,0.009967576317944227,
2017-01-10,-0.0018663218656453707,0.00046232738742819565,-0.00036143120804339474,-0.004530807752916699
2017-01-11,0.002690468731870732,0.005630573570124397,-0.006608855199138253,-0.00795241366336121
2017-01-12,0.006805119215851651,-0.008008866615175237,0.011241784986043378,0.005538354976855091
2017-01-13,0.008235959195894238,7.609154399680108e-07,-0.008650861457825633,0.0014116037650107418
2017-01-17,0.001219537878323451,-0.004634987459630979,-0.0005304975808887672,-0.009348699266388722
2017-01-18,0.013692775680333181,-0.01238241970163052,-0.006775480576966041,-0.0024933419074991137
2017-01-19,0.002010470179206969,-0.004887571852728323,0.004893846532048762,-0.00023652925443023998
2017-01-20,0.00817095689337428,0.004466086758598542,0.007099100454419927,0.0085669299796071
2017-01-23,-0.0004589252988772773,-0.0013005196712096991,0.0012050442377718575,-0.002168374762332496
2017-01-24,-0.0026580697606676694,-0.0015399598943951261,-0.0029004728948922587,-0.013846120570678818
2017-01-25,-0.003053536395224099,-0.0031559429323925643,0.0007815137506889109,0.00025837347950573904
2017-01-26,0.001112804040715276,-0.006180526444450751,-0.000424422379096856,0.0023434626265248057
2017-01-27,0.004344208989478337,0.00027349157206948407,0.0065916602437445125,0.005953333624366088
2017-01-30,0.002630169796046378,0.0016936192741644927,0.0009298021385166777,-0.0020909593613983035
2017-01-31,0.007504682322549328,0.00868623665582242,-0.0012217870069549447,0.004422718808193671
2017-02-01,0.0007071428762881471,0.0007108718771236646,-0.0018682459241836646,0.0038462419476319454
2017-02-02,-0.004034829304624532,-0.0016693477472819584,-0.0023219090094969592,0.0014828454686302613
2017-02-03,0.002132751350244666,0.009656997642192234,0.002265428999838304,0.00696564025819385
2017-02-06,-0.0029630991288001063,0.0021670950464195205,-0.003704791187255818,3.1984975642734663e-06
2017-02-07,-0.002687478191727477,-0.0031372322774763537,-0.0013911816771727372,-0.0050983248361252675
2017-02-08,-0.011009591804687368,0.0025460542462987902,0.008804316275828672,-0.006607547034238159
2017-02-09,-0.004465316366085425,0.0007889414959959093,0.003324401701133195,0.0033050047214353007
2017-02-10,0.0021387176927762487,0.003253666373155273,0.0014992209085949778,-0.0024055006421955993
2017-02-13,0.007789776821210226,0.0014045032695217952,0.0047711602053118534,0.0059318052487594055
2017-02-14,-0.001947770116297676,-0.004516573166209348,-0.004529546967676313,-0.0019300952662880738
2017-02-15,0.003929167409228907,0.002611710535491496,0.003636322867707453,0.0036512499951169676
2017-02-16,-0.0035772935943189535,-0.0014411926485618399,0.004212440902830372,0.0
2017-02-17,0.0029620497676160484,0.003956152448848638,0.0018676668260649845,-0.0024253059486647466
2017-02-21,-0.005292700740503853,0.0025025289225739876,0.002024509758665216,-4.0849315752822246e-05
2017-02-22,0.004630162248173741,-0.0051954437028510995,-0.005303619328452469,-0.007604276324044386
2017-02-23,-0.005314899871629542,0.0011072622126647945,0.004702537654117878,0.0009269881415554515
2017-02-24,-5.555472149760822e-05,0.002747095571528835,-0.0022780201790094877,-0.0036573814469013644
2017-02-27,-0.010347882314800128,0.009476584861202376,0.013633722124839067,0.0037638190860047605
2017-02-28,0.002745566956536982,0.008589110783115729,0.004006939601494364,0.006329943978564808
2017-03-01,-0.0054103512049459065,-0.000937126587600123,0.002766894962830224,-0.005805498117845549
2017-03-02,0.0011171400754130367,-0.001274889546056235,0.001438853076321678,0.0022857753861517485
2017-03-03,-0.0031912184626362804,0.00567959488081089,0.005594960248417636,0.0028629770275908997
2017-03-06,0.0055750754611749945,0.0039710988467677845,0.003020164843479156,0.0031998766534597394
2017-03-07,-0.0013709090988321072,-0.0035872733029195915,-0.0001758732923097476,-0.001260482314839014
2017-03-08,-0.007470294777814757,-0.00031361792478885593,-0.00323756635923389,-0.006548471950474126
2017-03-09,0.004727665148505911,0.003049518511065896,-0.004412616066331765,0.0008458883137211382
2017-03-10,-0.002625747525190226,0.008060517107609199,-0.005968985453713249,-8.073112979898288e-05
2017-03-13,-0.0016765931087628695,0.0008328913333736756,0.00016622466670703786,0.0012324934157634804
2017-03-14,-0.0022749592649231824,-0.0005173740099897683,-0.0025494960336708058,-0.001022704194377342
2017-03-15,0.00037118529643238586,-0.0024612668683667628,0.002038707125984263,0.0020321975219755985
2017-03-16,0.004155678423839015,0.002346689303904892,0.0006299511064800533,0.0016600108414483838
2017-03-17,0.0007878871794774866,8.931564674741427e-07,0.0019281316149212468,-0.0003171885159517551
2017-03-21,0.004063036400431819,0.005633418246597422,-0.004593762174468963,0.005792071578573821
2017-03-22,-0.001475924514125637,-0.007137899403863401,0.011849704972569342,0.00379528556503741
2017-03-23,-0.0010979452261594025,0.0012814677105440042,0.0038703300924083136,0.004522286972041345
2017-03-24,-0.0037549705246177068,0.004616271222480161,0.0022006930478840835,0.0012737916825273144
2017-03-27,0.001222629149859622,0.002882271013172244,0.0040510535984866975,0.005030074131786721
2017-03-28,-0.004778401333413517,0.0017393998417684743,0.0048414541277184584,0.0008093791811149519
2017-03-29,-0.004340732097494438,0.0062315197010175405,-0.009096115634911505,-0.006955307518241744
2017-03-30,0.001986432574550733,0.005438916124172888,0.006648910771048677,0.006092436533832712
2017-03-31,0.005731148291932397,0.005129772505939135,-0.0035922883089845262,0.0021135906157835854
2017-04-03,0.000543847326870206,0.0016424914285367632,0.011152585334949228,0.01076806429274375
2017-04-04,-0.0025020387025534788,-0.0003540050783904739,-0.009234243104068618,-0.0038696614690560613
2017-04-05,0.0009275041424581464,0.0044461333222962415,-0.0056532426868511005,-0.0062905102591305885
2017-04-06,0.004244409341963641,0.005660723073083962,0.0033817538284023566,0.001600554415521177
2017-04-07,-0.0011225192560370802,0.005444721720644318,0.00855281411217763,0.0016278541034714061
2017-04-10,0.005804315940227123,-0.0025654776973573546,-0.0017262035827202873,0.0017442479794424295
2017-04-11,-0.002736671546292846,0.0038130272120591837,0.002788651427430855,0.003820501390805392
2017-04-12,-0.007541499808856988,-0.0011456054635611947,0.011676296645100236,-0.0010532933552567607
2017-04-13,-0.004003728978209043,0.007235531851487776,0.007925875161333784,0.0023281561631759763
2017-04-17,-0.005301620501063309,0.0034201464908884646,0.0032924542631080026,-0.0006991488165921878
2017-04-18,-0.004385537630746383,-0.002905705471287812,0.0026072834226118276,0.0015534630343708167
2017-04-19,0.0018774895345739398,0.003027450043162272,0.0038304406657863055,0.0009365852027610534
2017-04-20,-0.003255239317038483,-0.002817815986710004,0.008483861620749322,0.0038931194416074455
2017-04-21,0.001086668361036791,-0.0002722715206811,-0.00323750885849643,-0.002103344629315218
2017-04-24,0.0059421662345760405,-0.00023676899282174533,0.0002755704377899182,0.00877104426279568
2017-04-25,-0.002263217530886852,-0.0017386958462705326,-0.0017509123126810077,-0.0044926514367562564
2017-04-26,-0.002455179644970018,0.0021257687811212954,0.0029864299780429037,-0.003173532769934521
2017-04-27,-0.0024621315078517947,-0.004578246084722393,0.0034870912739190406,0.0037914847523703816
2017-04-28,0.005824544876801041,0.004760817036881648,0.002507227950461588,0.008654172519315028
2017-05-01,-0.005982839870350087,-0.002738420850539702,-0.005248117050440726,-0.004789497140311756
2017-05-02,-0.008570398541365232,0.0021372110109972643,0.0017285285451606569,-0.006368585483348825
2017-05-08,0.0014176598336807615,-0.0006951215121506309,-0.0039118385414287585,-0.006639081694674512
2017-05-09,0.007107861233761592,0.001865459688682436,0.0037453761382878034,0.008165464642678828
2017-05-10,0.00016239678323572994,0.0011008966168180477,-0.0032626584919237976,-0.0012602853058223764
2017-05-11,0.0007840985474148799,-0.002001874827968364,0.006243658326014746,0.006916216502962758
2017-05-12,0.00181865224140918,-0.0010736213532388072,-0.00032025436765348303,-0.00013347870962231818
2017-05-15,0.003988207259019605,0.001900232947302949,0.009499231166065658,0.009481023523920325
2017-05-16,-0.0008360622932497064,0.005384999964659176,-0.0030063490486143874,-0.002433450674866814
2017-05-17,0.004566965397162592,-0.00593333409378376,-0.00843333409378375,-0.0017015388556644861
2017-05-18,0.0063393711586417385,0.0005158754932373721,0.005047954735835237,0.0040528978038072375
2017-05-19,-0.004808396576270324,-0.002608198266084205,-0.005503899409598834,-0.003077854626749832
2017-05-22,-0.001926133445610456,-0.003770144887112914,0.003349356875698839,0.00022532890416882
2017-05-23,0.0034194502249778715,0.0015968828208643203,0.004445489120815549,0.0007906143205020392
2017-05-24,0.0009712428317291576,-0.0013981917667664323,-0.00019137576875254418,0.0019469026548672441
2017-05-25,0.0009804880726947294,-4.38610285342421e-05,0.0029497667885588718,0.0019278334725102877
2017-05-26,0.004692719727128436,0.0020323714224355304,0.0034830451168202494,0.004890614882486795
2017-05-30,0.0012292726415745747,-0.0012421400434384556,0.0009356215553416368,0.0011433277207898943
2017-05-31,-0.0029085307940396768,-0.004331155056960311,-0.0024183347156082613,-0.003226529442257516
2017-06-01,0.006742879837422633,0.00980117851595046,0.00980117851595046,0.00554484856135005
2017-06-02,-0.012207859138098586,-0.00110799800429373,-0.007008932311827131,-0.00907854046895602
2017-06-05,0.005903647513199961,-0.00871773050027196,0.0036016930745000455,0.004287189644789789
2017-06-06,0.0022835002667167537,-0.000555766300519167,0.0026219592376531373,0.010073710073710107
2017-06-07,-0.0031310948470977262,-0.002840115215671934,0.0008899432971883004,-0.004807800429141307
2017-06-08,-8.5941792856703e-06,0.0021648245766880073,-0.004255321611676899,-0.0023065254203456613
2017-06-09,-0.007638136361369607,0.00745126295195162,0.00745126295195162,-0.00025034932463902093
2017-06-12,-0.00019283391185196406,0.006144877105275914,-0.007215349897425782,-0.01382039736992563
2017-06-13,0.002421541973251373,0.00036041274220579515,-0.0008808834999950001,-0.0009365570751204699
2017-06-14,3.966645911885891e-05,0.000414365254531135,-0.001098797217585501,-0.0012690355329949554
2017-06-15,0.00902808227146852,0.008353984032865558,0.008860740789622313,0.006990778646781387
2017-06-16,-0.0011933934032693605,0.00026959991863630963,0.0012092431796050461,-0.002022632973602617
2017-06-19,0.0030272277044555594,-0.0075372777479778994,-0.0075372777479778994,-0.014114697518938901
2017-06-20,-0.002567958799343328,-0.0014151764774694485,0.003725120791382675,0.0005380255960336089
2017-06-21,-0.0016304013585536569,0.0013943634648574846,-0.0009462683096206569,-0.0005899392628370245
2017-06-22,-0.001764794245410384,0.00027774061189906886,-0.0009727150374897021,-0.001387926820509808
2017-06-23,-0.0007588707231672931,0.0008091485489080119,0.0008091485489080119,-0.000656491055309368
2017-06-26,-0.0002079829931083575,-0.0032964432402309285,-0.0032964432402309285,-0.002255585679290184
2017-06-27,-0.002181112045904765,-0.0021326710122123505,-0.0032186438628910795,-0.003411844861183788
2017-06-28,-0.007949254207556145,0.0012172822470231772,0.006312758168375576,0.0013492922731464334
2017-06-29,-0.003725840211684428,0.005010769373507973,0.004941565221258814,0.0
2017-06-30,-0.002673672691502249,-0.0005620290170101016,0.0021059272513967997,0.0011338497072458376
2017-07-03,-0.0024715466397265073,-0.0007508487345672555,0.0017004269975481102,-0.0017318159327065485
2017-07-05,0.0020970177731552075,0.009655300433657699,0.008178528233935589,0.011556208596590864
2017-07-06,0.001001407536271781,0.0006881239840907049,0.0019031248067267416,0.0029909542526366795
2017-07-07,-0.0032785461600840504,0.0038566907056210016,0.0026739077634880593,0.00016824616714509197
2017-07-10,0.002091885109212455,-0.0006479862185050367,-0.0026774792172725046,0.0010432690424077352
2017-07-11,0.0032357065752812273,0.0018935930417277814,0.000967323155593558,0.002737029219568576
2017-07-12,-0.004067896089072609,-0.003972701416306323,-0.0004462000280484491,-0.0040655840883727645
2017-07-13,0.006266516468934636,-0.003105296689667569,0.0045973555986295045,0.0038648801283856686
2017-07-14,-0.0030472874727112353,0.00042219414011346323,0.00042219414011346323,-0.0022014282162624668
2017-07-18,-0.004134934253109646,-0.0011814872410145227,-0.0027959613549877636,-0.0035840800811984485
2017-07-19,-0.003913746142989205,0.004380578063475182,0.0036106069373924134,0.001086864688190118
2017-07-20,-0.006202529625280118,0.0017950403197931845,-0.0004427649746296062,-0.0030539730809830785
2017-07-21,0.0027762532766741456,0.0016434656558989012,0.0011919983872758831,0.003920923311369673
2017-07-24,-0.000405897505721442,-0.0007115315183221947,0.0009580058662305379,0.003040000988395445
2017-07-25,-0.0036689002308176732,0.00011627573546781896,0.0007548188162269209,-0.005082093065295878
2017-07-26,-0.00015619709174319318,0.0004188529052244539,-0.001362744188284637,0.003067408997131954
2017-07-27,-0.00026722599955859546,0.0036981796163545466,0.0008940620841800138,4.6068561994988544e-05
2017-07-28,-0.0035138424094360186,0.002703037441110223,0.0049458988269013736,0.0029545454545453764
2017-07-31,0.002854131137490978,0.00055337066992025,-0.004302031276763318,0.001312998624394479
2017-08-01,-0.00447863788421532,-0.0027662501008085985,0.0019081907633157202,-0.0010056998146547036
2017-08-02,0.004953735035953067,0.003479654733870863,0.0006279309315921466,0.004732797759034577
2017-08-03,-0.0018593591873099502,-0.0004728812311892705,0.0015720176730944057,-0.0034862289620870624
2017-08-04,-0.0009846372389237246,-2.377413926379912e-05,0.0015568215139353469,-0.00015419981962155882
2017-08-07,0.0005801812969204122,0.0014426216041479424,0.0018780406288236408,0.002504289944747595
2017-08-08,-0.00012641632789121013,-0.002607039900389196,-0.0009909894266624253,-0.0006094239528849632
2017-08-09,-0.00020595866836645724,-0.0023832325271943675,-0.0012399993771825325,-0.0009578723506906139
2017-08-10,0.00221019791519701,6.087889789159191e-05,-0.001703529518940239,-0.0005452570354174736
2017-08-11,0.0,0.0,0.0,0.0
2017-08-14,-0.002013837786807705,-0.0038359886033839437,0.001137568275873014,-0.0016279012564306607
2017-08-15,-0.0006287962892369325,0.0008440849293178899,-0.0002532260315872614,0.0004358394270932431
2017-08-16,-0.0017824090787229574,-0.00017462657454825337,-0.001434515384039492,-0.0002910442909137556
2017-08-17,0.0009923956204450192,0.00029737843954948936,-0.0021527207781108395,0.0010056461795698857
2017-08-18,-0.0030897619035200833,-0.0010012681232994146,-0.004136559341216617,-0.009410770257473838
2017-08-21,-0.0035963581244502275,0.0008045194856827864,-0.003473992962960737,-0.0014412073388616609
2017-08-22,0.004595785579300737,-0.0033410889310542258,-0.001326367541142237,0.0037571048737669033
2017-08-23,-0.002027175147991312,-0.0064258358582717666,-0.008601328582102807,-0.006857285221007574
2017-08-24,-0.0017427128003171702,-0.0008048480786416512,0.0010784458898591698,-0.0014848318349330604
2017-08-25,-0.0007891746935300814,0.001364605543710007,-0.003315156877577241,-0.0009784735812133295
2017-08-28,-0.0009288387416356071,-0.0017162632377215382,0.0006225980091318251,0.00322804922559472
2017-08-29,-0.0011939043290905226,0.0018659526399464666,9.584009592134013e-05,-0.00033086576541940804
2017-08-30,-0.0016121519832102747,-0.002806700038467947,0.0037620435851065896,0.0028790786948176272
2017-08-31,-0.0014921211516141673,-0.0014447554320750735,-0.0015294653007747795,-0.002857175023308612
2017-09-01,0.0015839963847804396,0.0020388013171923182,-0.00017047821482096825,0.003875136978918466
2017-09-05,0.0017248923013921669,-0.0014844197770764733,0.0005001166313107095,0.001493038032994707
2017-09-06,0.004780286714208426,-0.0015634398220492507,5.455925720618813e-05,0.01574061244284325
2017-09-07,0.00035454114889481585,-0.0023737544563618763,-0.002053547736510852,-0.00010546228672790494
2017-09-08,0.0035601425064451853,-0.0028629424542359503,0.0016558685878887759,0.004987272883951288
2017-09-11,0.002665022774746606,0.007178982718824224,0.0012725813973148096,0.013245327137381468
2017-09-12,0.002960405090881979,-0.004611250134137168,-0.0006034985044883978,0.00047056303303469153
2017-09-13,-0.003086249934931784,0.0031826191198220275,0.004322077667047042,-0.00023324440253709097
2017-09-14,0.001179515183362101,-0.0038571061112721017,0.0024612800825074776,0.0024687051273049147
2017-09-15,0.0026730369080647295,0.0017142773428638015,0.003181976561493549,0.00464701770657604
2017-09-18,-2.2204460492503132e-17,2.2204460492503132e-17,0.0,-1.850371707708594e-17
2017-09-19,0.005476561782274181,-0.006370208473433192,0.016172053724024305,0.01021789927256065
2017-09-20,0.006855986684029825,-0.0013215671183916867,0.005479401094447156,0.0049330046340790535
2017-09-21,-0.003936730326061343,0.0011832325610312997,0.0030715913954538544,-0.002467681762370806
2017-09-22,-0.004765605079178536,-0.00557440948434984,-2.891268027893645e-05,-0.002854645566657416
2017-09-25,0.0024700094935616646,0.00025480690627730505,0.0014490263955210694,0.0007024040248462921
2017-09-26,0.0024005564068487082,0.00441443999653286,-0.0015260866792156547,0.0
2017-09-27,0.0038405063462603195,0.001877639232091144,-8.552453675065853e-05,0.002986857825567476
2017-09-28,0.007290811282612685,0.0003414633958273018,0.00430992228041116,0.004995735706364114
2017-09-29,-0.004172874744302524,0.010247922631058115,0.0008670075059807655,-0.0023041975432951055
2017-10-02,0.0010315855788192605,0.0013398433250625399,-0.0014685185864766969,0.0023153490400734185
2017-10-03,-0.005946762482311386,0.0025641112285706537,-0.006632650112960703,-0.006473440641112399
2017-10-04,-0.0020096927608661552,0.004266386320403414,-0.007843737779438876,-0.00517395920909091
2017-10-05,0.0006745770073453006,0.0015889382111780482,-0.0012824593819050103,-0.003926626353656888
2017-10-06,0.001937313809873209,-0.0018133771853741988,0.003449461303676205,0.0012330665998951903
2017-10-09,0.0,0.0,0.0,0.0
2017-10-10,-0.004219386771697908,0.002636511709362255,-0.0057919313539980255,-0.002699976329399421
2017-10-11,-0.006694631752060021,-0.00013188364944234366,0.002885285548540262,-0.00818004479409538
2017-10-12,-0.006550798709313655,-0.004600146008702377,0.007357119583802607,-0.0010902504304127203
2017-10-13,-0.003643833589610135,0.0024393709727219995,0.003993785420330376,-0.01031541670436631
2017-10-16,-0.00690141015579675,0.002416209071292829,-0.001986108456982127,-0.003678250222731063
2017-10-17,0.004389511776976196,-0.00425950349761417,-0.0033760715298541523,0.0033441467133858032
2017-10-18,-0.002320215859031327,0.002769166687998159,0.005631937967147204,0.004351610095735425
2017-10-19,-0.0016371800055786645,0.004308044707530878,-0.0016607162844226144,-0.0004156847067252167
2017-10-20,0.0012897204901347824,0.0017567942699109106,0.0022588416368320764,0.004159884246699182
2017-10-23,0.0036519856546181283,0.0016778420069764265,-0.001938424496771951,-0.0013953938646567466
2017-10-24,0.0034574884874160276,-0.007007801409297619,-0.004743368601518672,-0.0009463848280370131
2017-10-25,0.0036125481042482252,0.0035984729184982186,0.010400314289992905,0.0058072446069983115
2017-10-26,0.00565752662522332,-0.0022192586788033703,-0.004528869077024301,0.0014185445532594043
2017-10-27,0.002681778340438923,-0.002784703299974156,0.003890869886077475,0.00042456467534192095
2017-10-30,-4.4408920985006264e-17,0.0006104699331420216,0.0011458262837694244,0.0011197807632598034
2017-10-31,-0.005001401993137634,0.0002307004955640179,-0.003354956874953952,-0.00511642495970766
2017-11-01,0.0011657267325285046,-0.0021424625648692516,0.0008847276937395728,0.004524087882856705
2017-11-02,0.0032562741302007096,0.001934349445465178,0.001207143401433175,8.318728110982371e-05
2017-11-03,-4.4408920985006264e-17,-4.4408920985006264e-17,0.0,-3.172065784643304e-17
2017-11-06,0.006113365422337292,0.006573130029339214,0.0015437091304001394,0.0067287954572424575
2017-11-07,0.015144765525919123,0.009860789273679216,0.013933167277657366,0.010985405887593759
2017-11-08,-0.001843494015943814,0.0008444089698002033,0.0011930138072629769,0.005959139996382571
2017-11-09,0.00935652732957184,-0.00555745859761767,-0.008192240198131851,0.0007035761898735822
2017-11-10,-0.0025535142285503685,-0.00420851147926895,-0.0026774466211989087,-0.009275764660042818
2017-11-13,-0.001071329124559717,-0.006959124552459838,0.0017521322988758971,-0.011071664406329488
2017-11-14,-0.005504578116547921,-0.001375313357710995,0.00495309504372592,0.002691668993872298
2017-11-15,0.0017643517065468518,-0.007895683937601983,0.00044932805537671854,-0.004824384631108533
2017-11-16,-0.001110757556246078,4.2557171498947e-05,0.0023110349354561023,0.0027390630274238383
2017-11-17,0.0037958543755339576,-0.003916849078809581,0.0014379148833925546,0.0013953569813435485
2017-11-20,0.008994158012439323,0.009898626318142645,0.009093957469104996,0.01008359297839792
2017-11-21,-0.0013428933858281812,3.1139066297369844e-05,-0.0008337646809963628,-0.00022199124850262142
2017-11-22,0.007124011073316461,-0.007214610958466716,-0.009910823446681215,-0.002194907813871827
2017-11-24,-0.0019187861947535633,-0.0024889580977328404,0.0022977535088227084,
2017-11-27,-0.010533836540107776,-0.005233644174491658,-0.00030252080377832767,-0.010426001556178134
2017-11-28,-0.0031169039190680255,0.00032707770793414235,0.00033384114236236764,-0.00779676410675593
2017-11-29,-0.003914839608490838,-0.005452862080284215,-0.004944965744508667,-0.002248732957389059
2017-11-30,0.004001281258360389,-0.007996398443636555,0.0006635859468298699,0.013552719634717159
2017-12-01,-0.0025032019907027083,0.0007668921417077533,-0.0050263306702653665,-0.003556889521044556
2017-12-04,-0.006332512103155153,-0.00654490022546006,0.00808606178358513,0.005291005291005346
2017-12-05,-0.008610689607575894,-0.005760152625167292,-0.008081311267815194,-0.007001615494450116
2017-12-06,0.0021866186035768955,0.004189516346568767,0.002152204992538209,0.00021752134847327458
2017-12-07,0.006142580145277309,0.004269382551885159,-0.005640921337561245,-0.0017931252162335562
2017-12-08,-0.0012123831334438949,0.001039147966705034,-0.0015647721454172371,-0.0004361260986668297
2017-12-11,0.003774948033520342,-0.004703194446213566,-0.0037972914159040807,8.292445161461881e-05
2017-12-12,0.004364022862962735,-0.009682429974280971,-0.014604410096442977,-0.0038977987923686044
2017-12-13,-0.003666168745748677,-0.001556693494020811,-0.002124990969109497,-0.0014262635357548126
2017-12-14,-0.0010875863761046656,-0.0013629574521580204,0.004933976153093544,0.0005783211844173075
2017-12-15,0.005069343577855512,0.003531666463214056,-0.0051690942012968975,-0.00012468827930173232
2017-12-18,0.0012384368099970454,-0.002598185697098754,-0.003296828851685785,0.0004215851602023535
2017-12-19,0.0011109328304462094,0.0003255334342963101,0.002723242050842867,0.0017512033805357646
2017-12-20,0.008675826891542494,0.0060934863237556815,0.009095114103282521,0.006767897462122544
2017-12-21,0.0018255188463969898,0.00089146517586578,0.004210921127113165,0.0030864265026181712
2017-12-22,-0.000631361842895628,0.0009380594343000315,0.004375756834872523,0.0008312595393442355
2017-12-26,0.0024688780150265766,-0.003626203549519147,0.0008097718309209023,0.0017093730533130087
2017-12-27,0.006309424318813539,0.001875125793246246,-0.004442776717251973,-0.007026787522922462
2017-12-28,0.0003840747406044676,0.0016393234715110117,0.004496421191053068,0.0052130408682348195
2017-12-29,-0.0062818078091329,0.002817281343944078,-0.0062272078486552696,-0.006038748528416719
2018-01-02,0.0,0.0,0.0,0.0
2018-01-03,0.0,0.0,0.0,0.0
2018-01-04,-0.0057987341343936245,-0.008116508798999967,-0.0057795322110326675,0.0007713028165067283
2018-01-05,0.002891428458258449,0.0035514862577331833,0.004678049393365403,0.0014041299275595752
2018-01-08,0.0,0.0,0.0,0.0
2018-01-09,-0.0054129123194206485,0.0033322076357059417,0.004512011418519757,-0.002861266507692158
2018-01-10,0.003999070435351882,-0.002973843057447767,0.0027795885583492778,0.004832083344402123
2018-01-11,0.0018629959608931213,0.00370667427071143,0.0020351082059332,0.0018161362528888374
2018-01-12,-0.00041014195411026577,0.0013330550804500742,0.002474310903966437,0.0010539080812641106
2018-01-16,-0.00265629937034213,0.0031693228614571465,-0.0027513921111450347,-0.002382567722644935
2018-01-17,-0.0004974935959125792,-0.0029409824871484912,0.00031205085135996833,
2018-01-18,0.00020071541992996468,0.0058022673421533,-0.005835081054295599,-0.010300925072641798
2018-01-19,-0.0007126580496816803,-0.0019047819970387403,-0.00023296842785969218,0.0
2018-01-22,0.001740884404509524,0.004801002110689079,0.0020287714685752523,-0.005802643171806232
2018-01-23,-0.005449186919161253,-0.004046930409271444,0.001399342682401139,0.002143644024849678
2018-01-24,0.0014691162740616103,0.003746335937049805,-0.0002297669324659468,-0.0004076391402521029
2018-01-25,-0.0072974497535483575,-0.006649036648166318,0.004738492153797291,0.0018354671037448629
2018-01-26,-0.002450519450475785,0.0007295466388744121,0.007404920187992325,0.0030458726764196753
2018-01-29,-0.006971289932544411,-0.001708632820859046,0.006971289932544411,-0.00431421037007923
2018-01-30,0.008369868937584268,0.004420563929829946,-0.0012889286070106197,-0.00032792651196892914
2018-01-31,0.00024499611332648994,-0.0008697360679947863,-0.005189410285752194,-0.0050397168860447
2018-02-01,-0.0010841872371272654,0.0012182368997636138,0.003021515588288182,-0.0005157419002825609
2018-02-02,-0.00025321620663110167,-0.00027582415343252453,-0.0008611746426815837,-0.0009529698093596532
2018-02-05,-0.005629599085504422,0.0009644724597452914,-0.010644219960160472,-0.02430284195156568
2018-02-06,0.0024505052004620605,-0.009144654266172747,0.013873563104082475,0.019342477614977465
2018-02-07,0.015296975946075573,-0.017533429446847614,0.0021529804396957395,0.010730313079828545
2018-02-08,0.004080427491910799,0.00670675098932072,-0.0017445712870818753,0.013569892902734837
2018-02-09,-0.011511612495037094,0.004635211361726422,-0.004882035948148289,-0.0009371340866799692
2018-02-12,0.0,0.0,0.0,0.0
2018-02-13,0.0034043538902529744,0.0035591981483632518,0.005287386825535067,0.00789792825381997
2018-02-14,-0.0028673901354747677,-0.00014388860638225864,0.004473335032160941,0.005789413456243545
2018-02-15,-0.006091598445333935,0.002545794031610549,-0.007044831640642358,-0.00871154284968854
2018-02-16,0.000820753322406187,-0.0018446441073891153,0.003785494384653454,0.008183872480404975
2018-02-20,-0.0071559187867810785,0.003485066888533295,0.003123406642773263,-0.0018983969146594652
2018-02-21,-0.00040973584726933243,0.001169285148313115,-0.0028269726355391934,0.00017188223872009268
2018-02-22,-0.0003463930883342625,0.0011439232616522466,0.003099989056287167,0.004295615584634631
2018-02-23,0.0028507570445905238,0.0006878761822871837,-0.0034321523934277343,0.0
2018-02-26,0.0054487190246125024,-0.0004973058216924953,8.17621205807305e-05,0.005207307006098061
2018-02-27,-0.003202830907226617,0.0027063813456302153,-0.004819680617220646,-0.0076914658131112534
2018-02-28,-0.004779150879803206,0.002905632379316603,-0.008131260443424892,-0.0102365393635645
2018-03-01,-0.005452002037962567,0.003567701693233638,0.0008639279522067115,-0.0007317450716226859
2018-03-02,-0.006988204149235667,-0.004884280437802824,0.0020741406281273855,-7.598192070967791e-05
2018-03-05,0.0018443692030730486,0.0031582186698460024,-0.00354926085558327,-0.007378730083715794
2018-03-06,0.0037019134173378984,0.001504800468154266,0.0026676647118477836,0.006559074436376437
2018-03-07,0.0012750152765047761,-0.0012750152765047761,0.002233098437502057,0.0029112642591953303
2018-03-08,-0.0012981649874501677,-0.0005225116890272608,0.0017571326222695306,-0.0009741146912342773
2018-03-09,0.002054407076005371,-0.004601806466803238,0.0012965629416313187,0.005109675610320563
2018-03-12,-8.688149949449549e-05,0.002016301426428946,0.0048824525740508214,0.0042902939585496
2018-03-13,0.0011979950724086308,0.0007941384419315245,0.0009342801447824291,-0.0031124167494319677
2018-03-14,-0.0001615508885298045,-0.0007182145073646229,0.0010413162844242763,0.0
2018-03-15,0.002286902286902315,-0.002286902286902315,-0.0010443722943723089,-0.00022321428571431268
2018-03-16,8.649073664552809e-05,0.00027580176537840285,-0.0009757642802167288,-0.0009492479708201496
2018-03-19,0.0007405713572889551,0.0021777242279446218,0.0012282070159499003,0.000773819725074502
2018-03-20,-0.0022262262607780415,-0.004738404257069017,-0.00517560972572102,-0.0036987720076934647
2018-03-21,2.2204460492503132e-17,0.0,0.0,0.0
2018-03-22,0.004270441363128974,0.0,-0.001992564912589834,0.0015948963317384158
2018-03-23,0.014214827214885917,-0.015018914536066142,0.021359825658592825,0.018030883026826157
2018-03-26,-0.005685358324482936,0.0068142766541078315,0.0035859465890264895,0.0001821963644128865
2018-03-27,-0.004156196347900477,-0.002276290149786763,0.002955728629565479,-0.004271421712617962
2018-03-28,0.001952990099562158,0.002648596973876427,0.0034006038042305948,0.0026255910034113424
2018-03-29,0.005292417603957777,-0.0036588922390366372,-0.0026328927445548487,-0.0018970103076589122
2018-04-02,0.0009246636760052773,-0.0009246636760052773,-0.0037971950943176624,0.0
2018-04-03,0.00039700187212032834,0.0011330283551280295,-0.0036548857858464956,-0.004641567818463144
2018-04-04,0.007038426715440615,-0.0016075824212534286,-0.007253989795447668,-0.001842367335325131
2018-04-05,0.01121191483362236,-0.003035783926690438,0.012081822713659984,0.013089997523887509
2018-04-06,-0.005896184267124682,-0.005266313919402821,0.005080572303299458,-0.00015501766485259694
2018-04-09,0.005508048879906502,0.00043728431371037324,0.0032057908747420874,0.005174540015591951
2018-04-10,-0.003558643196726985,-0.0033253858118113214,0.0008924696679597057,-0.0059368835776257844
2018-04-11,-0.007813034322017432,-0.0026464504741096073,0.0023546437760541884,-0.0026571011026969384
2018-04-12,0.001631543167912941,-0.0016315431679130299,-0.0008942777523633927,0.0
2018-04-13,0.0006337480322529787,-9.02287863664415e-06,0.0019227973870239,0.0
2018-04-16,0.00107189171805544,0.0011997521519889085,0.006551343772849893,0.0020036792337386387
2018-04-17,0.0005703377655630337,-0.0034189655780510805,0.0005703377655630337,0.0004612662791817543
2018-04-18,-0.0034068115984952738,-0.006433580983454168,-0.006455646947282711,-0.002862462328920716
2018-04-19,-0.002548383286287037,-0.007192768047272669,0.002696742690544785,0.0030013759889920832
2018-04-20,-0.003737513751619592,-0.001212632711951267,0.0007623806835323821,-0.0017775055406765532
2018-04-23,0.0011425644458927576,-0.0011454277874526132,-0.0036386261175848757,-0.000664824675828087
2018-04-24,-0.0005269310148025232,0.0015544041450777258,-0.0016714231464190822,-0.0007676144352915564
2018-04-25,0.00024245022547011432,-0.0022520071707192502,0.0015257133208627983,0.0004475278729391182
2018-04-26,-0.0015556397810064348,-0.0016913640804316898,0.002147216502495075,0.001720170239149832
2018-04-27,-0.00013451303504117282,-0.0067021723247306045,0.003122384942554568,0.004003179640592996
2018-04-30,-2.2204460492503132e-17,2.2204460492503132e-17,0.0,1.850371707708594e-17
2018-05-01,0.009972346383139286,0.014567403477517749,0.0103776262783416,0.013918355453015377
2018-05-02,-0.008550100052413412,-2.2204460492503132e-17,-0.009095719364029687,-0.020201227344084416
2018-05-03,4.4408920985006264e-17,4.4408920985006264e-17,4.4408920985006264e-17,1.4802973661668753e-16
2018-05-04,6.66133814775094e-17,-2.2204460492503132e-17,2.2204460492503132e-17,7.401486830834377e-17
2018-05-07,0.0034059802134919436,-0.004214332632151341,0.003795431903434787,0.004697771364438041
2018-05-08,0.002202837321337614,-0.002970297029703017,-0.003418928703099078,-0.0007477194556602118
2018-05-09,0.002219923751559949,-0.0017241379310345196,-0.0008636850535491015,0.0016952983725135595
2018-05-10,-0.0065654979940694465,0.006837606837606813,0.0068376068376068576,0.00034013605442176353
2018-05-11,-0.004332889901919268,0.0007472862239075395,0.003738521334363543,-0.0014703051420185576
2018-05-14,0.006326198760959655,-0.004450417220431246,0.012046092274000265,0.007022474408910384
2018-05-15,0.0002994061661259595,-0.0013555426891233235,0.0012855133165049714,0.0005402064164725606
2018-05-16,-0.002425621888429186,-0.004239345580503473,-9.803741756448936e-05,-0.002523659305993675
2018-05-17,-0.0011016907917462903,0.0010557616105293377,0.00040548232654360463,-0.0004354267161182997
2018-05-18,0.005687946262178012,-0.004200383028092003,0.005183276399630432,0.011690755604991276
2018-05-21,-0.003081869845746277,-0.0030263477416221374,-0.0023418789257133588,-0.002830972989341768
2018-05-22,0.0012542554327493293,0.0003475238922675761,5.122759597129267e-05,0.0016318537859007776
2018-05-23,0.0021432198510176192,0.0011996572407883433,0.002129235605188695,0.001108934231445443
2018-05-24,0.003536566068877445,0.010817716350587703,0.008635616559684367,0.006961038723484825
2018-05-25,-0.002438356254846497,-0.004834073484033951,-0.0006528860561508592,-0.0014748894774190692
2018-05-29,0.005104714580555769,-0.00276166361653587,0.005919475542224384,0.005104714580555769
2018-05-30,0.008790320427499254,-0.002425462110248655,0.010008529775300179,0.009471798731331275
2018-05-31,0.005453418445411983,-0.00511125663729115,-0.002325290888776044,-0.001246312815940509
2018-06-01,-0.006384394629704815,0.0019180044836325295,0.0034638123556248956,-0.002600297176820199
2018-06-04,-0.003560291110648129,0.0017793594306049875,0.0012755810930734856,0.0017550702028080734
2018-06-05,0.005312363182401048,-0.000812465746545854,0.003841543019256366,0.0036381271620052774
2018-06-06,0.0021148536375107385,-0.0039617297701252325,-0.005723844307570158,-0.00393341815097544
2018-06-07,0.0012594514343959417,-0.005152476574963138,-0.0012594514343959417,-0.0023023791250959733
2018-06-08,0.00035354262185962606,0.0014832562859397713,0.0031159735610861716,0.0017010595845288153
2018-06-11,0.002278481012658218,-0.0015066113728640306,0.002278481012658218,0.002921705712486711
2018-06-12,0.0032997504366641065,0.008289931206835098,0.00847877307790974,0.004462047866126377
2018-06-13,-0.000543434169993784,-0.0011313201583570854,0.0003705571883262813,-8.087661684208448e-06
2018-06-14,-0.000995024875621886,0.002706552706552712,-0.000995024875621886,-0.0012437810945273575
2018-06-15,-0.0010530934620447852,0.0010530934620447852,0.0010530934620447852,-0.0007092198581560183
2018-06-18,0.0075297922291778455,0.008093967123395052,0.011107665753532059,0.007417105536355865
2018-06-19,0.0011802978927924366,-0.004326524233129958,-0.005020297892792391,1.1102230246251565e-16
2018-06-20,0.005067737303949382,0.008832438363531803,0.008268263469314509,0.006394115969587299
2018-06-21,-0.0010350818934544482,0.00017330993009418983,0.0007040485413281506,0.0006927408439456764
2018-06-22,0.001019533273847073,0.002249492883028536,0.0005037485578301526,0.0010974496473054967
2018-06-25,0.0027810947373659413,-0.0012634539462165859,-0.0015320858757344124,0.0007194955285682115
2018-06-26,-0.0009839715054590142,-0.004104618162840312,-0.0013552016103744796,-0.0014161513342529062
2018-06-27,0.0010354341469452244,-0.008919715688484552,0.0069666089148801465,-0.000143411293481425
2018-06-28,0.0026314878914091458,0.0026451307670210867,0.0017149101619365226,0.005110678386379952
2018-06-29,0.0021054949440802552,-0.00010893246187366756,0.00010893246187366756,-0.001494768310911813
2018-07-02,0.008846363234288468,-0.005089813118467568,0.005328684412200401,0.008271277071843386
2018-07-03,0.0005648835547416905,0.0031162417685099975,0.008428697135165008,-0.002039824186801124
2018-07-05,0.0004169804192689641,-0.005129455649165093,0.009035016207505976,0.005812163252688652
2018-07-06,0.004548180173447026,-0.00867550094803422,-0.002000276301050951,-0.0001690609690854659
2018-07-09,0.0050535720014837976,-0.003866484456313168,-0.0012755256032495506,0.0006378162777792573
2018-07-10,0.0049969590433120775,-0.006732720071029408,0.015398223471432937,0.01971487294796646
2018-07-11,0.003200731366984155,-0.0015865285718622778,-0.00153906801959407,0.002829529646170569
2018-07-12,0.004561084509348534,0.002468139926938173,0.006294645775656393,0.006241196561131531
2018-07-13,-0.0003578576828554337,0.0014568366472079044,-0.001727638302896528,-0.0011245944399273882
2018-07-16,0.0,0.0,0.0,0.0
2018-07-17,0.0027534499609478628,-0.00038686116830890464,-0.006223257646581959,-0.005849658448823144
2018-07-18,0.00257395629666739,-0.0035422803999663574,0.0012052808505481625,0.002343048201242722
2018-07-19,-0.00428072118676499,0.003988506738103292,0.009080721186764996,-0.0008032128514056103
2018-07-20,0.0024617694506605223,0.005362218086601844,0.004785849502306715,0.0012649211920768267
2018-07-23,0.00020550037772706377,-0.002831847574964264,0.002805512180905545,0.004038602468176074
2018-07-24,-0.007336991337774278,0.003157970700728896,0.006046668757129137,-0.001612903225806428
2018-07-25,-0.0025458332120900985,-0.0028131928302968403,0.005333841601524814,0.00480153649167725
2018-07-26,0.0013811259634821883,1.920024887402949e-05,-0.0010952338288505949,-0.0003779289493575644
2018-07-27,-0.00045106275857675904,-0.0005225831391404868,-0.0030402235446448157,8.380764438517144e-05
2018-07-30,-0.00045116184869369307,0.0007988381513063025,-0.004261378002528437,-0.0017750398512221322
2018-07-31,-0.001508938471036747,-0.0011301648551656164,-0.006541910613183721,-0.01358536137664255
2018-08-01,-6.585193062835781e-05,-0.008592565068319624,-0.006568382604017997,-0.006681517372251626
2018-08-02,-0.0020505987744331437,0.00026678029790130377,0.005567477408508937,0.002917245882065311
2018-08-03,0.00484019701551901,0.0017546012507106074,0.0031732863718178846,0.0045700890711587935
2018-08-06,0.003977877417416087,-0.0032847025249821858,-0.004317404762503707,0.0031950275531640393
2018-08-07,0.0031883016111943436,-0.0025823908624882375,0.005347919566343506,0.012086038808669541
2018-08-08,-0.0023269926244997127,0.0061068248648468385,0.0011192714395860557,-0.003814778149122825
2018-08-09,-0.0010032387859000738,-0.002756892230576469,-0.0017042606516290972,-0.002961665527455043
2018-08-10,0.0026219198294059167,-0.003216808871931432,0.004725977581967755,0.00337626825937738
2018-08-13,0.006233160032023476,-0.005384696344770436,-0.011018215134904774,-0.0097131059757533
2018-08-14,-0.0022151547469312807,0.005743248689234682,-0.0043657315758307115,-0.003701767031807135
2018-08-15,0.003193848354684681,0.0019340189803543238,-0.003440883093600089,-0.00019107548737902946
2018-08-16,-0.0026956915922450976,-0.0024382745316670947,-0.0016554633161924624,-0.0005046447464797045
2018-08-17,0.002326446941682536,-0.004747147992368572,-0.004966326074560356,-0.002078333510318183
2018-08-20,-0.006228011060562788,0.004635861795591567,-0.0009241683882918794,-0.002777777777777768
2018-08-21,0.00035164835164833705,-0.0009642057789071457,-0.001185076511228278,0.0
2018-08-22,0.0009520434528369258,-0.001724279316010069,0.0008331406147797705,0.002043415799720033
2018-08-23,0.0,0.0,0.0,0.0
2018-08-24,0.0006031527668089788,0.0016720448282374844,-0.0009367894853565596,0.0024655270447587656
2018-08-27,-3.9851306125138295e-05,0.004373514054836835,0.0051253578036999595,0.005099418503197473
2018-08-28,0.00036185930894381277,-0.0023597701637053437,-0.0036553282855982475,-0.0007272839749987992
2018-08-29,0.0015244674451383665,0.0014459509752308363,-0.0011658659198407583,-0.0005249343832021136
2018-08-30,0.0015796207369255244,-0.0022923849604553847,-0.0022923849604553847,0.0011920066514026105
2018-08-31,0.00020482668107242303,-0.0035162415754429466,0.0034902014925046075,0.004062144989268002
2018-09-04,0.0011687558119404472,-0.0007110297110297204,-0.0002389374160649549,0.0011525305846273462
2018-09-05,0.0030327461483240503,0.003189605418086527,0.001035980148883353,0.0012177646474128816
2018-09-06,0.0005108472020735058,-0.0007026307596301963,8.0778124262859e-05,-0.0008444016789719844
2018-09-07,0.0028677879081103973,-0.006052039664729558,0.004711294450708859,0.005516688630152894
2018-09-10,-3.06984563610335e-05,0.0008953584300792627,-0.0017357785299905617,-0.0017319477751132444
2018-09-11,0.0009295423277929206,-0.0015595293099103236,-0.004144035252998268,-0.002447719797751713
2018-09-12,0.0020350669540606828,-0.005522086292932448,-0.001974050821149054,-0.0010017822266291387
2018-09-13,0.00039471198357561316,-0.0075847210829060215,0.003528929157241612,0.006591431851950732
2018-09-14,0.0008543662894246574,-0.0071639481155831635,-0.00817159612775853,-0.011622340388377062
2018-09-17,0.0,0.0,0.0,0.0
2018-09-18,-0.001070820967002683,-0.019181370765241332,-0.005886020342257492,-0.004283281099468591
2018-09-19,0.004324837952339422,-0.005254210629852829,0.006537532366453979,0.008943655029221231
2018-09-20,0.00284866970562272,0.01105611143544838,-0.0013206785109004084,0.005359659257161087
2018-09-21,-0.0002902402796021164,-0.00667885116632978,-0.0120861328597885,-0.013934701584804957
2018-09-24,0.0,-2.2204460492503132e-17,-2.2204460492503132e-17,-2.7755575615628914e-17
2018-09-25,-0.004911787150113245,-0.0031368335523158427,-0.011373025429825457,-0.006952294393029164
2018-09-26,0.004509341027345171,0.0081585094634943,0.0009978651618400389,-0.0005629225763280547
2018-09-27,-0.001844218766370909,0.004005999268697003,0.0025912782413924696,-0.003334809435393854
2018-09-28,0.006712619008246024,0.008842166479408409,3.2192443007116565e-06,0.004117544342839295
2018-10-01,0.001290071446937757,0.004567282877471168,-0.0019912811570832025,0.002564305627687724
2018-10-02,0.005949699856904611,-0.0008763242636293355,0.005561560549809074,0.005438407840449473
2018-10-03,-0.0003791721466147816,-0.004582906444830681,-0.007809271721927269,-0.0025982901818505117
2018-10-04,-0.006529625537228378,-0.004530112520134644,0.003816065857292794,-0.0011635221075805779
2018-10-05,0.0018325315450149482,-0.002885519078741172,0.0023244798381272247,-0.0002564909705841038
2018-10-08,0.0,0.0,0.0,0.0
2018-10-09,-0.005229743503849726,-0.004928641546770862,0.005921947248558634,-0.0004352860050949592
2018-10-10,0.006280509857242556,-0.0023773551875505786,-0.005371257505115334,4.258497580075793e-05
2018-10-11,0.0013933496546512537,-0.0014844683895532508,0.015779421047616825,0.008977563032258043
2018-10-12,-0.0010114636762751372,0.004142563423034295,0.0043477257511076225,0.004730980543822122
2018-10-15,-0.003671008655497743,0.005461756281468522,0.0052842152250992536,0.0006721694040006295
2018-10-16,-0.001949444561606928,5.0258262136448906e-05,-0.0017972588563829105,2.8660639964706025e-05
2018-10-17,-0.008003979831804009,-0.0005864565210343285,0.0009551104837937753,-0.0060455643352450685
2018-10-18,-0.007169216746809126,0.0021663182535534456,0.010177539972577131,0.005520199347718047
2018-10-19,0.0005141345442580602,0.004387065934374168,0.0025462880963741386,0.0014640758593307119
2018-10-22,0.0036138739077884005,0.00490717209750664,-0.004596541590667292,0.0003141008369819632
2018-10-23,-0.002293561608660788,0.00493816692625264,0.005235783154626916,-0.0007656681703521635
2018-10-24,0.008585880606809959,0.0003071745500310642,0.005790270890305438,0.006431810540753893
2018-10-25,-0.0029258098934065845,-0.0019925098842493265,0.005587771797560249,-0.0015858376821816338
2018-10-26,-0.0040630088609948,-0.0014028898027399917,-0.006523446142000223,-0.02195979244567355
2018-10-29,-0.003063044523291669,0.0004993757802746579,0.0018620486042027374,-0.0036134885151450635
2018-10-30,-0.0029366071327713078,0.01356394107412644,-0.014196852466531507,-0.008842604274978886
2018-10-31,-0.005158758014367049,0.005983890955346772,0.011257965029420846,0.0028250990207696423
2018-11-01,-0.010697987950523725,0.01138677050780903,-0.002688025976484143,-0.0018867030831631968
2018-11-02,-0.01601695597708952,0.00785973722842237,0.0035208742503932467,-0.0015670022909252308
2018-11-05,-0.004075326747088015,-0.0005719733079123212,-0.0017453741664338997,-0.0019965636608541004
2018-11-06,0.005489472125351336,-0.0014940327880812454,0.0035416730760793325,0.005796120796120796
2018-11-07,-0.010523490909469645,-0.0030915223332550926,-0.005161289775115586,-0.014009617706637926
2018-11-08,0.001523612313367373,0.0015510969381724803,-0.0013577073637200065,-0.0006968189441873829
2018-11-09,-0.008963621530487265,-0.0002902757619738905,0.005982255070859921,-0.0018633540372670898
2018-11-12,0.002257218692463958,-6.913238852401804e-05,0.0022473975670277645,-0.0007081630336058685
2018-11-13,-0.002250124197194969,-0.0012040762493806146,-0.0021897088872608,0.00016461706688605977
2018-11-14,0.0034105768710875227,-0.0020068005441667537,0.0029397931090958005,0.0031275991319807328
2018-11-15,0.0023668660448379563,0.0020831311238617587,-0.0036841556205796876,-0.0005012531328321135
2018-11-16,-0.0014634146341463206,0.0014634146341463206,0.0016560928615066085,0.0004816955684007196
2018-11-19,0.002712303143285078,-0.008204159300257797,0.006830628427059104,0.0012469786103311772
2018-11-20,-0.0005408298420946471,-0.002598701330062947,-0.00041729558370946426,-0.0014367281405232727
2018-11-21,0.0009945939525408676,-0.0006006204043883302,-0.0007193147664061427,0.0015937832580343024
2018-11-23,0.0,0.0,0.0,0.0
2018-11-26,-0.0009504541179799153,-0.0015305932613306039,-0.0006140362497957241,-0.0014697619175832084
2018-11-27,-0.0002918778061550719,0.001523720166355802,0.0003913487015035022,-0.0094844986295054
2018-11-28,0.00233947350742274,0.0004055925649178782,0.0013825465674170536,0.0002048392145821737
2018-11-29,-0.0011690410659372485,0.0011690410659372485,0.002440717366515277,0.0
2018-11-30,-0.000803993484992693,0.00365368083856592,0.0011476160825465657,0.0
2018-12-03,-0.007272379040400101,0.011918482921065255,-0.010258915978881667,-0.012695481820185917
2018-12-04,0.008496027427336727,-0.005138498603079445,-0.018238782348729488,-0.006320224719101097
2018-12-06,0.011591914345829712,0.008648614843505209,0.008442863375331556,0.009088105020869102
2018-12-07,0.0,0.0016918429003021096,0.00311460712794438,0.002291537498177549
2018-12-10,-0.000986156037583408,0.0035042971144631173,0.0014441831063700227,-0.0010880137809278108
2018-12-11,0.0021450190146351964,-0.0065296905635670475,0.008374672917410808,0.00773363933029475
2018-12-12,-0.0068655076376959775,0.009990507637695979,-0.009170105299662955,-0.008304838676844293
2018-12-13,-0.0031050818931259495,-0.0031050818931259274,0.003771068880231931,0.0034202650705429196
2018-12-14,0.007899967530542007,-0.005117248539350005,0.006436331854024635,0.0056991677985111094
2018-12-17,0.0053831399024382165,0.005608782482715724,-7.9078019739387e-05,0.006458009444584542
2018-12-18,-0.001328177785077744,0.0040563880184669495,0.0025079411560890996,-0.004862681928351357
2018-12-19,-0.008943934514530238,0.001616939499509207,0.005048073363492379,0.0011268395052072555
2018-12-20,0.014154311791854867,0.004336927463736751,0.011914570395272371,0.009305203403485385
2018-12-21,0.0022283982994484083,-0.0010049024246860053,0.0032354841042661515,0.002070206161995195
2018-12-24,0.0,0.0,0.0,0.0
2018-12-26,-0.02504144377201105,-0.016848685851178692,0.008753118962562678,-0.012260058394306671
2018-12-27,0.011468928098804242,-0.005347582152784435,-0.011179216848076146,-0.006054653078280181
2018-12-28,0.001463437198505213,0.005083080162716347,0.00412387219314132,0.012703739213806298
2018-12-31,0.0,0.0,0.0,0.0
2019-01-04,0.0034862255122489303,0.00206378974691761,-0.010815783158601855,-0.007014028056112287
2019-01-07,-0.010444695110161951,0.0023396917102142204,0.008654744241744483,-0.0010455370914920215
2019-01-08,0.0022784078822556397,-0.0037763291595681366,-0.006213468030615954,-0.009933774834437137
2019-01-09,0.0023464998291666153,0.000296403923682842,-0.0003341036419912235,-0.00016473483049949658
2019-01-10,-7.592592319980427e-05,-0.0013912844030696814,0.0014672103262694416,
2019-01-11,0.001080439153808377,0.003058387395736739,-0.0017610900984394997,-0.0032165332340748478
2019-01-15,-0.00438212990481206,0.0011136396761432855,-0.00457089819173988,-0.004484568734416055
2019-01-16,0.0023321294250820968,0.00032985916720242866,-0.002468349508031764,-0.0031201248049922414
2019-01-17,0.0065262700999267455,0.003615786803706178,-0.003919042072538636,-0.0006811673129867117
2019-01-18,0.0018238396418290392,0.004319160914442932,-0.0018238396418290392,0.0
2019-01-22,-0.004594496382223845,0.0011122436930812273,0.0014177007277633269,-0.0075872534142640835
2019-01-23,3.056812883979205e-05,-0.00263102282333052,-0.0011990757212860135,0.00024306047551375296
2019-01-24,-0.0012803556794986682,-0.0040928010376301005,-0.008226929403225135,-0.006812783133352899
2019-01-25,-0.0017003188097768351,-0.0017003188097768351,0.0017003188097768351,0.0
2019-01-28,-2.2204460492503132e-17,2.2204460492503132e-17,-0.000656660412757959,-0.001094434021263302
2019-01-29,0.005123030720629317,-0.0015192185907514809,-0.0058449677032501365,0.002586079373554884
2019-01-30,0.002277028879201426,0.00034390946609372806,0.0037483093520565888,0.002619177125293896
2019-01-31,-0.002700553549040796,0.00043195488897960214,0.0011316633437901125,0.001749271137026276
2019-02-01,0.004530588815056391,-0.0011565345986083164,-0.0007102070202481547,0.0003679410130203063
2019-02-04,-0.0010897285671648714,-0.00014159285761536908,-0.0031298369856344486,-0.0032972133293977524
2019-02-05,0.002040353844784182,0.0009841470354525316,-0.002040353844784182,0.0
2019-02-06,0.0003388633938406164,-0.00313822455666044,-0.001692399137574574,0.0015719659367135208
2019-02-07,0.007521004913384744,0.008519066860802194,0.009065948733609441,0.007195373426670104
2019-02-08,0.0034013121968769827,-0.004955898673351067,0.004069218372818595,0.0016726457152746012
2019-02-12,-0.006467954791173014,-0.006928108590196524,-0.005751032770658915,-0.005161342555731133
2019-02-13,0.002082227909802459,0.002325660433885668,0.0009343148211416353,0.0027418363322055605
2019-02-14,0.0011520123519210166,-0.000126487361439187,-0.0007772465805281348,0.0
2019-02-15,0.0003401360544217802,-0.0003401360544217802,-0.0014883720930232824,-0.0014883720930232603
2019-02-19,0.0014367693603444254,-0.0026624974737014416,-0.003957788756607284,-0.0045116760871034
2019-02-20,0.0032918456109333194,0.0026582658854845233,0.002197730437010059,0.002229875003201798
2019-02-21,0.002239912086242568,0.0007608464876385,-0.00025644101186241827,0.0024793388429751873
2019-02-22,0.0005952380952380931,0.0023980815347721895,-0.0029933196300102826,-0.002997601918465237
2019-02-25,-0.0002619230627878055,-0.0012465046914807544,-0.0028769156703843503,-0.0019431988041853643
2019-02-26,0.0019232904347683544,0.0024073976291257406,-0.0023251619752337584,0.0016597510373443924
2019-02-27,-0.0016319776532920161,-0.001352657004830915,0.0033413793626937637,-0.0008361204013377699
2019-02-28,-0.003694614085085734,0.0036274339717792706,8.201645839212013e-05,-0.002850110172681071
2019-03-01,9.877915142535436e-05,0.002031146301183817,0.002028603712828847,-0.0016201443969574125
2019-03-04,-0.0018446835061975088,-0.0008698840678057263,-0.0018911991239178192,-0.0036747118966181658
2019-03-05,-0.00018635644906259686,-0.00018635644906259686,-5.93437966376342e-05,-0.0008217371120596617
2019-03-06,0.0007668357933579451,-0.0002460024600245969,0.001372896399418555,0.0007668357933579451
2019-03-07,0.0029599942013448285,0.01009728102550731,0.006179078170457885,0.006457878187995914
2019-03-08,0.002187199114659699,0.0010498479990005416,-0.001919749046704178,-0.0008670787891266463
2019-03-11,-0.0018300005840926393,-8.972708985277578e-05,0.0006312407043682633,-0.00024784094574779045
2019-03-12,0.0030048467221549966,0.005977850797127915,0.003954062863599339,0.0020343050354794017
2019-03-13,0.00658718092209154,-0.0054957947264066215,0.008297211358692635,0.00712837460159859
2019-03-14,-0.001229250179739916,0.0018040430371063954,-0.0004388108363647669,-0.0024038441809057396
2019-03-15,-0.0016621592941835183,0.00021387853071024314,0.001024005112988746,-0.0005727271919654054
2019-03-18,-0.00470839491879782,0.004335070780542738,-0.002343709759612489,-0.006352296749798409
2019-03-19,-0.00042249682799773143,9.14457338067054e-05,0.0029217374923153684,0.001778926505030215
2019-03-20,-0.0005896436400481652,0.00018028307484649898,-0.0038423670551699374,-0.0017457981062465506
2019-03-22,-0.002610500475789879,-0.0028085023986276435,-0.006475452548109462,-0.010670308807005275
2019-03-25,0.003052065987810981,0.010553327742148766,0.0043593261521363,0.01861338637802642
2019-03-26,-0.0006956082638700511,0.0026258626732592384,0.0004783336430373541,-0.008366531957863393
2019-03-27,0.0013862630234243944,-0.003669459009363929,-0.00025159134932810617,0.003184420524711712
2019-03-28,0.0012684668836588698,0.00048602673147022377,-0.0005380566122700215,-0.0002715490261055387
2019-03-29,0.006748257762401533,-0.0021079419299744107,-0.0020482880787511476,0.0028425785224769537
2019-04-01,-0.0027516910702967356,0.0003124861259564682,-0.004393279323638999,-0.006821431189251765
2019-04-02,-0.0015128372837191597,0.0016174034819903538,0.005399993203011433,0.0005647015501708763
2019-04-03,0.002754496616021007,-0.001556497574348659,0.006257101911066609,0.004086424389428792
2019-04-04,0.0013550870343642663,-0.004809788025787664,0.0037019006943241005,0.002679770196394362
2019-04-05,0.00014342171974641733,-0.004177309016721531,0.0022633810083543702,0.0001947733110058878
2019-04-08,0.0012503944542286314,-0.002823053516461416,-0.00023892130784339825,-0.0011265033775685997
2019-04-09,-0.00042642136402826214,-0.0036984107228770213,-0.004667556843217558,-0.004046988171800446
2019-04-10,-0.003078578899900086,0.0004850742628474958,-0.001612987731420734,-0.007944773480004644
2019-04-11,-0.0031472098555284547,-1.4271076952776561e-05,-0.003936125002384272,-0.002627812253745828
2019-04-12,-0.0007503070130790323,0.0006608289874797668,-0.00039980141929658614,0.00039325858829029415
2019-04-15,-0.004708819066382319,-0.004427115942473336,0.006008154556691302,-0.00039985957313630775
2019-04-16,0.0033421170826201992,-0.005118598117787431,-0.0011419211924218022,-0.001086389550089569
2019-04-17,0.0030583934002232473,-0.004708457967949897,0.005391710135137018,0.001083659849956403
2019-04-18,0.007132918161786738,0.009394408651878329,0.010327962534713998,0.006502812301093964
2019-04-22,-0.00765809733612548,0.0027840415330258935,-0.007337135626625235,-0.005374417134348045
2019-04-23,-0.0031007211902759125,-0.002442531105069401,0.002777122601458304,-0.002026327132288246
2019-04-24,0.0108081480574995,0.009591136994832272,-0.008271790012788572,0.005139039364391492
2019-04-25,-0.0016931933583056225,-0.0004525140401041572,-0.0032022185381515907,-0.0057292280822670945
2019-04-26,2.0981615506232565e-05,-0.0004962119466611625,0.0022224429465452335,0.001529539226308052
2019-05-07,0.014167994385721094,-0.012789999152089138,0.0152152855201789,0.015496307625632208
2019-05-08,-0.007764588622911406,0.004326641990418545,0.009545918187159441,0.00215366776459424
2019-05-09,0.007085854498736554,0.002379706743393207,0.008818749223785295,0.015112987294363934
2019-05-10,-0.0023435356149814402,-0.002376183803163556,0.005238691760193892,0.003288373192599764
2019-05-13,0.000612966002968074,0.0027606011940579434,0.0007311146355708953,-0.00039108398267617694
2019-05-14,-0.001051385884139333,-0.008249872383265444,-0.015161934080073446,-0.01364741508121527
2019-05-15,-0.0021703481088775514,-0.0087214389650331,-0.005026212663305096,-0.01118280427015549
2019-05-16,-0.0043609127960370754,-0.009200474297758854,0.00494822269044346,-0.0027957901275109756
2019-05-17,0.003456045882662351,0.0011049645055864147,-0.007076703983881561,-0.0018692514095464503
2019-05-20,0.0013278162829461816,-0.0006616941719510105,0.00821984097927293,0.008389178107689835
2019-05-21,-0.0006527554620364917,-0.0013988803954581685,0.0011728787785745263,-0.0006373131449309843
2019-05-22,-0.0010399264351741212,0.0005937403248223783,0.002795472692208856,0.0011299435028248484
2019-05-23,-0.0007819725260515443,0.003171080999838427,0.008584009480566989,0.008086031299851127
2019-05-24,0.0013245682805078872,-0.005176530153207737,0.0007143089095839495,0.0014170752017651999
2019-05-28,0.0018993570467739308,0.0006805812351900143,-0.0022992923057129746,-0.0008714220855888465
2019-05-29,-0.0006657672484490231,0.004445013072718607,0.0022456799224337856,-0.0004947433564638963
2019-05-30,-0.007003701608580859,0.00027473735333962703,0.008100016866702763,0.0011728341673054698
2019-05-31,0.003355140097661202,-0.0007013514624251375,0.00601274050593994,0.01166322746068275
2019-06-03,0.0029769456647935843,0.0027703413106640934,0.015337252238260612,0.023013633388936323
2019-06-04,-0.005940448817618504,-0.0006196343302204754,0.0030677595951579704,-1.6584806183420953e-05
2019-06-05,0.00811222221490351,0.005888025401793895,0.005688041348371042,0.01293454202301773
2019-06-06,-0.0004102631533827062,0.00299952376067667,0.004387732155254476,0.0015760383407442125
2019-06-07,-3.792120726764381e-06,-0.0006144296210153222,-0.0012714435652400047,-0.0009831031678538456
2019-06-10,-0.003944241771554368,0.002509705698895859,0.0009911088583323129,-0.0004985885074020092
2019-06-11,-0.0020956821446441063,0.0008672513984356201,0.0009986452043065698,0.0011036377576411627
2019-06-12,-0.00306827475803888,0.003965458135338884,-0.002530965286587472,-0.0011097000518293875
2019-06-13,0.008516189820447462,-2.364470864912871e-05,0.000554878667801728,0.0060422665077722315
2019-06-14,-0.000688235557305661,-0.0019746121297602227,0.00269758400801603,0.0029163452499476107
2019-06-17,0.0051466310273364565,0.000575409455312359,-0.0026909280896630027,-0.00026396163410865225
2019-06-18,0.004829803590436166,0.001502988105606562,-0.0018565782950616281,-0.003901248215788338
2019-06-19,-0.004218094700444919,0.0008616476847264302,-0.0070632110420452586,-0.008920507488721115
2019-06-20,-0.0020672341487925072,0.002568490402516521,0.001991042337928883,0.0030343582304044325
2019-06-21,-0.008290583365705895,0.0018015007191503956,0.009576538146043534,0.004893000754204591
2019-06-24,0.0032755800485513077,-0.0006438073019368717,0.00010271991365695676,0.0013337990581507957
2019-06-25,0.006793752894620609,0.006042334376597025,0.0029801669090320894,0.003431605550809111
2019-06-26,-0.000965375094747767,-0.0010219257596864929,-0.002477443936680013,-0.0022115883514653434
2019-06-27,-0.002518957575804004,0.00401753792476105,0.005194051278880418,0.002752546081096944
2019-06-28,0.0012809475950761539,0.005678491492750748,0.00456628843573148,0.0019402405898331827
2019-07-01,0.002062505620882749,0.01301170359323094,0.0017202538879637743,0.008089276625752533
2019-07-02,-0.00039085105085516774,0.0027896945750875758,0.000905698160291002,-0.0019432309745419615
2019-07-03,-0.004400523248554555,0.007879712696002295,0.007415840502579351,-5.9605543757094516e-05
2019-07-05,0.003305216513160447,-0.0025555228515808715,-0.0032891414674917296,-0.0022962112514350874
2019-07-08,0.0016823665200166975,-0.0003465876023314614,0.0018853470677493434,0.0009419908715209823
2019-07-09,-0.0016015324136238183,-0.0012829620633482807,0.0008472023159332043,-0.001645214105501086
2019-07-10,0.0023230358593879117,-0.004058462083453973,-0.008624989724684173,-0.002225850304853132
2019-07-11,0.004082960214181109,0.0007379342704572074,0.00021105308956927973,0.0011106077289994483
2019-07-12,0.0013104276395093928,-0.00045803614057766674,-0.0019671530784979296,0.00028881459366442716
2019-07-16,0.004709660048445685,-0.002364359434178809,-0.003101878995204022,0.0041223377845126434
2019-07-17,-0.0022479895301597444,-0.0017345284549671104,-0.0008204024719672631,-0.0004735113362230943
2019-07-18,0.013950512638420865,0.0046428167436030725,0.006634715960661161,0.007445046411445461
2019-07-19,-0.00715245919520462,0.002079748647435587,-0.002092802883526446,-0.01067209655858209
2019-07-22,0.003930356036792459,-0.0001414819444471194,0.004713683612520891,0.0030636780081484587
2019-07-23,-0.0017444583686507143,0.002352342708482991,0.0030344000172288993,-0.0007294817593205918
2019-07-24,0.0027033522024853206,0.0010740109105467522,0.0035506083232569987,0.007300815459048565
2019-07-25,0.0002947421285605545,-0.003414478717833136,-0.0013114213892166048,-0.0027505903083506755
2019-07-26,0.006503100856218502,-0.0006686633254337827,0.0005965233955172121,0.006501207436957391
2019-07-29,-0.002010936381920114,0.006237581771600099,0.010527574477399559,0.004551476692155132
2019-07-30,0.0025319742106201027,0.005029614122337644,0.006124969838496574,0.004224063257183985
2019-07-31,-0.000324961598382223,-0.007418184256200821,-0.002925934715855538,0.00036880233713960453
2019-08-01,0.0005004941860767163,0.006215787423249641,0.0059674271700356435,0.0037567039077617214
2019-08-02,0.01230442235222471,0.012069427226501304,0.008849243531865246,0.014796013041203027
2019-08-05,0.006218988536038063,0.006370663436063051,0.004378931378768925,0.00503082731486287
2019-08-06,0.0016756483187836402,-0.010399620541439326,0.0012809048214499578,-0.0017352541221015037
2019-08-07,0.0010346689373843974,0.001976682830546883,0.0006008563001766553,0.003097176277610029
2019-08-08,0.006787560993785902,0.004815786476487593,0.0075091052603106995,0.007203849060311585
2019-08-09,0.008763504556363278,0.0038223537684214156,-0.002655929600814932,0.017849115677574745
2019-08-13,0.010587514203092964,0.006720319817473519,0.01041346701404251,0.008254548809641696
2019-08-14,-0.0036425318619938583,-0.0056495667825335215,-0.004757821186135814,-0.004875832704724399
2019-08-15,0.004836476480914432,-0.007348073833226954,0.009741615709028406,0.009969828129545898
2019-08-16,-0.0037402244833494745,0.0016986403835445476,-9.309774050336728e-05,-0.0021985201427149326
2019-08-19,-0.004605690502142168,-0.008162930670358382,0.004125862025244964,0.00028291851878674555
2019-08-20,0.0029155782689000323,0.0006334846830131413,0.006296852749873395,0.00884621215931125
2019-08-21,0.007389089987302699,-0.005658026052833743,-0.0005343016979945546,0.0015472264976617279
2019-08-22,0.002543636324955001,-2.3812858498706378e-05,0.0018765470128015772,0.002115187469912583
2019-08-23,-0.0014375406978709869,0.0008351310593167627,0.0007850587056693836,-0.0017586011074396113
2019-08-26,0.005699711559515941,-0.002679778964585156,0.003776730605094825,0.0032472749951019675
2019-08-27,0.0005784212748344286,-0.0008109503063288281,0.001468257112113869,-0.0009040316693577743
2019-08-28,0.0030753225480384394,0.0021884138536696577,-0.0009102279805810686,-0.0006029588754963289
2019-08-29,-0.0020444926814352504,-0.0015102850595635209,-0.00032661085078600216,-0.003442435806868582
2019-08-30,-0.0029980653832482043,-0.0037937525481268166,0.00024373613478259094,-0.0038912425245124877
2019-09-03,-0.0036425971930870603,-0.0019939666556130667,0.0016445919492688033,-0.0011379017185399283
2019-09-04,0.006661617607789317,-0.004647191686687235,0.0051009039634481775,0.005032677322590603
2019-09-05,-0.009349463213386056,-0.012844508804475342,0.006666217130595343,-0.007858081319323862
2019-09-06,0.001532082228864451,-0.002208449384861688,0.003423648302694171,0.005169725656686682
2019-09-09,-0.0023726888863020434,-0.005546681568565859,0.0003971366908774865,-0.000724170825481596
2019-09-10,-0.007698336930215155,0.017730764612112294,0.015062019676358519,0.00825953639767226
2019-09-11,-0.004866148663137436,-0.0017038732720267898,0.002097243487675548,-0.003763931451604207
2019-09-12,-0.005189973997395802,0.0016388369635414561,0.0058826696184524074,-0.0024174088057002194
2019-09-13,0.003402997578939781,-0.008782296216342144,-0.001358687223041932,0.00464984266856742
2019-09-17,-0.002468380269366799,0.0011952420880366969,0.005545683623148223,-0.0001365351473496144
2019-09-18,-0.0007046648818948903,0.008613693104894394,-0.0028442124997553717,-0.005242105535285255
2019-09-19,0.0009303640489672247,-0.0015914198954023245,0.004486059487682437,0.0011942641193292691
2019-09-20,-0.00017170211885992898,0.0013422109508268052,-0.0029011837938072603,-0.0019295553094830498
2019-09-24,0.002055043512501409,-0.0035884966432253138,0.0038349093895512884,0.003270940301895597
2019-09-25,0.0018941110735939183,9.530033404691989e-06,0.0010489244061173465,0.0019963152804348613
2019-09-26,-0.0030023601024263156,-0.00011870787552710206,0.0006559664985467783,-0.00040773223289674215
2019-09-27,-0.0007356768020406294,-0.003916556697641793,-0.0033323532915896514,-0.0006585841770575382
2019-09-30,-0.0011986605167904063,-0.00023324435934164375,-0.0003464047557356631,-0.002349110399298693
2019-10-01,0.0012816281731148791,0.0007750877836507405,0.002397309506207535,-0.003294759195107416
2019-10-02,0.003029455581572682,-0.00778673705234958,0.008974572172474014,0.0090693432163286
2019-10-03,0.002883783252283689,-0.004200040987450482,-0.00029687107641018784,0.00022855406553043411
2019-10-04,0.0011191632485919368,-0.0004845113096170861,-0.0017698597024836892,-0.0016965884829741337
2019-10-07,-0.0017662034749159395,-0.0025605443236832674,-0.0003228834712956539,0.0014124541489184518
2019-10-08,-0.0051151688348365365,0.004663586419747379,0.003049808385715824,-0.0012220547006751683
2019-10-09,-0.0025894264180514434,0.0001062267332173183,0.00038180529883824477,0.002093295488823523
2019-10-10,0.000431395274000379,2.9406188594438565e-05,-0.0007555770992576428,-0.0028918118112016278
2019-10-11,0.0009426073800662405,-0.0041113700522260824,0.0020241297078745562,0.002290341112918111
2019-10-15,0.01004719567275636,-0.009212581860366331,-0.00422636716879965,0.006910138807663188
2019-10-16,0.006927157460085897,0.0029331971226861375,0.0015383913482607038,0.004619693545041372
2019-10-17,0.00034812324877151455,0.0013957586667491025,-0.002866360636415677,0.002968628444556481
2019-10-18,0.0008873828849838895,-0.0001349694693066894,-0.0006265958866733755,0.003335891771218798
2019-10-21,-0.0016423267771076945,0.0030127668967448343,-0.0010564952034500803,-0.0020906768135554588
2019-10-23,-0.0015483458931139003,-0.007775929546539783,-0.00017299729025568302,-0.003160283740660371
2019-10-24,0.0008761773675545647,-0.002508788780164561,-0.001797385620915071,0.0025069205593281295
2019-10-25,0.005262888099726281,-0.005316124941106048,-0.003407168358480206,0.002088278944951949
2019-10-28,0.00010511429500894564,-0.002364856955434158,0.0016498633892525038,0.0007814063519114567
2019-10-29,-0.002035514521486359,-0.0058834214091737945,0.004959957222669887,0.0007290949205152608
2019-10-30,0.001177167570656956,-0.0038431805135848984,0.004775090921788983,0.005543861268804295
2019-10-31,0.0007112424582427224,-0.0026803579866020223,0.0021948383707375953,-0.0025274653850456685
2019-11-01,-0.004254910548843194,0.0005456236859246788,-0.002116534494959899,-0.002921241978550907
2019-11-05,0.0027925010857516195,-0.0010269817829882566,0.0005321190434736554,0.001958500194595684
2019-11-06,-0.0005677267312767854,0.002778582886540915,0.002778582886540915,0.003313635801742143
2019-11-07,0.00045689553697987324,0.0007479333710440402,0.002336075245051461,-0.005423561398166169
2019-11-08,0.0186603375217812,0.015281740518259791,0.01228343867233519,0.0166907972419542
2019-11-11,-0.005507695640159316,-0.0020351361648249574,-0.0006329558175479199,-0.004286784372993157
2019-11-12,0.0017086749610081499,-0.0015385551150211229,0.0006530495051247922,-0.00041422512756236177
2019-11-13,-0.0025178974907948738,0.0032097191747536115,-0.0006150156759838989,
2019-11-14,0.0005103894310163337,0.0014759964350107065,0.00019476816774493004,0.00403225806451607
2019-11-15,0.004141296147531381,-0.0012841063803265662,0.00212164902051295,0.004526919049980649
2019-11-18,-0.0042525903426942286,-0.0008320336626674862,0.0029690248302093325,-0.008252494437753444
2019-11-19,-0.007453946391357147,0.005478333877317487,0.00847192361666993,0.021178020919029206
2019-11-20,8.520706222354697e-05,0.003105271672579635,0.0030134128656164718,0.004060813504162047
2019-11-21,-0.004469342588641667,0.0026908600906424994,-2.6483181513237163e-05,-0.006863644778531686
2019-11-22,0.003834957353093849,0.0031649789035621324,0.0008267044524471467,0.0028324898119913462
2019-11-25,-0.00047841265185191153,0.0019205799529185218,-0.004057731522736563,-0.008084424106582278
2019-11-26,0.0012167260850105997,-0.003395446439935457,-0.0035082813112474742,0.0004972880863407304
2019-11-27,-0.0024957675187874838,0.003125798679013614,0.003910491274625017,0.004835687432549307
2019-11-29,-0.004107433380311965,-0.00016832998730820226,0.0022968179726680525,0.0002729379839136459
2019-12-02,0.0018500175429384978,-0.0001999000442060694,0.005004202040150596,0.012636925457616447
2019-12-03,-0.0003790622400452247,-0.0025488043938433737,-0.006794716699366842,-0.008448957241808497
2019-12-04,-0.0009757765847580701,-0.0013109945052228067,-0.0026140448907486127,-0.004687410046874119
2019-12-05,0.0013085010521775907,-0.003048958279680014,0.0007827857428300388,0.0014485658634570964
2019-12-06,-0.00022100298006422214,-0.0003427334565899054,-0.0013217045454925636,-0.0020853128311555235
2019-12-09,-0.005438392544147352,-0.0006521003033947317,-0.00039080728051152933,-7.4789802775675e-05
2019-12-10,0.003337490512532915,0.001295792774199356,0.002382585484559008,0.009049182149183876
2019-12-11,-0.003630980972498077,0.0009380666396171743,-0.0011739620896403344,-0.003156416712881793
2019-12-12,-0.0010920124852804804,-0.0020279947184641545,-0.0006630902155462695,-0.002707263440855482
2019-12-13,0.019745570011852887,0.01621174437658357,0.009198116652923537,0.019713898761183936
2019-12-16,-0.0019468332669710046,0.0019788472745999154,0.011261468827351484,0.015395312465555144
2019-12-17,0.0014099935947823549,-0.0010095328547584659,0.0036913112960579976,0.005924408628937801
2019-12-18,-0.005088729955516636,0.0008411072489393546,0.0025445827445413904,0.0026137542019708713
2019-12-19,0.0003095775155400382,-0.0008347200166189506,0.0014974583383736474,-0.00020226537216833096
2019-12-20,0.0005140522227271793,0.00154022588522591,0.0020305969304750928,0.00248297442477885
2019-12-23,-0.004313674565749803,0.0026571772755720866,0.004672337962777351,-0.003760350494521373
2019-12-24,0.00033382725587896003,0.0037664589855437303,0.004299205969979636,0.0016462346266520693
2019-12-26,0.0006574323780760951,0.0002487247882043687,-0.0020324542618652686,-0.00045226585939780106
2019-12-27,-0.003416208143068644,0.00010064806279439496,0.00024187926325054394,-0.0038918834968210505
2019-12-30,-0.001781944830839999,-0.0038674425031112844,0.002591831914566112,0.0015484427216092183
2020-01-06,0.0019007624432327175,0.0035865097184879296,0.01030426913086544,0.001987411095549015
2020-01-07,-0.007942621896861924,0.0033724192787509596,-0.0027245960446719893,-0.0040797402861014
2020-01-08,0.0026518763084412813,0.009800366564790199,-0.004831281436107271,0.0030084306653262336
2020-01-09,0.007584235500964497,-0.0005135176315185673,0.0013961807442198987,0.020134457550108342
2020-01-10,0.0027961886300862156,-0.0027804857388041837,-0.0009811988954413042,0.006076346166238608
2020-01-14,0.0024098025247151654,0.0010864956165567152,0.005631201496308247,0.003104819085142855
2020-01-15,-0.0011823244231470077,0.0025756516247311904,0.004031337378066779,0.0032405861080755756
2020-01-16,0.00026549197056855437,-0.004524493633721915,-0.0006565786800435179,-0.0036250935912784015
2020-01-17,0.005772997646683575,-0.00528567842707528,-0.00029424417846557493,0.0017469658328105359
2020-01-21,-0.0010727833832679724,-0.003999659924320898,0.0022085894744859,-0.0014222155440622812
2020-01-22,0.003413755487963366,-0.0013016830354619202,-4.6680360353157396e-06,0.00434706617565935
2020-01-23,-0.004623010579414966,-0.003470970265487949,0.0031312257884057223,-0.0038578317138611706
2020-01-24,0.0016346806041471983,0.0015535044527973827,0.00019203076681393317,-0.00013566196707373395
2020-01-27,-0.002338094327212525,-0.0027806693925410022,-0.003719033779601943,-0.0043727619133423
2020-01-28,0.004367646974477291,-0.0005095662693069825,0.0011591313384935686,0.004775761593158549
2020-01-29,-0.0011524513325024796,-0.003073829505058523,-0.0006164735606583925,-0.0032579395708116354
2020-01-30,0.001004763771093442,-0.002155200798741386,-0.0017144863785951924,-0.0008825847784839358
2020-01-31,0.005212708457646676,0.002393595683352734,0.0021571692356814557,0.003910421814633469
2020-02-03,0.00214041384729784,-0.00830013901508897,0.0012684459267845675,0.0013153493052102524
2020-02-04,-0.0030215253188393913,-0.0010646876450415956,-1.102331678082269e-05,-0.00573456998148016
2020-02-05,-0.009710503687106888,0.0016696441912948277,0.010914612057156048,0.0010477384215823223
2020-02-06,-0.0025819688936800753,-0.0027987016921232396,-0.0019360307844439096,-0.0016017422776689418
2020-02-07,0.003365357811460945,0.0023364679548509622,-0.0029710568999220754,-0.0006920359633748817
2020-02-10,-0.0027406143958604635,-0.003963133640552963,5.452030580226368e-05,-0.0020790938839662467
2020-02-12,-0.004252914618093872,0.0039154098221800375,-0.0013050840113152163,-0.003144940630591542
2020-02-13,-0.004072203728649715,0.004916611676016869,0.00018536346770445787,-0.001694138352208746
2020-02-14,0.002449791364428422,-0.0036647652871218297,-0.0002706950050054731,0.0032920062892479174
2020-02-18,-0.0008622964070647221,-0.006132779417840651,-0.002589297038408467,-0.0003692305815359933
2020-02-19,0.011162924789133343,-0.000511616799973047,0.0019525543138740223,0.008604841745726854
2020-02-20,-0.001472739105980403,0.0009506851633234838,-0.0022286755764340696,-0.004093297631088827
2020-02-21,-0.0034603869378217575,-0.006274729131041434,-0.0049229099181679285,-0.007550584431658116
2020-02-25,0.007464344649107812,-0.005011276443888924,-0.007735300141019597,-0.00034783908780184887
2020-02-26,0.0009667519796694663,-0.0035100281328238167,-0.007980583823798204,-0.004343608588004963
2020-02-27,-0.0010660704739337001,0.0031224079750894022,0.002452117991760927,-0.0011761882216207407
2020-02-28,-0.0036919095256124253,0.0018404148337703534,0.0035186911913799544,-0.002575281235738431
2020-03-02,-0.004076078254473115,-0.003767559883611306,0.002736741966589863,-0.00743372899895639
2020-03-03,-0.009410147990622363,-0.003658918935685842,0.0033100250530180737,-0.0016261070024254747
2020-03-04,0.017815782925753185,-0.005074174212073057,0.008456178144592274,0.013647969927419484
2020-03-05,-0.0006499343957796942,-0.0022200521561015264,0.006636681961870571,0.0050659886390498066
2020-03-06,0.0011702877726904141,6.165944806062543e-05,0.015425704060088896,0.006051178577034806
2020-03-09,0.007057995086798094,0.0066919278765178655,0.011473846287983473,0.006999401306770417
2020-03-10,0.001997289323446585,-0.011588578445206731,0.008529246719431338,0.009569071645152019
2020-03-11,0.0033753061348017477,0.0031325198196467726,-0.015307951900230155,-0.013268439171380764
2020-03-12,0.0034691383098581115,-0.004437080079571307,-0.001150721716445459,0.002153575624529235
2020-03-13,0.0047648977576573385,-0.02508436381880199,-0.028816001374286793,-0.027152196870219397
2020-03-16,-0.015852093214591023,-0.00744988852669186,0.005610150201634512,-0.00710237803455881
2020-03-17,0.030247888581521675,0.0015243856069767636,-0.014594130213580515,-4.06033581521921e-05
2020-03-18,0.011006348068056695,-0.015958420021537446,-0.0009196906714843186,-0.00015221689130587128
2020-03-19,-0.00023982285237211798,0.009389109049526768,0.0031988316975660514,0.002002293199395774
2020-03-23,-0.004733765653166699,0.005770477870202307,0.015639647755826977,0.007352810614390304
2020-03-24,-0.05312197418381204,-0.010877410715693658,0.02331996333713855,-0.024358844065506886
2020-03-25,-0.00988498004852829,0.03368606811173591,0.024346885350090417,0.002064436811496151
2020-03-26,0.014593625090470264,-0.010869248106411055,-0.0018688347418442496,0.02417074449565787
2020-03-27,0.028057389854704608,-0.021130482852712996,0.010311434083719106,0.015138129446185606
2020-03-30,0.010796345833257791,0.003485192676727821,0.021151262073774334,0.009457678478454214
2020-03-31,-0.009655223117148927,0.0063439541085008825,-0.009816059007353052,-0.013880061267888872
2020-04-01,0.006284234664582097,0.01857995401250945,0.005958395102026202,0.014895497001739689
2020-04-02,0.012351264200965174,0.000850718667168549,-0.0013658918827753382,-0.0029836707919442635
2020-04-03,0.013963734623820903,-0.028149962768069425,-0.02754033547010715,-0.03880958192987786
2020-04-06,-0.018428710709078724,-0.01600992639168024,-0.006417146711718093,-0.025794512147001812
2020-04-07,-0.020926957926326394,-0.004063056687005883,-0.008207627917102056,-0.02708223330181677
2020-04-08,0.013404727155014817,-0.005293293975756796,-0.02095016461911945,-0.008562884813551275
2020-04-09,-0.010409102008199467,-0.0013670888587646191,-0.0005145524601253282,-0.023979967594638385
2020-04-13,5.788206133745463e-05,-0.0029603196702658874,-0.002089599074823356,-0.00863120615016938
2020-04-14,-0.007291618187624383,-0.011708899788278404,-0.012922500263637038,-0.004726816138119404
2020-04-15,0.015005311006084841,0.00129969624479771,0.009169568886779,0.008381987374258744
2020-04-16,-0.0038657703183126568,-0.004249921979450733,-0.009117532321032452,-0.007073173265642321
2020-04-17,-0.011435443584191707,-0.008816100595873587,-0.004610727792079428,-0.007221485413640203
2020-04-20,-0.0026503104698968995,0.0037448041176368022,-0.004734760745875999,-0.0034966027901154884
2020-04-21,0.00473607470078341,-2.6632843879004177e-05,-0.001603938165193375,0.0073784013967620795
2020-04-22,-0.0039491219009133,0.011578811530194267,0.004934825893877948,-0.004872316907492175
2020-04-23,-0.007347714578509489,0.012406316394647865,0.018117192634141552,0.02097505668934252
2020-04-24,0.0056343370530583135,-0.0008252760467349019,0.0025474664139440773,0.0
2020-04-27,-0.022186817657428734,-0.0026080517132633482,0.004710771144811154,-0.015939270737030463
2020-04-28,1.881907512644174e-05,0.00563222209699088,0.006632146653585846,0.002442227265590291
2020-04-30,-0.0181568646295716,0.025449075170929404,0.02271046209628711,0.002156804613348773
2020-05-01,0.019254926987330157,-0.01107267508520866,-0.005628783276754978,0.020298284436150504
2020-05-07,0.011312202611637678,-0.0027752948032512496,0.0025282720915463797,0.0026667185998176714
2020-05-08,-0.02280959779391831,0.01111223935859016,0.01160297892968083,-0.009513742071881603
2020-05-11,-0.01054487741974781,-0.0038006584256002228,0.0021257778379381253,-0.015955624307966376
2020-05-12,0.004165155419216071,-0.000949856611368749,-0.002104104329978962,0.006202064236440521
2020-05-13,0.0019942182654721034,-0.005260477734415026,-0.005011546666612344,-0.00047487167209477044
2020-05-14,0.014508891108895704,0.010193551453965343,0.010315743505033415,0.010918853805995865
2020-05-15,0.006664592617072796,0.0037890906683960782,0.001454075707077429,0.005508102732929954
2020-05-18,0.00987549352375592,-0.0016568371502408974,0.004717420328490607,0.005388200984565998
2020-05-19,-0.01645911890219274,0.01825076080083936,0.015364662420484999,0.006396588486140775
2020-05-20,-0.004401099770008599,0.0022914577149030888,-0.008597936524014794,-0.0055026710579026365
2020-05-21,-0.0015386248707905947,0.0005476284089177778,-0.00039193616920638573,0.004602057390362735
2020-05-22,0.005728255579317309,0.008252776606645806,0.0055624105826603595,0.01327863802211664
2020-05-26,-0.007754185435612038,-0.009031983378187159,0.006933794591657549,-0.0034220347700755866
2020-05-27,-0.007019718468927172,0.028327799176105596,0.007078535780297291,0.02655144113177821
2020-05-28,-5.5991574770719544e-05,0.002326272418148512,0.0035762719618672276,
2020-05-29,0.01441320490625473,0.013859954560473241,0.016177244342520148,0.009652072145664166
2020-06-01,0.004575410167809046,0.0033654579136745523,-0.0008090793172053966,-0.002412070645396814
2020-06-02,-0.0110021065095669,0.0012552006183380818,0.009408189170903202,0.0017164057862237847
2020-06-03,-0.0018437077330662795,0.004058392604281735,0.003504344696681017,-0.010825072403272518
2020-06-04,0.017641565442096652,-0.006658862616570982,-0.00967070842021267,0.018180069174484614
2020-06-05,-0.020710296369688797,0.008009486479909754,0.01191059398328025,-0.0022364240037604875
2020-06-08,-0.0025937596061998743,-0.0062774213411135975,0.00979825443726281,-0.00231854168209622
2020-06-09,0.009347442717991726,-0.0032552998938695896,0.004781785889075319,0.005294729672700181
2020-06-10,0.006771323120173034,-0.00159560333424833,-0.0012261044302040334,0.0034618332364424118
2020-06-11,0.013322165889935069,0.021624653529031312,0.014877951651267707,0.02061632487647433
2020-06-12,-0.012825044006809616,-0.011633346692032065,-0.012338755920333865,-0.01386707673089272
2020-06-15,0.007256053006177932,-0.007282344487706148,-0.012191823474264861,-0.011523793634687566
2020-06-16,-0.003948298253118177,0.0061698010352653,0.005263019004426873,-0.000776570297598006
2020-06-17,0.004453963223624036,-0.0007893073251975967,-0.0038532101098974316,0.0036560740971931425
2020-06-18,-0.006583210603141643,0.004096457240707085,-0.0016688901590499183,-0.0016477700451541992
2020-06-19,-0.008606793889777097,0.0012672769353402557,-0.003466704933048659,-0.003583322074491785
2020-06-22,0.006899711031701084,-0.0012972243361484945,0.0003631828473372291,0.002856422562246252
2020-06-23,-0.005956466950947115,0.004305340580463479,0.006929041098525124,0.0001655638483433594
2020-06-24,0.0031214894289189445,-0.0021590723260228595,-0.00045806977618512157,-0.0026179513389324315
2020-06-25,0.004217847092796823,0.001138499268986193,0.0027122222891187374,0.0074885375694524435
2020-06-26,0.0009261414121572997,0.010606964580077483,-0.0008146278934314744,-0.002023409010955527
2020-06-29,-0.0003517541985004866,-0.0012153513846779652,-0.0005911201385178312,-0.0022791571924626773
2020-06-30,-0.0011519789235935112,-0.008682464871684382,0.003519261897209547,-0.002109304458818388
2020-07-01,0.012731158849491853,-0.003379992707717227,-0.013800840879656051,-0.0053324606963119185
2020-07-02,0.0036493061570234795,0.00043869664443654246,0.002193407804235781,0.00020114948937946693
2020-07-06,-0.0010626916325118252,0.0015371675234121095,-0.0006514920545980024,-0.00045320920199133294
2020-07-07,0.005863789580330003,-0.004539835726635411,-0.0030174487021492388,-0.0008784031931777458
2020-07-08,0.0007896730327782379,2.6006630701757606e-05,0.0023538318188271344,0.0013592349480995303
2020-07-09,0.009225600436728598,0.013582270951675034,-0.008355962473062162,0.00012732012273937183
2020-07-10,1.1808375652799102e-05,0.0020145129744225665,0.003018602747613319,-0.0009165666049053937
2020-07-13,0.0018872086064942502,-0.000960816851038237,-0.015991207127537054,-0.007103916109522591
2020-07-14,0.0023062930507334214,-0.0029683758381192638,-0.0048426761096241,-0.007532262207188001
2020-07-15,0.0021488264390645776,0.00851571302868397,0.004448353216478585,0.010696830906065352
2020-07-16,-0.007666677770001939,0.007891712648212958,0.00703385494466402,0.00554416902071177
2020-07-17,-0.0033109872141328985,0.0070378910748562385,0.007504646545836269,0.003260202033207066
2020-07-20,-0.001754421142820383,0.010618076931520282,0.004309758197712621,0.0029691851621012066
2020-07-21,0.002054592466041649,0.003073189017957412,-0.0011900077570991653,-0.0015093705234513366
2020-07-22,0.0048367236794889966,0.0006658400177948385,0.0038417911990270117,0.0022968445817438234
2020-07-27,0.00014898317004545785,0.0006090140366467713,-0.0019901949097165033,-0.001520123785892502
2020-07-28,0.008957344451412073,-0.0027134484529202085,0.0011928015470797915,0.00501411074218415
2020-07-29,-0.00034980963164070716,-0.0051234973303353245,0.0036235853877993216,0.002615823788342353
2020-07-30,0.017424201643230643,0.010088592663716867,0.003242199843489722,0.00961462270070046
2020-07-31,0.0012878519641732235,-0.00484409781138255,0.01633151350272588,0.009648160562417407
2020-08-03,0.000285467462853007,0.0010860644245552107,0.0021843762951486486,0.00011653940105745865
2020-08-04,-0.012751078426882414,-0.004481456147080154,-0.0009811309678032561,-0.007340824736498719
2020-08-05,0.008584482465415277,0.007142861756038709,-0.004557948605739548,0.0037854081136425854
2020-08-06,0.017635853909813638,0.002125378391592148,-0.001618609211322286,0.007399251929559099
2020-08-07,-0.009427001474064013,0.006797560241944245,0.010756033805208466,0.006005016676105639
2020-08-11,-0.016139917110825498,0.007041741896712984,0.007224406692374253,-0.004707129233753458
2020-08-12,-0.004947189449790335,-0.0019548214412895334,-0.007429899593215695,-0.003448226131712107
2020-08-13,0.003002172441876372,0.0016825345516183975,0.0001768005509287684,0.004873812659106469
2020-08-14,-0.001992372895795147,0.0006945379008213015,0.0025800564546515138,-0.0021737731006227223
2020-08-17,0.005625918501006888,-0.005141631649897805,0.0006094416433263467,0.001998370127871946
2020-08-18,-0.004937659836893538,-0.005661567411727897,0.008145689373092879,0.001379380855432294
2020-08-19,-0.0023157445830159547,-0.0005978280721748112,0.002198815354796069,-0.004181403879877163
2020-08-20,-0.007282719752585343,-0.0012709104806733374,-0.0073352982618332336,-0.00788951043075407
2020-08-21,0.0019137181758335676,-0.00504158186853283,0.0026683016718844323,0.00252274114777723
2020-08-24,0.0058030216230189335,0.007040246227179069,-0.0023058445973734853,0.009885128639105114
2020-08-25,-0.004045973588952911,0.003826256332443356,0.006999032587465326,0.0007584168585840286
2020-08-26,0.002459304012364005,0.0021116241296695202,0.0028226696924789517,0.002319100064501789
2020-08-27,-6.5890051900614754e-06,0.004282717401253234,-0.0020792909914071787,-0.0024425210714474456
2020-08-28,-0.0013938096796012097,0.0005243363078464951,-0.00039356835813340006,0.004333090616819746
2020-08-31,-0.009953307383946087,0.00869756149562657,0.0043536697683460805,-0.004741640832541005
2020-09-01,-0.001879707398319308,-0.0005792755538291728,0.00280214686236,0.00028482818869588833
2020-09-02,-0.007543291719769707,-0.0028654180963980647,-0.006584314103606737,-0.007990945939569491
2020-09-03,-0.004407754075221848,0.0008620400957582096,0.005020756618341582,0.00036278237436945804
2020-09-04,-2.799417991521374e-05,0.0014147268057756123,0.004289876717950114,0.004611519762911349
2020-09-08,-0.005313503389020702,-0.004069743199139819,-0.00691153023531974,-0.009644783050232064
2020-09-09,0.00018997367068482839,-0.0027267241501097495,0.002061084599218654,-0.001879478635503177
2020-09-10,-0.0011005776230107681,-0.0025080851682202534,-0.003028965646733272,0.0038107969730879045
2020-09-11,-0.006323106597708273,0.003276320078545014,-0.003180371693647599,-0.0031559487091008757
2020-09-14,-0.002875327720377574,0.00737000407583761,0.007419275640662338,0.003918077857513991
2020-09-15,-0.00040466207810219146,0.007499545104407001,0.0004790576873841433,0.006613523032534874
2020-09-16,0.004532028718267212,0.0037905281714582404,0.004303812033712462,0.004903759471843133
2020-09-17,0.005700649790736145,-0.003480158490601926,-0.012604928059309973,-0.002102338838787704
2020-09-18,-0.0027676844580597267,-0.003550376238985442,0.0025830464966419163,0.0005090512360808874
2020-09-23,-0.00013196748287667114,-0.003681749368701826,-0.0070206198296209445,-0.004473928237553527
2020-09-24,0.000918632760167082,-0.005016743202375662,0.0011027646573679604,0.008407114507320743
2020-09-25,0.000144895156391045,-0.0031530187814880375,0.0013594027108696505,0.00722324929447606
2020-09-28,-0.0014688866923171064,-0.003991634968583568,-0.0011827773363854545,-0.004534883970459813
2020-09-29,0.00299338671175009,-0.010645628275997597,0.0005234620730814933,0.0033544962425284784
2020-09-30,-0.0038646269893716882,0.004500725392425343,0.010673772399299897,0.0049128259680049444
2020-10-02,0.007423909669761787,-0.00845568156856058,0.0048264856269000685,0.0019308900123844834
2020-10-05,-0.0013662559339831177,-0.014100670678803029,-0.003592012444045633,-0.0090468304475582
2020-10-06,-0.0009132149238189946,0.00319262550678161,0.003145511374061671,0.0004344894421543918
2020-10-07,0.0035346092222501733,-0.004342809223997279,0.0016651836175871624,0.0013856320637439484
2020-10-08,0.0043036788250231835,-0.005510436266854235,-0.005602001115131805,0.005690284695039923
2020-10-09,0.00013888546209417374,-0.001176900840215267,-0.0057266909789108755,-0.004182286921597667
2020-10-12,-0.003414264401669076,-0.00031945340999763863,0.00046547309437887645,0.0011390997521214161
2020-10-13,-4.557724705054342e-05,-0.004168787854563783,-0.000982685583423737,-0.0012415221077344551
2020-10-14,-0.00032810305621384624,0.00080478025741193,0.005710032462418347,0.004602414175834864
2020-10-15,0.003604292994400726,0.003302498900993078,0.0017477198253881944,0.002490987690581775
2020-10-16,-0.0013437862955060437,-0.0009775475828924353,-0.0045459768349641605,-0.003009069863148413
2020-10-19,-0.0030930493120133965,-0.006904683950968726,-0.004077943998968214,-0.006486952242156318
2020-10-20,0.0058912304655427405,-0.0052754038029579,0.002161987206005,0.0035154949117810197
2020-10-21,-0.004101830786530414,0.00972674873212731,0.0034417488781613766,-0.0013289620829950114
2020-10-22,0.013229201593389871,-0.001577803572076042,-0.012773025985417585,-0.00014121478459611092
2020-10-23,0.00025929256242873677,0.002302770918976016,-0.007700430690099136,-0.0072975349442665595
2020-10-26,0.0007308255037424383,0.008478938077568388,0.000608999166440638,-0.006517620890560164
2020-10-27,-0.0010419786957778455,0.0018081118463206813,0.004887754858338455,0.005143085373920822
2020-10-28,-0.0031931648382752306,0.004458299497653284,0.000511895065802492,0.0042818563206158625
2020-10-29,0.002072451315766632,0.0017549924103825942,0.004674594985343839,0.0017766157221860033
2020-10-30,-0.0037229917624171695,0.005778217401811435,-0.004005664740500792,-0.003135402455720049
2020-11-02,0.00020413161151244807,0.013760757775040842,0.007371336790935292,0.0051642755227157295
2020-11-04,0.0010021742045885462,-0.01019064030928034,-0.01123596119369994,-0.005152957496679249
2020-11-05,-0.01880846312183031,-0.0002040531847599114,0.01753942675353315,-0.010006071737919824
2020-11-06,-0.0031549250086734034,0.006334979199347534,0.00823764966275502,0.004199475600099045
2020-11-09,0.011088562382154032,0.008981703298317023,-0.001086328399827208,0.013933602737772546
2020-11-10,0.0029351289353827027,0.03291897885098265,0.01454987135930761,0.011485138887695026
2020-11-11,-0.005590015760920397,0.0018394999587313383,0.0007852937469654984,-0.0008099993069403733
2020-11-12,0.005035779814605145,0.00705849615389338,0.007659944321613521,0.012569585743051984
2020-11-13,0.0008176212651277662,-0.0018651306328658634,0.003249446811758627,0.0038700295059181933
2020-11-16,0.0036423312698765863,-0.004358862815879139,-0.0034140101986260612,-0.00047090349763131024
2020-11-17,-0.005746271693875959,0.004385064386873738,-0.004527632118245894,-0.0050108084743766225
2020-11-18,-0.006715819569116288,0.015208583070562566,0.0020824312625322694,0.002910567918175039
2020-11-19,-0.0004340539809615019,-3.8222589623737504e-05,-0.005443731615711368,0.0024899353728821128
2020-11-20,-0.00048563004134796186,-0.004501622718928267,-0.002167094918195045,-0.0012348383202514415
2020-11-24,0.002780860187708867,-0.00047115792827769895,0.0020828944011636484,0.0025821675182012747
2020-11-25,0.004621649758845603,0.0008914648334263468,0.004639395517614454,0.006082951537253381
2020-11-27,-0.00033864278824877756,0.0013152270907247354,0.005551225488291389,0.0035025348646805323
2020-11-30,0.004298585324748295,0.013479030568305728,0.011353272780230905,0.014337010093498043
2020-12-01,0.017635560456226315,-0.007870912845098199,-0.0060930319775168934,0.009659539197459007
2020-12-02,0.002858977000226548,-0.005391311596799286,-0.003921481594158616,-0.001690211260992175
2020-12-03,0.01329066855158314,-0.0035207609251439067,-0.007108065856739909,-0.00265178225445889
2020-12-04,0.0014806581454836149,0.001477345154345322,0.004053818674524701,-0.0019393322807253143
2020-12-07,-0.007984374311038267,-0.0017867384729892914,0.00018033050559249607,-0.007992898053018954
2020-12-08,0.007409826628710703,0.0029687240498673666,-0.0027428571230980084,0.005056524236084714
2020-12-09,0.004538201043954127,0.0027186662290089375,0.003847739918302473,0.011150292743490742
2020-12-10,-0.0015630665907998774,-0.006032743719215606,8.189227781529862e-05,-0.004181422551750422
2020-12-11,-0.005326383776866516,0.007630820789393589,-0.0031323357045942362,-0.002330961743605253
2020-12-14,0.005451705953206476,-0.00505169767856799,-0.005539609072176432,-0.00040519703872661256
2020-12-15,0.001035148543437692,-0.003118033372102015,-0.0032895673338970925,-0.0002513757197718071
2020-12-16,0.003722829257805582,0.004422010558943756,-0.005251519141575244,0.0002674904702191634
2020-12-17,0.003384269287238273,0.004835016389208202,0.0039860907617927715,0.0024407792297606963
2020-12-18,0.004831758943151132,-0.0009773892410532836,-0.011892916760699057,0.0038609334971635547
2020-12-21,0.004321303457049641,-0.00013897855958051528,-0.006682686682395711,-0.00366787829836677
2020-12-22,0.0011790523577729587,-0.00035035463935486656,-0.006166022307446339,-0.005276081744948563
2020-12-23,-0.0006648120967741589,0.010038151811882967,-0.0061402446053551605,-0.004057663681687584
2020-12-24,-0.006912742554405015,-0.0013746834720606447,0.0038080938714105893,-0.0033497697954664118
2020-12-28,-0.0025680880697152683,-0.005462059943243202,-0.0008191442933745295,-0.00025298924454930096
2020-12-29,-0.0004200411860429739,-0.0004816517562326265,-0.0011023059408606702,0.0014967306235713854
2020-12-30,-0.005653652203236948,-0.0022455804593673133,-0.00471158723218903,-0.009777183203223913
2021-01-04,-0.009409352189757535,-0.0063528265680109055,-0.013240589933572801,-0.008820358308730219
2021-01-05,0.0006145191851053338,0.005413248059852882,-7.888302075658143e-05,0.005675429574978917
2021-01-06,-0.014032968789915844,0.0010674956438188271,0.00741264509159829,0.002028310215395318
2021-01-07,0.01666567491479576,0.006951552348652279,0.008355140443929022,0.009026557592943152
2021-01-08,0.004760140777171572,0.0013854578355118712,-0.0010097772733258731,0.0033216307444353336
2021-01-12,-0.013139110342900384,-0.00893288899541882,0.0073269281148463875,-0.007827734321852364
2021-01-13,0.009231799934781005,-0.006754646705472812,0.020954209893548237,0.014490496305688999
2021-01-14,-0.00859715037215516,0.0008620113017723911,0.006950612769405806,-0.01156574405054243
2021-01-15,-0.006345779562730991,-0.0019126746223039337,-0.004947426346945338,-0.0027233993375881905
2021-01-19,-0.004233875656654829,0.00024184476525244145,0.007711062763400899,-0.005950735747559462
2021-01-20,0.007089193977121356,-0.0017715421409318036,0.0062015747961235105,0.010237737341323142
2021-01-21,0.0019227602252986698,0.006485244566433956,0.002077292003989295,-0.0002380585448312953
2021-01-22,-0.0026784670293939607,0.0036771683124626085,0.003748415966799623,-0.003945238233479401
2021-01-25,-0.00550947125381831,-0.0041076763307362095,0.009101032751728444,0.00956710265176186
2021-01-26,-0.00829464274270928,0.0019049201396726945,0.010484520627220717,-0.004779851558656142
2021-01-27,-0.0008570115004125523,0.00030277560880904726,-0.0040422919963943645,-0.005580492889069205
2021-01-28,-0.0010936109661590539,0.0052962037199836935,0.007242525468613924,0.003396312030862425
2021-01-29,-0.009961468459905466,-0.001587038236340788,-0.0008998607587482402,-0.007553883306605908
2021-02-01,0.007382473477396023,-0.004897408216720467,-0.0009009798507830565,0.002408706054482946
2021-02-02,-0.0022639019782176636,-0.008475023166520245,-0.007790619851898661,-0.00799444044752882
2021-02-03,-0.007489355301821866,-0.01600115945230296,0.001147203067584734,-0.006474970582218853
2021-02-04,0.0012914135807561289,0.0015679841632705526,0.005097603806022732,-0.0009166712298772158
2021-02-05,0.004432729086618003,-0.0078022931076863426,-0.003590948956077944,-0.009826692078898322
2021-02-08,0.0019739673408743393,0.0026580892762155806,-0.006419547872895493,0.004426380538442392
2021-02-09,-0.007627605739979138,0.008927364968414243,-0.006910381712704772,-0.003833924595751899
2021-02-10,0.004068598435725734,0.007614439991698751,-0.0006637915344279936,0.012649037530873689
2021-02-12,0.01218671342214217,0.004465231343142873,0.010293809168352609,0.009567625716515891
2021-02-16,-0.006529756470888182,-0.011525651774267209,0.006687877211139969,-0.007812606425655903
2021-02-17,0.006290099470632148,0.003229438448615785,0.007557353312115267,0.006212878915219326
2021-02-18,-0.010700531078900033,-0.009403904491463267,0.014662355316059528,0.0007259066260771156
2021-02-19,0.0025871126943182166,0.0029982165306610574,-0.0052350482088601375,0.0009529402121468502
2021-02-22,0.007849345418147701,0.009436003849483954,0.006996957746787703,0.00896475382821299
2021-02-24,-0.008169975423338994,0.016898704098968476,-0.006550601682370427,-0.010383084440134641
2021-02-25,0.0022969393319362875,-0.004244503653945619,-0.0023946300728920457,-0.0003961008832345401
2021-02-26,-0.012390495119546863,-0.006330720080599074,0.023674758922088212,0.0041404005294807915
2021-03-01,0.006738632866334648,-0.006304065513195467,0.008838807108925907,0.007726928575030619
2021-03-02,-0.00246053068859977,-0.002552901103243953,-0.0033022448409092617,-0.0028740850330397083
2021-03-03,0.01137260344348472,-0.004289135272874867,0.0023246113792916743,-0.00021819202843449768
2021-03-04,-0.00421485393192993,0.0012482843224651988,0.0037965814939207474,-0.0029272756487014
2021-03-05,-0.005880225696734121,-0.0029900277351815993,0.007974611862599245,-0.01006574756574763
2021-03-08,0.0020479512096804433,0.00612037773577776,0.0012689147826207897,0.01443160720397894
2021-03-09,-0.001090021349946734,0.008878167321249419,0.003325254524686061,0.01124237269433755
2021-03-10,0.0004110862404004935,-0.006046043365621779,0.00012681999377188728,0.004642147920962384
2021-03-11,-0.004806307269256172,-0.0021909226538715746,0.002165995419090106,-0.0022992032527800613
2021-03-12,-0.0026352448226627523,0.0040277417790537395,-0.0019294127908243922,-0.010300481632802394
2021-03-15,0.006509001626679113,0.0027852266006356038,-0.0002201486825131882,0.005078404927832081
2021-03-16,-0.003018611564403373,0.0008283312763257998,0.0031932109034383815,0.0012215188296765822
2021-03-17,-0.002042201770958729,-0.003636583165041052,0.0052539606326442055,0.0005145960835097515
2021-03-18,0.0038590061859051557,0.004030240882914793,0.002765598391524548,0.0018964172263055837
2021-03-19,0.005973338793425898,-0.000926336947928607,-0.008286314705411302,0.004418314208445628
2021-03-22,0.0011697249237003103,0.0021489638630275863,-0.0012229487140390516,0.023583539311338386
2021-03-23,-0.007729628056953607,0.008269379202861549,0.011901476629695828,-0.004960597635075762
2021-03-24,-0.00041470786202166786,0.00011753505054137338,-0.00425467210367907,-0.0040352361232234655
2021-03-25,0.00245214680854584,-0.003511691755966639,0.000958565635470832,0.004468231953327986
2021-03-26,-0.0034419700866330062,0.0025776814165410222,0.004483861646306098,-0.0005931059773031471
2021-03-29,-0.008031950446369661,-0.0010223796043596252,0.005104192752034021,-0.008269126614061933
2021-03-30,0.013462098692081547,-0.011835727723625046,-0.011595935374895762,-0.006001691028049908
2021-03-31,0.006880868238173332,-0.0009013368344068066,0.0013102373407845704,0.0012268328663032554
2021-04-01,-0.009173083574485453,0.004630490423473033,0.0021309394839953647,-0.015120173736393332
2021-04-05,0.01735699245894611,0.01575470304807125,0.009295586901516838,0.01578399088385861
2021-04-06,0.006024040180284507,-0.006465982033973482,-0.0004194716417278664,0.0017169958767464522
2021-04-07,0.005782534484673319,0.002933894645608959,-0.002734427495857883,0.003822511030558825
2021-04-08,-0.005539924170867617,0.006802664809007308,0.001482653675974022,-0.003058029369188253
2021-04-09,-0.012149612051379165,-0.004424774524775854,0.005549316378181924,-0.004985763175361313
2021-04-12,0.0014683351311759016,-0.006641980741771358,0.0011801075730881292,-1.733473592070451e-05
2021-04-13,0.0007678436428102175,0.006583853093080183,0.0007178468794059922,0.007181706494775694
2021-04-14,-0.003298413191466576,0.0011202077611964121,0.004436989034937366,-0.0004296209021238859
2021-04-15,0.004932531315764255,-0.00038800499729603217,0.0011676729643787854,0.006433658949508703
2021-04-16,-0.0011759005275071344,-0.0005567791149075241,-0.0015885318657541392,0.0027653437328408748
2021-04-19,-0.0044107315916176665,0.006401343381680746,-0.007590225328919287,-0.0041267006983791345
2021-04-20,8.029575089274488e-07,-0.0036956426561686843,-0.0024925027493031496,-0.008012661992322465
2021-04-21,-0.0025279698964420618,0.0002521665281517427,-0.0012835302915271685,-0.0015772835724482681
2021-04-22,-0.007513750964564258,0.002333246577787684,-0.004723344146083131,-0.008825321865487285
2021-04-23,-0.0033598510762439695,3.2817799327840985e-06,-3.054340177366388e-05,-0.003657734779145788
2021-04-26,0.0043832480001707586,0.0030228724531043086,0.0037287065032643786,0.0011299845604855808
2021-04-27,0.004390684360296393,0.0075310633432948085,0.005931115337195725,0.002218754682474478
2021-04-28,0.0012095954125196599,-0.006750364698696077,0.0015940038060805908,-0.003278038795884945
2021-04-30,-0.0012637415177966238,-0.00029505964042628695,-0.0020166380601976284,0.0022870509035128996
2021-05-06,0.008356658659516536,-0.004653707224305427,-0.0038734881427983526,0.0034022720996264577
2021-05-07,0.010175519493987517,-0.0020822711446848,-0.007433799969040211,0.0008326751969511383
2021-05-10,0.006345007446513562,0.0018962133918957848,0.0027502687241306003,0.0005494983171285871
2021-05-11,0.0008812306365571839,-0.004804715152412122,0.006242404853624929,-0.0021636496537315586
2021-05-12,-0.013115843990024167,-0.0036289302202777256,-0.015067650690486788,-0.008588943213730105
2021-05-13,0.007331335773750202,0.011269322341813326,-0.00229340221343548,0.0049457120542364345
2021-05-14,-0.005507978766782129,-0.000775295568086554,0.007600395656695258,0.0052211304716047
2021-05-17,4.480048153005997e-05,0.01295895639674316,-0.0068538451273658435,-0.0021733579337942233
2021-05-18,0.0016250309783085726,0.007986663990072685,0.00849589111108797,0.0085972542462479
2021-05-19,-0.0007532151168000877,0.0001906461717483987,0.0014039182234065082,0.004169869427198899
2021-05-20,-0.008697052453895982,0.002857559004285348,-0.00033047448592928854,-0.013032224675577336
2021-05-21,-0.004353411862466915,0.009842949157616965,0.00719071024620519,0.006934444888629311
2021-05-24,0.004720340731337958,0.004286027742099141,0.007059196216091612,0.006725684409429178
2021-05-25,0.007631915913367071,-0.009968625612483994,-0.000723571076625218,0.0026857435777701373
2021-05-26,-0.0077774771584457674,-0.002594325794262042,-0.00625496826355354,-0.009772413984579143
2021-05-27,-0.0030080464705381396,-0.0009678377747178945,-0.00511011916978743,-0.004282536749170082
2021-05-28,0.004027637660377081,0.002352373838827226,0.007122270600468261,0.002991928409180788
2021-06-01,0.005951704541917069,-0.0003534146390443693,-0.0046524109117092255,0.006820454742872711
2021-06-02,0.0074571623776623405,-0.0030321542695921806,-0.002939275845280442,0.0003473157789653375
2021-06-03,-0.0017553868207480054,0.0021715200582741456,0.00271155711254436,-0.004093270192540799
2021-06-04,-0.0031194378545531753,0.002586586123957235,-0.006255933672867964,-0.006631264496962423
2021-06-07,-0.005044662642770948,0.005861905337284479,-0.0017494277884259725,-0.0047179143841384
2021-06-08,-0.01394674022739366,-0.012520050740634846,0.018181427876009005,0.008003804425082639
2021-06-09,0.004182688518984889,-0.007167834251400107,-0.009722197104663977,-0.0023749671284118
2021-06-10,0.004658501055742415,-0.0027215174859490654,-0.0040637523935324275,-0.0006029096333372563
2021-06-11,-0.0016530340754719267,0.0005410025762851763,-0.0012869063138202016,-0.0009412350010094186
2021-06-14,-0.004565205585022426,-0.0033646398804261235,0.005023671043457578,0.00245971183705645
2021-06-15,0.0016161363399743505,-3.152328195408279e-05,0.0010984483063127383,-0.0009326927991618232
2021-06-16,-0.0034046000279313923,-0.0028312706113256206,0.005660628366780585,0.00271175334618014
2021-06-17,0.004080707693231123,-4.771281767963504e-05,0.001267124988893786,0.001501692249139415
2021-06-18,-0.010223165271755687,0.0011939664835991072,0.0053346521136086855,0.0010825107474429028
2021-06-21,0.0015197600638421791,-0.0006349791059996777,0.007703352514973626,0.005050463623859542
2021-06-22,0.0047672729141875255,0.0015305733406679508,0.0007823053870501528,0.0003237655614520829
2021-06-23,-0.007089187433517119,0.0015360966317853552,0.0028523365307690837,-0.0005288460440322682
2021-06-24,-0.004060415621932112,-0.002270096293546331,0.003726862920568119,0.0002739542158972652
2021-06-25,-0.0020306781976395126,0.0005521234490147187,0.0005673504982131484,-0.0007862946842282724
2021-06-28,-0.0007942815577332895,0.0012534550875600069,0.000498285223011119,0.00023189220803447879
2021-06-29,-0.0011903016359496423,-0.004605950335068587,0.0030919858915040344,-0.000981816937813157
2021-06-30,0.0017140343603110793,0.008243713672788266,0.001674690719041783,0.0004800825947613996
2021-07-01,0.0027712688666741373,-0.00019251724076674304,-0.0025145430148483024,0.0027632344291448896
2021-07-02,-0.0010216637896588666,-0.0019801937859783574,-0.005956759429657743,-0.004924520818364114
2021-07-06,0.004890605707924479,0.002404513252031837,-0.007066786385359847,0.000373677922502887
2021-07-07,0.004623211844339337,-0.003016764561697749,0.007946944195568096,0.005829591584152018
2021-07-08,-0.0006830449348182773,0.0022676599735262037,-0.0017702080674666387,-7.221198680784115e-05
2021-07-09,-0.002379112045391163,-0.0036839895000139854,-0.003980715499920916,-0.00523081555137527
2021-07-12,-0.0023869307146373365,-0.0017485014510553178,-0.0025411036059875603,-0.0020230174200629005
2021-07-13,-0.0025312613378138506,-3.7562509065258796e-05,-0.0017727314859058208,-0.0016358974967974225
2021-07-14,-0.007794333665096565,0.0024811410652788805,-0.0022332779076954744,-0.0053930447709371054
2021-07-15,-0.0022543221713144934,0.0016154887566990784,-0.005795107853605597,-0.00478396935554759
2021-07-16,-0.004835452746020397,0.005810901677185032,-0.0007108369221674015,-0.008367542102771372
2021-07-19,0.0032679015146091835,-0.008532715925949974,0.0034595652177098696,0.0018857513748189265
2021-07-20,-0.0017145300522638292,-0.0014832643553930327,0.006318296354885966,0.007214113432752606
2021-07-21,0.0022780476218396076,-0.007579682591562586,-0.009246446615297966,-0.005690053220355503
2021-07-26,-0.004635688372934821,-0.0013666961613759904,0.001525182416240045,0.0010059385396689975
2021-07-27,-0.0015496257823641058,0.001431509467394254,-0.002960538088707487,-0.0055148097967773575
2021-07-28,0.0021584733235337165,-0.0031759078736842026,-0.003718136503581837,-0.0023279577563652953
2021-07-29,0.0014249513585219862,-0.004772577695686998,0.006562285731143591,0.0037689098217524968
2021-07-30,0.0009444844038700492,-0.0027585817342544276,0.0017747867018213168,0.004777872177877385
2021-08-02,0.0042910928843890705,-0.0015706895957356536,0.007363450391742221,0.009173056822784036
2021-08-03,0.003666349792299917,0.0013526903178618709,-0.0049285256406890856,-0.0032668061498694703
2021-08-04,-0.0023397203666226662,0.001661662900465077,-0.0012627634135599973,-0.002660511906800241
2021-08-05,0.001470574841629135,-0.001507156482222305,0.00045524597288402243,0.0002542663928334389
2021-08-06,-0.0037949611232394264,-0.0009341111688484284,0.0024694458876490803,-0.003500281604160588
2021-08-10,-0.0005532793278510309,0.010767808451806493,-0.0059089430831444694,0.004322154887293513
2021-08-11,0.003654711380785369,-0.006556654415744623,-0.004695346888830044,-0.003294965559841612
2021-08-12,-0.0007568570949287867,-0.0066627709511019925,0.0013916884829267007,-0.0013500643252193469
2021-08-13,0.00034157913227923504,-0.0051647980630516125,0.005596011450908222,-0.00019169538988324675
2021-08-16,4.52656690618676e-05,-0.0030875345750364103,0.0013086682702500019,0.004569052846810973
2021-08-17,0.0033971666779461836,-0.008434038607331718,0.005348868203594459,0.009586866441325068
2021-08-18,-0.0022752805772205506,-0.0009276655091551291,-0.0016537527904526787,-0.0002812864330626885
2021-08-19,0.003303284600055313,0.004747869327095388,-0.007726214963592959,-0.0008168998578723472
2021-08-20,-0.014200709978253867,-0.00325090630102709,0.017143682218711365,0.00218224297800243
2021-08-23,-0.0062488940189781685,0.005060764887750624,0.0015065091116691189,0.0013481208786975526
2021-08-24,0.0005487665271732617,-0.009949102309263312,0.0011346735549126572,0.0012474450404810489
2021-08-25,-0.00038449597779981475,0.0022873930697103083,0.0003669945649799944,0.0017032992240626672
2021-08-26,0.0013941656541782478,-0.0036185750189754676,-0.0013814483871632532,-0.002432234628483354
2021-08-27,0.0005181470382267017,-0.0013597005082313762,0.003621807055057213,0.004149877560932029
2021-08-30,-0.0044052478167214025,-0.004855835490214422,0.0021635727321832835,-0.002051074069650505
2021-08-31,0.0032052315321025038,0.0011934163099085234,0.0023099104984854128,0.013155667311418328
2021-09-01,0.000390438418450368,0.004398711607917694,0.0012189189055518568,0.0022508809414512054
2021-09-02,0.002527458806577365,-0.004829977360146165,0.000766968041675664,-0.00010149618322847771
2021-09-03,0.00261297792941737,0.0009594909222307556,-0.0037369108051695573,-0.0009415318849994355
2021-09-07,-0.004789746802111972,-0.007406150121446098,0.0032290633389967516,-0.002420075442019487
2021-09-08,0.0001035027796673308,-0.0027886515031914074,0.0038358802729054897,0.0009338821258105812
2021-09-09,-0.005163357763025211,-0.0016634387887347834,0.006697113406603328,0.0003830251873681856
2021-09-10,-0.006372887688322049,0.0057611159012968885,-0.0027167379165218934,-0.002957970982879041
2021-09-13,0.003497941506852831,-0.0056878617872974995,0.005892479392881,0.0067947265649259455
2021-09-14,0.004338931068236462,-0.003541301126136753,0.004413815745076622,0.0035414410343933556
2021-09-15,0.0022159453944261337,-0.0020690742415648165,-0.002323836985848349,-0.003935845103680123
2021-09-16,-0.007264949147867017,0.005852325683104076,-0.00723832486039735,-0.0083845223117058
2021-09-17,-0.00864967798921834,0.0018122897494814438,0.002237313869844515,-0.010952697945894633
2021-09-21,-0.006760997943481729,-9.23157109951056e-05,-0.0007345780703008845,-0.007066512590671055
2021-09-22,-0.008181456427668654,0.007229336382641516,0.0017164695524258594,-0.0034193174088041163
2021-09-24,-0.008498929799790144,-0.006677078706636274,0.001981644808678018,-0.005724096419270579
2021-09-27,-0.005125334505455559,-0.0016877425427504148,0.006405579894877067,-0.0009986578854817019
2021-09-28,-0.0004644989597838656,-0.003510772014217989,0.006185455875829993,-0.005493964127534734
2021-09-29,-0.00801420447261556,0.005579973241233538,0.0006894607458079126,-0.0038162935887103176
2021-09-30,-0.0013947074092644173,0.00631333621881931,0.0028484610546487543,0.005395155447757353
2021-10-01,-0.0013239324156560702,0.0029171795599151947,-0.004602656368307544,-0.00020824297306486737
2021-10-04,-0.007228821375184191,-0.018800286156529355,-0.02110608263662006,-0.01765618136453771
2021-10-05,0.002990170698361494,-0.0016150483427620267,-0.010192573354582768,-0.008923147374980992
2021-10-06,0.005164691604186222,0.004095681347505886,0.0078076235743338,0.011018929159585715
2021-10-07,0.0001610611295234988,-0.003064897338987671,-0.0027954741109239125,-0.004879565855181447
2021-10-08,-0.0032389260060097236,0.002269459143961017,0.003791399853577837,-0.00032896056245667606
2021-10-11,0.005932594330855223,0.0026957388839776945,0.021548178393385208,0.0090017814969908
2021-10-12,0.01063116686511123,-0.009165882406392933,0.0037201984647645234,0.005007204561083415
2021-10-13,-0.002825352166038653,-0.0033410238174339077,0.0014825360978680145,0.002581538876671193
2021-10-14,-0.0062237536594295095,-0.005568497020066743,0.005266998444383897,-0.004250065491561002
2021-10-15,0.001578959304970851,-0.002130778745587714,0.0054196262558875,0.002586975677241691
2021-10-18,0.017439906898439994,-0.009305504438102963,0.018745231139896235,0.016847400479050458
2021-10-19,-0.00580934648610103,-0.002333687181894528,-0.0032119088854402284,-0.0037774924903041123
2021-10-20,-0.010092134169424782,0.0009659623950661004,0.002081640262351114,-0.012969516962299737
2021-10-21,0.000602621798215042,0.0021229812549415483,0.0011777708565539734,
2021-10-22,0.0009277751570705428,0.004184367242250886,-0.0025066592196111735,0.0010950975344767855
2021-10-25,0.004651524575470289,0.0031141476511734375,-0.006698330398059138,-0.0025779057656546422
2021-10-26,-0.0029480109938322396,-0.0025107062056641816,-0.0024255223151636415,-0.0026519522134450155
2021-10-27,0.001367515354826332,0.004314198539200564,-0.0013666042064845122,0.0017268110096841187
2021-10-28,-0.009681216769397528,-0.00323625725348311,0.007009144695897929,-0.0028557952942827036
2021-10-29,0.004224816912276497,-0.009052766424577974,-0.006644697637406383,0.002208449595397001
2021-11-01,0.00309970500578709,-0.0011132249694552959,-0.0023658451109516143,0.006091708836576615
2021-11-02,0.000675447076133184,-0.0008792874672770342,-0.0005765087393319272,0.006727523723197506
2021-11-04,0.006188110005462844,-0.0013989978382887402,-0.00866877282519134,-0.0038858526864305834
2021-11-05,0.006464027383914627,3.267198579934901e-05,0.0034412243604633463,0.009200007684224798
2021-11-08,0.0012537608946216364,0.00828984067333025,0.005050690417458315,0.0021570289999337747
2021-11-09,-0.00444725674258124,-0.0076462226282073545,-0.009354039593144247,-0.00543634159918437
2021-11-10,-0.002001369308140832,0.0009582937490447475,-0.0023263888645880695,-0.003677718007449881
2021-11-11,-0.0030118703708881924,0.006736968488039596,0.004383023697935129,-0.002402549060139906
2021-11-12,0.0005786600614886344,0.0006840246264843584,0.0004594157335339852,0.004406390114270079
2021-11-15,0.002453179075470935,0.002706531145933089,-0.005809141284829766,-0.003499786795329536
2021-11-16,0.0020335511748373445,0.001993175323832008,0.0007582870957639986,0.0035311750734314438
2021-11-17,-0.001738598311017637,-0.0020230346651247243,-0.0011007524725884718,-0.008717154946409233
2021-11-18,-0.002081174194025115,0.0002198960323776646,0.002345661210383842,-0.0017545427614754638
2021-11-19,0.006650981269619206,0.0029612244094258775,-0.004389283056588478,-0.0005823747274135704
2021-11-22,-0.0023143686734580894,0.006005764735017793,-0.0025593932842358446,-0.0037963110011926164
2021-11-24,-0.004615253147024023,0.013080457070791774,0.0009107292432210864,
2021-11-26,-0.00455242126112434,-0.0007908048788693115,-0.005108076228103296,-0.003456350220491162
2021-11-29,0.0023080166104338046,0.002250347143238884,-0.008210059994475015,-0.0015955706039673299
2021-11-30,0.007827476486462537,-0.0029828956143094654,-0.012149757202044698,0.00040141550319494623
2021-12-01,0.004581414696191865,0.0046123294226194655,0.015001371534274943,0.009667332550310211
2021-12-02,-0.006292462733164195,-0.02700316581082203,-0.006005001400462983,-0.017791622350691094
2021-12-03,-0.00078367103278727,-0.012494520559670552,0.008251140660774769,-0.0015494276030044952
2021-12-06,-0.003898146547252246,-0.010305446043120912,-0.004806613056727161,-0.002812530512336838
2021-12-07,0.0016068235220053403,-0.0008181023066503815,-0.0015052249207808,0.0037846398809422786
2021-12-08,-0.0042310388229966685,0.0017700056025859333,-0.002592141065165987,-0.00043761080218769014
2021-12-09,-0.0013325123072620345,-0.00027089844611503065,0.0015335662379592826,0.0023401966402462433
2021-12-10,-0.005694521299130995,-0.004351960332172533,0.0040130485485608824,
2021-12-13,0.004798431978051254,-0.0013947231303929278,-0.0029416637352116526,-0.0038094515809802094
2021-12-14,-0.0020575350617692886,-0.0006053532549473715,0.005468093712339649,-0.0074706214998187526
2021-12-15,0.00495656168834604,0.00790350737163157,-0.00019773015331938683,0.013980454700081135
2021-12-16,-0.0007611070032926603,-0.0013644350721325749,-0.0014564524728321706,-0.004172127095024977
2021-12-17,-0.0013103603785595825,0.012520796702248238,-0.008427194746828648,-0.007365742747070673
2021-12-20,-0.011426337180671122,-0.008116095277919856,-0.009832128682162431,-0.009421525894765597
2021-12-21,-0.0037104449638422528,0.0030701586053845983,0.004645842780355225,
2021-12-22,-0.004890338324652799,0.003087519805051308,-0.004371453983715412,-0.0026107291458664934
2021-12-23,0.0060909114900313584,-0.00789556107274112,-0.006978711376110969,-0.001434577838171543
2021-12-27,-0.0011461634393678866,-0.0002646143263470126,-0.004988538945265142,-0.0017410136481151226
2021-12-28,-0.0041328324454456,0.005072128116585551,-0.0030012427706423983,-0.0016412477563914063
2021-12-29,-0.0015650793942881824,0.0039391039630075845,-0.0017218501444752343,-0.004831828845399316
2021-12-30,0.0045419233957745275,-0.001997860119093131,-0.003537223538677492,-0.0001963965509020893
2022-01-04,0.002729142668262585,-0.004493624445630639,0.007400193298557367,
2022-01-05,0.011592922288514607,0.017069242072674996,0.012758607287880676,0.015397175542298908
2022-01-06,0.006784330646165925,-0.008249353887201272,-0.0007796876576937617,0.009613910816126336
2022-01-07,0.0025092663414505896,0.019567310750564882,0.011966082374064314,0.012425503639659089
2022-01-11,0.0033534034474133724,0.015255004912832581,0.001980476208214155,0.007261412830836991
2022-01-12,-0.002674310240296007,0.0002468667735206153,0.0033057543900806953,0.0023852841993967687
2022-01-13,0.013970286922363217,-0.01598896087324353,0.014233109841026614,0.016030393277588807
2022-01-14,0.004411858489970788,0.0024521001616684356,0.00412073910678119,0.00913272207475895
2022-01-18,-0.0038276056481067796,-0.005597528555448882,-0.002910429741115505,-0.0005080875634234008
2022-01-19,-0.0024575522577179546,-0.0024141789421515455,-0.007711196311172541,-0.0029721704542071074
2022-01-20,-0.006003225429499982,0.003549081863820502,0.0024824881235951946,
2022-01-21,-0.005184693701136833,-0.013822236929933207,0.0009995061569606284,-0.0194198258245436
2022-01-24,0.009728663048575779,0.00775975150413517,-0.008527094647097798,0.00014579818617421747
2022-01-25,0.0007251977643653266,0.0013893206006536218,-0.004286840417902971,-0.004775175713860261
2022-01-26,-0.002315060718626816,-0.004044653636018669,-0.0029736545222099897,0.0008494869996779919
2022-01-27,0.015704150121347828,0.011779278953303418,-0.002847470873876823,0.011131136422942722
2022-01-28,0.018761642309929605,-0.0022613447006679444,-0.007404086067987857,0.01078297469716664
2022-01-31,-0.009179136778987473,0.0025597807495821197,-0.0023724486374803178,-0.01260510482903889
2022-02-01,-0.004250835792900109,0.00022505431957644487,0.008629429329755455,0.004543258334251519
2022-02-02,0.0071718203813586606,-0.004635698625944883,0.011175109640318114,0.011093932227810981
2022-02-03,0.0018286406256162518,-0.005443397304791242,0.002930823106556435,0.0032176532665537843
2022-02-04,-0.0037189153291657282,-0.00032656797794909913,1.4279782605487647e-06,0.010946588067471766
2022-02-07,0.009699157516362456,0.013263608060613663,-0.0020116281671093807,0.005657977488040899
2022-02-08,0.009970048770790597,0.020744214758637282,-0.0028512053252841784,0.00505199906840121
2022-02-09,0.0002596382914322737,0.007627175546413656,0.005642107264660079,-0.0010388176673822025
2022-02-10,-0.0009564941017400136,-0.0006630762910641687,-0.0030950016920927134,-0.0038983191542189028
2022-02-14,0.012334717449485444,0.0075973948616566925,0.0029307014092725845,0.005083745734900669
2022-02-15,-0.012223743962972766,0.0004425359554027118,0.002128781493055598,-0.004471416123440157
2022-02-16,0.009100095083061598,-0.005685925246897305,-0.004697408122680269,-0.004223583809801678
2022-02-17,0.008476056481162586,-0.0013149157893294738,0.006741254410150389,0.007270539062733236
2022-02-18,-0.002892749553363383,-0.005511113249133781,0.0022207149239732217,-0.0024498905736156187
2022-02-22,0.00017880903798430671,-0.006225178366312001,0.0021230104750127095,-0.003424759793787517
2022-02-24,0.015411369004678944,0.007642097465986631,0.0022710938160002136,0.003669784545293875
2022-02-25,-0.008980038532113155,0.011166707078446782,0.016241047673502117,0.0035708660970556415
2022-02-28,0.016077136520962966,-0.00430107818408898,0.004787182237070841,0.01229420785992169
2022-03-01,0.003408870186294899,0.003263200076145067,-0.0015547414070734566,-0.0016962919070267366
2022-03-02,0.010635491776672001,0.00017698443979343673,-0.010988835559973388,-0.0008992491405484197
2022-03-03,0.011652381833394898,-0.00894749874266978,0.0071671811800479105,0.015273177517938729
2022-03-04,0.007811836881833933,-0.003617700217943321,0.0037735318802005306,0.009170710713212385
2022-03-07,0.021409623861792525,-0.009250713056021875,0.007082234095268025,0.02760317036798482
2022-03-08,-0.03539883967987825,-0.010504069484765035,0.008468707002535481,-0.016581305635405247
2022-03-09,0.0009082961203655594,0.00038432407039310466,0.005929468292346595,0.004955771210913512
2022-03-10,0.01026186142527865,-0.01834700431590286,0.016549450521812982,0.01742867102260449
2022-03-11,0.021223790041951407,-0.016555326536919646,0.014041427514343674,0.027063139820722625
2022-03-14,-0.002826489540293098,-0.004640265320370362,0.006600224793779708,0.004511451501475988
2022-03-15,-0.031408999346272753,-0.030027465950000453,0.019547626735879065,-0.012147401813260777
2022-03-16,0.008958857045918367,-0.000805877225798102,0.006342710841843836,0.01421247709592858
2022-03-17,-0.002043850397483715,0.0035281825333253634,0.00748211837919368,0.004130036299151119
2022-03-18,-0.0004525921559011656,0.006817412393977106,0.004401827884202692,0.004008268909159812
2022-03-22,0.015938365636046226,-0.012064558860454034,0.01036242231313762,0.024241866891055997
2022-03-23,-0.009483715556959682,0.010634478835428517,0.004683846570806761,-0.0011817844877534903
2022-03-24,-0.006591473266341352,-0.021914574143724906,0.002138375387035784,-0.006532049862485787
2022-03-25,0.002533567693186245,-0.003949324844652113,-0.0017666006129742448,0.0060473899653914285
2022-03-28,-0.00278738547683155,0.0012544809954319284,0.001974769558331713,0.0002373474178195929
2022-03-29,0.0036887342041812985,-0.004538060681983569,0.0017727112265921053,-0.003901135317500258
2022-03-30,0.00847365540087024,0.0061814852886225465,-0.003765428012600913,0.020710824011992496
2022-03-31,-0.0059086461152066064,-0.006508120659000305,-0.002089834471699548,-0.007781997214527861
2022-04-01,-0.001534152020857449,0.0009195198023268739,0.0025139582359370526,-0.0012261906035388346
2022-04-04,0.0010074272032846161,-0.0013633870307756986,-0.0068200828804833025,-0.006064638674234531
2022-04-05,-0.0010408214807205562,0.003582760709166322,-0.006409283559157885,-0.007285023811507192
2022-04-06,0.0037734254660818363,0.0005015666941065255,-0.0018372975992133607,-0.0002388723496429086
2022-04-07,0.001144896553179709,-0.0014076307085455263,0.007753815864232938,0.002493508109762177
2022-04-08,-0.002126988324225554,-0.002225143742355851,0.008850927101954143,0.0032255007168290146
2022-04-11,0.004669373694031642,0.001893589774370241,-0.006231059839758312,-0.0006615137839602954
2022-04-12,0.00477769712130347,0.00046094217648575634,0.0001542961927907694,0.003930192964161449
2022-04-13,0.0007879452513016583,-0.00662330246989591,0.009880501502474659,0.005091868522405611
2022-04-14,0.008359720405399472,-0.00619052849407149,-0.010206624792370356,0.0016270357867406385
2022-04-18,-0.0037021927953790673,-0.0015593007341986763,-0.006643251680617479,-0.005523101531803298
2022-04-19,-0.0005118247452011059,-0.00786403749546789,0.012170964530495886,0.008837773066812132
2022-04-20,0.00135042451734948,-0.0026238455496697677,0.009561307271777198,0.006603574565311178
2022-04-21,-0.011415779422511485,-0.007282906591412175,0.002576562842658614,-0.007811790155477376
2022-04-22,-0.008054277263891652,-0.0015034135102693913,-8.921173871245802e-05,-0.003777571979601657
2022-04-25,-0.009758366759667104,0.003142091868380481,-0.0023996531656024886,-0.007051477209549169
2022-04-26,-0.0021595752513653872,0.0023698590806918267,0.011074318839613139,0.006188501799113048
2022-04-27,0.0006567272451045271,-0.004891558713631273,-5.355807629179362e-05,0.003766967273116162
2022-04-28,-0.006577746578616385,0.003070232654331817,-0.006576405328010114,-0.007430679082004527
2022-05-02,0.005892400506388729,-0.0035514237945261313,0.0009457621490766232,-3.955751795672348e-05
2022-05-06,0.005045468581552348,0.0053929702205820496,-0.010536223588258786,-0.0016201697654018906
2022-05-09,0.0007704421397765285,-0.0012872376822444138,-0.006368973202176486,-0.00624168812620352
2022-05-10,-0.010893502478365291,0.013268159987559347,0.01619083256432614,0.004377519335883817
2022-05-11,0.005961760732659349,0.0030732475884353238,-0.011046423351889233,0.000387602817292937
2022-05-12,-0.011173940168409512,-0.003992309598653243,0.009165099831879608,0.0013789159035767717
2022-05-13,0.004057034806570225,-0.0026621529313601844,-0.011921528535851466,-0.0050219663061726125
2022-05-16,-0.001196317062154284,-0.0018693132256523814,0.0019123297507481311,-0.0005264394687197679
2022-05-17,0.0022574549987778303,-0.0025017187613155523,-0.0056380213594365396,-0.0018720856504983174
2022-05-18,-0.006527796026222754,0.012349765926554523,-0.0022140228277758526,-0.007868131270706217
2022-05-19,0.0031610965017447867,0.0016146134170114124,0.009379291829182845,0.0036729100170098342
2022-05-20,-0.006154467267194685,-0.0003686651325093271,0.0016655790627394971,-0.0013172145280682442
2022-05-23,0.00322046521414483,0.0015515591038999244,0.004233252903540175,0.0031983603510834695
2022-05-24,0.002446718659487624,0.001590226841466147,-0.0016177325356077077,0.001293604077351537
2022-05-25,0.0029563984378659924,0.0033600838735644346,0.0008469455130455162,0.0010296088883590682
2022-05-26,-0.006575673305131157,-0.00012591577032639023,-0.004893047610924373,-0.008272792586466394
2022-05-27,-0.004474277641617452,0.0027680640565453055,0.002984589428524598,-0.0020707513969344168
2022-05-31,0.0026563210875512502,0.0012246217208241811,0.006734461177468698,0.007906128401430346
2022-06-01,-0.011424038459969553,0.005891832644853755,0.0034540983898330604,-0.005909338528519608
2022-06-02,0.004794817495820514,-0.0006106303505305057,0.007984154779447361,0.005326985804748216
2022-06-03,-0.006893375656898848,-0.0013302076522123006,-0.002336431822935348,-0.008389329347412355
2022-06-06,0.0023814072022961593,0.002606404616036095,0.003979494361811596,0.0021811738359862973
2022-06-07,0.0011252070921225154,-0.005178729635069423,0.0005008424962141158,0.0011280782290770675
2022-06-08,0.007139894115241874,0.004731245855798849,0.00101278788320256,0.005456841835444806
2022-06-09,-3.056385522650631e-05,-0.003777594267178452,0.002925340573485191,-0.0008666302218325646
2022-06-10,-0.008589390563637899,-0.0029233493394004383,-0.0002889145355646104,-0.008731011057656805
2022-06-13,-0.0016371029061419407,-0.003858318598354593,0.005638588416734791,0.007018938435902641
2022-06-14,-0.003112557569406138,8.045826008296064e-05,0.006231395018743546,-0.0062018025772325736
2022-06-15,0.001655854003000546,-0.00023209547043798705,-0.0015135154093975922,-0.0008242934729666973
2022-06-16,0.010180231458152854,-0.008640920433343701,-0.0032726758107274323,0.00013110396251338652
2022-06-17,-0.0035179286997778277,0.004950365836133374,0.00582778372116859,0.004504849516732948
2022-06-21,0.0014193315239162457,-0.0006241199850905103,-0.012090392170882437,-0.002340388991534649
2022-06-22,0.0035140870520471434,-0.00877831094421302,0.018810909246800577,0.024478352505434287
2022-06-23,0.0076287201174941146,0.004670042419312593,0.01711115109596715,0.0185573649500294
2022-06-24,-0.005132350350607639,0.011641433545108916,0.00475840377546235,-0.0005804700269210817
2022-06-27,-0.0036486692374841255,-0.006031846824820786,0.0030393708259538466,-0.003967797666826417
2022-06-28,0.015064748939835804,-0.011059486271733919,-0.004534249135842306,0.006979614408179147
2022-06-29,0.0018478463818925928,-0.0007525472926731113,-0.008780556944962735,-0.00808732791192367
2022-06-30,0.005031453503433524,-0.000829028756030881,0.00758977203062532,0.006296163554729639
2022-07-01,-0.002807845402578833,0.007886929241312266,-0.0046576924573786364,-0.006125965257554435
2022-07-05,-0.0011205969093027734,0.0022417268108684274,-0.0023827248255974486,-0.0030145728435332993
2022-07-06,-0.005371475570851536,-0.0012382760699470412,-0.0035569428526203584,-0.013128444010365059
2022-07-07,-0.0012379933001380738,0.0031047631788676754,-0.001278949627795867,-0.0022799631035017253
2022-07-08,-0.004861537883906952,0.004361670438025311,0.005996192000813139,0.000584851374718596
2022-07-11,0.00979771654295265,-0.0001843395048784389,0.0038251971476391585,0.007065338524696048
2022-07-12,0.007181795247531331,-0.0045634843981387395,-0.00018235667230130908,0.009202738594704862
2022-07-13,0.004670873488538829,0.005557261665092961,0.0006635456032814346,0.0009249823711366344
2022-07-14,-0.013212975861784538,-0.0014706572176849345,-0.017452185781491592,-0.019216665337942605
2022-07-15,0.005154161778970989,0.01654867553749815,0.010686700754357136,0.007248171518320831
2022-07-19,-0.0036464993488380506,0.0069625693944072925,0.014813633008252981,0.00797027891601613
2022-07-20,-0.005906497237317333,-0.0026650549540876644,0.0018691676411715541,-0.012442877324173318
2022-07-21,0.001035807895461694,-0.003684128304147194,-0.0014095533132818978,-0.001063921838956668
2022-07-22,-0.003932848522768606,0.010990595083392951,-0.006147869897764946,-0.004678134900741741
2022-07-25,0.0025912022680210757,-0.0029995452427692636,0.0004091899476507566,0.00040302952423655353
2022-07-26,-0.009325917851689791,0.0005338392630672485,0.008329681352804763,-0.003717216964826945
2022-07-27,-0.00571114320341839,-0.0031223485256428817,-0.0062247135783097375,-0.0029315697204852077
2022-07-28,0.008682732753860578,-0.004220991939255669,-0.006475695640389922,0.014020729166517384
2022-07-29,0.0003957720225773011,0.0037921672075534652,-0.0004458956694076031,0.0021143873355962363
2022-08-01,-0.0092906328014154,0.007996248352087476,0.006648196331495382,-0.007980217852415594
2022-08-02,-0.00012819837053954473,-0.0032938557300495643,0.00030835612089676924,-7.937966878039139e-05
2022-08-03,-0.0015583817646774856,-0.00014962675033607358,-0.007402480965519786,-0.00857543716727181
2022-08-04,-0.003478078846136023,0.009352222498334273,-0.0007526078153101915,-0.0014141230482519881
2022-08-05,-0.003922067401976693,-0.0009513122476539904,0.0005902019533780885,-0.008188216054675623
2022-08-08,-0.013605282504498929,0.0018923499639199584,0.0013564816577269264,-0.014473019579917163
2022-08-09,-0.0029944998663682613,0.004475013102297587,-0.0012817380246485932,-0.003513402221039918
2022-08-10,-0.00314228433553041,0.00011419985431451176,-0.004151700179467865,-0.00630334435489215
2022-08-12,0.00717681553083569,-0.0020096765772724904,0.0002597117849511225,-0.0002332765850862617
2022-08-15,0.0029071742338901752,-0.005796276363674013,-0.008309201801757204,-0.011160560952699555
2022-08-16,-0.0016422567822406142,0.0012439343940064962,0.00376323966658485,-0.0005624852781470957
2022-08-17,-0.005546158177943196,-0.0007719527783544237,-0.0027741301394036194,-0.006162751165915085
2022-08-18,-0.0028514977751099126,-0.0023257816978219607,-0.003730813800053401,0.0011539310649364791
2022-08-19,-0.005543847030940419,0.008073152237231662,0.0074562373890394214,0.0025712982467819834
2022-08-22,-4.092962058530568e-05,-0.00034460870131574044,-0.0008160671917026626,0.0008308429240310982
2022-08-23,0.00022740680170920714,-0.005268118228631713,-0.0018377900126524955,0.0010971679449794935
2022-08-24,-0.0034708769085090682,0.0027175497642642826,-0.00136807303879396,-0.0033230213042031624
2022-08-25,0.0024378225941343646,0.005018889793853565,0.002594437337414468,0.003020652679712654
2022-08-26,-0.0026607665657810476,0.0041750103174769794,-0.0011417609978118916,0.001176138255719089
2022-08-29,-0.0021699019034090218,0.009855014125659456,0.00704271951490334,3.568248931605988e-05
2022-08-30,0.0025863312550638007,-0.0012123049793293372,0.002247789263959632,0.00024966340511812374
2022-08-31,-0.005566964639660755,-0.003206079098509007,-0.0046408911868300205,-0.006634469760962175
2022-09-01,0.0019698045949904097,-0.007631762558197996,-0.009290382857526546,-0.014398826455425767
2022-09-02,0.0005752816270518041,-0.0011454154462508417,0.0010116851476493554,0.000140336364932654
2022-09-06,-0.002007038360704083,-0.0009842583893810318,0.0011703847486964625,0.0015618647362997673
2022-09-07,0.002283657394350369,0.0005208209436914583,0.0017284074020663008,0.0032156036874376624
2022-09-08,-0.000865678220624444,0.0011227283767895717,-9.132607255901704e-05,0.0020204782240838114
2022-09-09,0.004738090085723612,-0.000897221136330928,-0.0041259573204906145,0.006844262104600429
2022-09-12,0.007800772318804916,-0.0026841292179541785,-0.007017156350610354,-0.0023635461648244633
2022-09-13,0.0038062019286066564,0.0017084873673459012,0.001669605914596839,0.0013391309321501288
2022-09-14,0.0018066248315663947,-0.004620485855472145,0.003818826425206856,0.018466200645393005
2022-09-15,0.004940439761639692,-0.005416565118831063,0.0021534726796257563,0.003559556081122987
2022-09-16,-0.003139747325543807,0.005518307658938282,-0.002479285351815119,-0.0014706514537671245
2022-09-20,-0.0022239504051003722,7.620615092125433e-05,-0.0011901855913639902,-0.002928521223654081
2022-09-21,-0.0005189961229330239,0.0017031864460404608,0.0024638258852320628,0.002695549224212372
2022-09-22,-0.0007926456448874792,-0.0021588590055729544,0.004294701116654065,0.007116364018712999
2022-09-26,0.006336101862507614,0.017538964958289615,0.01994377992398646,0.018110833290521378
2022-09-27,0.0019157343438632288,0.0019270660344419934,0.0010957475933838002,0.0031888606627279658
2022-09-28,-0.004039374893424652,0.004711089056008789,-0.0001334508756080325,-0.004780904281495006
2022-09-29,0.004761260845815607,-0.015699672660082542,-0.009870610685139503,-0.002998768612069306
2022-09-30,0.004006785383497523,-0.00012899739748244328,-0.0050314681015255925,-0.002597458295710703
2022-10-03,-0.012487228521665394,-0.0015784651991108452,0.02158374333742534,0.01352351717157126
2022-10-04,0.004207973064948243,0.001167454323348461,0.006881191915517393,0.007500818496422052
2022-10-05,0.0002301414967353253,0.0019205258853961073,-0.0032165119689603556,-0.0019327179235631708
2022-10-06,0.002148757185848149,-0.002732823874165513,0.007718058389669369,0.0047786868877500235
2022-10-07,-0.005930403176976106,-0.0044878480924974255,-0.0008347952823375415,-0.003406548409202152
2022-10-11,0.00568386918860615,0.010841211724257406,-7.206748712129674e-05,0.006225681444732134
2022-10-12,0.003930602139341266,0.011285662480466141,0.0035525822112707495,0.007856913467036649
2022-10-13,-0.002741628019407117,-0.003900327318380259,0.002632895140990299,0.00046900659140514545
2022-10-14,-0.0046815550072538455,-0.00019537819055803762,-0.0005420765549179812,-0.006510196721975075
2022-10-17,-0.003035534857508493,-0.0010604666357624248,0.0005651667017721792,-0.003654263410065345
2022-10-18,0.005752532465334802,-0.0013265159180536829,-0.003651207191447492,0.0016702792570310876
2022-10-19,-0.007959980171904312,0.006284698573358915,0.002104895625213721,-0.0026571186706637606
2022-10-20,0.00029274466861550796,-0.004492435851860965,0.0006611402480301011,-0.0006542589860355999
2022-10-21,-0.008784574284576263,-0.005763372348064721,-0.0015975226499959968,-0.0067004607450471985
2022-10-24,-0.005925701050508315,0.01265529869259918,0.013062667173558883,0.007889186870670436
2022-10-25,0.0038057221461951676,-0.0012502628660583603,-0.0009915482894081507,0.001108979572485865
2022-10-26,-0.002216841967746963,0.005781188910941304,0.010046276365062435,0.005672271054737952
2022-10-27,-0.009580511219739752,-0.0001735355588714958,0.005233335262037242,0.0006685794767906464
2022-10-28,0.0019376171848983327,-0.005564226961341801,-0.007827892809009085,-0.006308497014875602
2022-10-31,0.0025640376750519778,0.0005848700477299128,-0.001192464174754937,0.0015951498395275544
2022-11-01,0.006736983487762305,0.011734782527360954,0.01173207734675925,0.007960505029451836
2022-11-02,-0.004319407973847222,0.011402264419913165,0.007196676527877277,0.013348175151783576
2022-11-04,0.0015755840564978026,0.0002998103979281906,0.0037957878718796858,0.00430028966773191
2022-11-07,0.001259389583806425,0.0006346544209390849,0.00043940041627643645,0.0053414483525831054
2022-11-08,-0.0026934438913861275,0.0047876262866549,0.005417552125935976,0.0016120679437059305
2022-11-09,-0.0037266878370217026,0.0008000122003847698,0.005628933326918361,0.003845220253898507
2022-11-10,0.003889548720988056,0.001422869235966395,0.0007270028552107226,0.006485300104699521
2022-11-11,-0.008817944975658886,0.012605132854644995,-0.0009209471722069873,-0.00048691427506977747
2022-11-14,-0.009621419528035524,-0.006027802067209521,-0.00821632197275779,-0.011091932169756447
2022-11-15,0.00891674151630455,0.0023993496460649405,0.004559514638561636,0.0055169421297035426
2022-11-16,-0.002754410946359265,0.003807144916371885,0.006190347184159029,0.009437515562998914
2022-11-17,-0.004663483858549955,0.018276727878003808,0.012204928976240502,0.002760200710147931
2022-11-18,0.0043622018537165415,0.00449360626087727,-0.00995827336658044,-0.0018930974063410752
2022-11-21,0.005059414433085441,-0.002245249230629476,-0.0066206628464350326,-0.0010042448070442245
2022-11-22,-0.003047958347347857,0.004697704743466114,0.0025972290613565548,0.0009011101150374068
2022-11-25,-0.0012017054654724247,0.0004061419651680164,0.00048305441300862135,0.0001619063835409198
2022-11-28,-0.007603069166116328,0.0060588258006661014,0.009660920041503807,0.0014751392363926193
2022-11-29,0.005426667921891748,0.0016994404617673544,-0.001361501120446329,0.004294252554762612
2022-11-30,0.004520084091604604,0.0067495938337405635,0.003584259355019315,0.007455460159236269
2022-12-01,0.0002808301473314675,-0.005696364702119117,0.0020653883198740175,-1.9510649570249512e-05
2022-12-02,0.001880841212002847,0.006173680975255724,0.007055044133276622,0.003919752852574501
2022-12-05,0.00397222089308844,-0.000968288795494798,0.001831950893878065,0.004271957285747696
2022-12-06,0.00040107137458274007,-0.0015640348000009125,-0.0008502318968516059,0.002919169319405464
2022-12-07,0.00023276944392796022,-8.09950154107451e-05,-0.0017352773855396244,-0.0038838607225552546
2022-12-08,0.0032174082290517213,0.005429827947087395,0.008117680113865622,0.0089914771674521
2022-12-09,-6.387576238389096e-05,-0.0007964031683495246,0.0030607446807853437,0.0016823095072264205
2022-12-12,-0.0025286538244562616,-0.00040386428926262317,-9.843769233854884e-05,-0.0019963066201512483
2022-12-13,-0.0006964978064649908,-0.0018271294083943347,-0.010108832259081747,-0.0051941769182344
2022-12-14,0.002784304370903445,0.003614103582034489,0.0029344053325807582,0.004800363915375472
2022-12-15,-0.003186332329574815,-0.0061288097274960094,-0.003894438462613392,-0.007025177409264283
2022-12-16,0.0027893809806319274,0.005688743873247782,0.001922209562839461,0.006795321705104596
2022-12-19,0.0036394692459560617,0.002176928915794107,0.0004588396251857141,0.004358542915695984
2022-12-20,0.01858402636081451,-0.02577604939685252,-0.01196294037202097,0.016957184326339143
2022-12-21,0.0015252799659219995,-0.008024603988501643,-0.013891619925129238,-0.007062100503148566
2022-12-22,-0.0034181107224334098,-0.004472493325896742,-0.004672438808678337,-0.0036981328122664596
2022-12-23,0.00236964659622223,-0.004324681879193393,0.001163764447700921,0.002045455519534713
2022-12-27,0.006177929376647496,-0.006413350961860176,-0.0031377484649144803,0.003182432880612479
2022-12-28,-0.0007710811344053825,-0.004046193466142522,-0.004007796348927073,-0.00017331392986865703
2022-12-29,-0.007829030599583042,-0.00042673950880420773,0.001049405298262962,-0.0033544855000492537
2022-12-30,0.0032624236831778845,-0.0021321129859025677,-9.934932902588844e-05,-0.00033164905146046593
2023-01-04,0.004981193326126498,-0.00685057352503371,0.014150097532976358,0.006882428470461185
2023-01-05,-0.003042915958873604,-0.004735397282396491,-0.004637266410594299,-0.0069177119322412954
2023-01-06,-0.009716292403764325,0.005367181957119471,0.0042098791780585286,-0.0008712679335936592
2023-01-10,-0.0002818105647613978,-0.004425822913431077,-0.0046623084494817665,-0.003913717201294524
2023-01-11,-0.004406608159968451,0.005451610324768308,0.014767557737477998,-9.087014605793642e-05
2023-01-12,0.015476467770963809,0.008307456349190523,0.00899112414978187,0.024197734505098423
2023-01-13,0.002093176822235909,-0.011596342698358585,-0.0004648917477616532,-0.0012432004964199343
2023-01-17,-0.0002532814999224751,0.011370272347160391,-0.005907138616336782,-0.014296184647020871
2023-01-18,-0.007678242446348248,0.00041959571305005827,0.0003140200273828563,-0.007564085465935271
2023-01-19,-0.007202869414810564,0.0031878632713823627,-0.006831720102354377,-0.004232391402897019
2023-01-20,0.0006527857210518739,-0.007174461174936876,-0.008131303920139655,-0.007002712548329414
2023-01-23,-0.004503923919446917,0.005461130441856721,9.909559547278675e-05,-0.0018844458720723416
2023-01-24,0.005021729862970204,-0.0007425392842771881,0.004205195120148297,0.007142296362349107
2023-01-25,0.003078368311856528,-0.0019629314602785724,-0.0019014037134589936,-0.0021538969425703835
2023-01-26,-0.005092248589182825,0.0038028901029752093,-0.0016221399023669258,-0.001535778820523251
2023-01-27,0.005935744415267496,-0.007769310072440527,0.0021883684023079387,0.005432657205284067
2023-01-30,-0.0028251637330733103,-0.0015351619628939828,0.003024196502979471,0.005360657665847424
2023-01-31,-0.0024409912367043592,0.011782837061049434,0.011680234345996566,-0.00047954653174103745
2023-02-01,0.004055271012764794,0.000879910254569371,0.0007672199348312866,0.001990197663509654
2023-02-02,-0.0028377687843456727,0.00033137805853713457,0.003000043264073238,0.0035219692325695693
2023-02-03,0.0005361308388186937,0.0007023043748944469,0.002279037904648007,0.00688498462983347
2023-02-06,-0.005220621250602386,0.005419204431950254,0.000886488097342597,-0.004036178630724759
2023-02-07,0.011108399404590252,0.0053981419597464615,-0.006003326026522338,0.003607040047333976
2023-02-08,0.001595007207153443,-0.001793297061707766,-0.0047488468073179305,-0.0048206333363060225
2023-02-09,-0.0028347385468657114,0.000832353106358763,0.004000402160748306,0.0007767795692561513
2023-02-10,0.009356710203723397,-0.004226607284979011,-0.005802882292429268,0.004836692262172168
2023-02-13,-0.0036253564404995723,0.006389026904697226,-0.0035052382411001836,-0.0014268522876852764
2023-02-14,0.0008855591130980444,0.001557625989590683,0.0036656710313827555,0.0042177812309254215
2023-02-15,0.004858260436819051,-0.00906916609426034,-0.001351211564754773,-0.002466531758679924
2023-02-16,-0.007422547720956163,0.0037597104714779616,0.0025821934182924445,-0.002328166814006753
2023-02-17,0.00317612991940317,-0.004273390435895608,-0.002938490312713493,-0.0005466680880276227
2023-02-21,-0.0011745457650636172,0.006056524451909295,-0.006142534060955395,-0.004162790023169475
2023-02-22,-0.004159588113171652,0.0008866376562076447,0.0026324540026996246,0.001975995748555207
2023-02-24,-0.005651041738199835,0.004598716729763575,-0.0022612152571330536,-0.0033625715767394647
2023-02-27,0.007010654460600674,0.000307698923181542,0.0032162138911752125,0.004212771910104695
2023-02-28,-0.009055751053020944,-0.0021155690361609695,-0.0003752580597005781,-0.009004620133499933
2023-03-01,0.007927537635236083,-0.006980359538394931,0.011967678467456411,0.005375893818539872
2023-03-02,-0.002596758625329665,0.0003372577308464516,-0.0012314820325136202,-0.0018989030677198041
2023-03-03,-0.003790712837992616,-0.008041981324266857,0.0014012939205378487,-0.008262956671299171
2023-03-06,-0.0019142997223208003,-4.92729001195124e-05,-0.0014890737190756064,-0.0036523025074676196
2023-03-07,0.006459249542816582,0.0027628832762918386,-0.00492176450493551,-0.004544273801000605
2023-03-08,-0.01003296171799144,0.005087936068793764,0.010304651139307208,0.006315731168491268
2023-03-09,0.0035668811834707716,-0.007998124245576489,0.004255649261825401,0.0081822717469756
2023-03-10,-0.009452289082388331,0.004957758846970272,0.010203762939054983,0.004474716465602047
2023-03-13,0.0008300243496973001,-0.0031128008187169655,-0.0019546034970529206,-8.995819787153535e-05
2023-03-14,-0.020493502218114478,0.019477816236999932,0.017135664803964067,0.00018701829866912822
2023-03-15,0.010965194761644837,0.003783402726102336,0.004464290093150547,0.006865031628205268
2023-03-16,-0.0015585516124381853,-0.005659110673457902,0.0026865244062701295,-0.00012152586086078276
2023-03-17,-0.009382385170772545,0.002698561292100665,-0.002068903071035044,-0.006982218252389244
2023-03-20,0.00420947600951267,-0.005103382847045146,-0.004032439486474182,0.0014836357534989408
2023-03-22,0.0034076733102095247,-0.0017958264675977053,0.00028381504536596487,-0.0022077155285788646
2023-03-23,0.0016253203853684225,0.002326475972334663,0.008832117846401099,0.009016668338803232
2023-03-24,-0.0006509833774251072,-0.00718074332877563,-0.0006844920325386411,0.0007565130352014723
2023-03-27,-0.005107813437656516,-0.008977772531632944,0.007235171620515568,0.007200107167347851
2023-03-28,0.00026926661879853606,0.003045565927210347,0.0015125656873055116,0.00024766655413233085
2023-03-29,-0.005618064164499482,0.0004797447260291854,0.0010330470983629606,-0.0005522070014123744
2023-03-30,-0.00641578813442103,-0.0031314623517543884,8.216849199316136e-06,-0.004748819214050378
2023-03-31,0.0008390002884978371,0.002456541673877677,-0.005414892673948857,0.003198207785451564
2023-04-03,-0.009359462494491998,0.006049983254040448,-0.00256223126431645,-0.009284599431708118
2023-04-04,-0.003409572923727211,0.003876647641593234,-0.0018865352875041983,-0.002788444201488602
2023-04-05,-0.0031672314669811234,-0.0009807755906550818,-7.258066928339524e-05,-0.006743813074843137
2023-04-06,-0.0069375505748638265,-0.003977835381707417,0.010977962605263358,-0.00013888121304574575
2023-04-10,-0.0044831273642848,-0.0022744614213112023,0.002996432502994395,-0.001432617960093659
2023-04-11,0.0057228033662133585,-0.0016248530795465843,0.005868967707033645,0.006309649031717908
2023-04-12,1.672755733486079e-05,0.0035919238261114426,0.002124939810094384,0.0036795611028620457
2023-04-13,-0.004113036449008667,0.0028305795048039206,-0.002216214736695199,-0.0024330045376613502
2023-04-14,0.003008227819757403,0.001474678396081952,0.0005578884850507616,-0.0003064469615791432
2023-04-17,-0.004655745891972196,-0.0020417332764118834,0.0004121543078507983,-0.000165918963277617
2023-04-18,0.0005298151441794244,0.0004405299800139596,0.006314028118621207,0.003136268390278409
2023-04-19,-0.006812552255140103,-0.009150927969593735,0.002554884578977523,-0.006638556543147545
2023-04-20,-0.0036560983474228865,-0.0029103417967427654,-0.005212709420018636,-0.00541577333042959
2023-04-21,0.006924992830020793,-0.0064716776946430075,-0.013876288159230787,-0.001183222433768655
2023-04-24,0.004842115929150781,-0.00750022251157143,0.005564096433299536,0.0076742917423145655
2023-04-25,-0.007060840278634361,-0.005481498976540644,-0.0005709796660348543,-0.002385078522767229
2023-04-26,0.0008526416543478631,0.003615108819350543,0.0032415455954628806,0.0044062753012194715
2023-04-27,-0.004089514863092481,-0.005091992413704904,0.008374546194989962,0.0015457683733402696
2023-04-28,0.006177490844271927,0.010580814242285252,0.008080831176742876,0.007197148635060388
2023-05-01,0.006424956435546614,7.153308005174467e-05,-0.0019062553080375411,0.0034075551101235835
2023-05-02,-0.0025664021300138675,-0.004734684400440069,-0.0018705128452051853,-0.004274251577495527
2023-05-08,-0.002902030752515761,0.0023959415792706327,-0.005020052144535359,-0.0019296675878828144
2023-05-09,-0.0005887104570468701,-0.009605265871620715,0.0038933467941947523,0.011876831836979556
2023-05-10,-0.010971633255283587,0.003565950667335294,0.004056466697333572,-0.011438316260276821
2023-05-11,-0.007323672254584812,-0.0014721626832518984,-0.004660135802534482,-0.0043557288756213754
2023-05-12,0.011793200625413693,-0.009814023304672626,0.014950849539460619,0.011074403014509272
2023-05-15,0.001159743797629553,0.006931132898107607,-0.011687508323993257,-0.002939686042154342
2023-05-16,0.006861511153318256,0.00466359089647741,-0.007121261634300203,-0.004038760517052783
2023-05-17,-0.0010482990109194957,-0.004758450317477125,0.004008951305218567,0.00038985797323962124
2023-05-18,-0.005067657834335914,0.0070468529994532235,0.01634632484013836,0.012222523956981349
2023-05-19,0.0020591523840315816,0.005392912806536177,-0.0062571976953606605,-0.0038049439465053605
2023-05-22,0.012782730778248852,0.006267045993563135,-0.0021393146079198965,0.0063679049537301476
2023-05-23,-0.0030537826825202336,0.0012135808099752012,-0.0032908950148287314,-0.002981982942578879
2023-05-24,-0.009986310032579637,0.0018562062157411181,0.007940419075223294,0.005545678525126596
2023-05-25,0.00762348149040748,-0.005039863538921585,-0.0006655942181302165,0.0041226261341148485
2023-05-26,0.007400138661064215,-0.0022619567751272604,-0.0013053892690813253,0.004444266270787542
2023-05-30,0.004662413206738348,0.006419414173153525,0.0017711578620611458,0.0029470445350884
2023-05-31,-0.004859059490795792,-0.006376426682472891,-0.0010201528587597598,-0.006928184913042345
2023-06-01,0.00494021770005495,-0.004884381243152137,-0.005781573678618956,-0.001973530729557093
2023-06-02,-0.006247395129725674,0.002596145400287497,-0.0018806929752464892,-0.005423628171686512
2023-06-05,-0.001098731877657788,-4.5738489684721295e-05,0.0066610205171316,0.003823746846407679
2023-06-06,0.0029279961542969957,-0.009522072375825232,-0.008700199901641571,-0.005121705980314284
2023-06-07,0.0029181834211464246,0.0019122810613354524,0.0037762675928797017,0.0019067947958506474
2023-06-08,-0.0004290412887592021,0.006956234067546174,-0.005708688902322435,-0.004777415757168136
2023-06-09,0.008863678502496785,-0.0023732383519605715,-0.0014317364349825334,0.0014280836131369433
2023-06-12,0.006109956900085778,0.007055558761599312,-0.0025138850110376643,-0.0004657912519516083
2023-06-13,0.004292129335686545,0.009220456176009351,0.0071595579928849015,0.00825387573593156
2023-06-14,-0.0021504021465510222,-0.003383015290227686,0.011685912500230477,0.0072318741522823145
2023-06-15,0.004156194323005758,0.004014287825073648,-0.0018980834765386812,0.0017680019924883328
2023-06-16,0.0026255593620240656,-0.002981913498667166,0.0016020853133566163,-0.0004044497876880492
2023-06-20,0.0022518990783825243,-0.005937922898484982,-0.0010960244737271863,0.0020817502601575555
2023-06-21,0.009539278364143032,0.012076306961823715,-0.011933123210370013,-0.004555909848002878
2023-06-22,0.002506482238844576,0.0032274376914263937,-0.002915664588444433,0.000314557237817407
2023-06-23,-0.0030718426581777918,-0.010221520599269661,0.01088863789277379,0.005947497399683513
2023-06-26,-0.003579283315210424,-0.0019259973587234082,0.0036278040956047256,0.00039552983257077896
2023-06-27,0.001240279458945759,0.006433616109710494,-0.001175863947235456,0.0008515832168725511
2023-06-28,0.0012405200270003015,0.002340101466599487,-0.0019686529904198394,0.0003636115773443839
2023-06-29,-0.0010536509184593252,-0.0013541285351971414,0.0007944380011346789,0.002478921185452264
2023-06-30,0.0013414567483674535,0.0004360927630335798,-0.00048200199056736004,0.0012278464542938572
2023-07-03,0.006581760011244308,-0.003768030516478938,-0.00585405880619978,-0.0024501610710210286
2023-07-05,0.004999710047356221,0.0012587097400096336,-0.0019751112580261854,0.0024134200682562152
2023-07-06,-0.001712591351471682,0.005680247609307476,0.0044450507815804174,0.0030358258771289353
2023-07-07,-0.005128387418500679,-0.0024391929500405364,0.002943074084531849,-0.0007473280710965424
2023-07-10,-0.003941639808510655,-0.003894498003356772,-0.0075794460409007725,-0.008453410590376187
2023-07-11,-0.004159611801245111,-0.0004345596686237789,-0.001785720359441489,-0.00534653887599025
2023-07-12,-0.007463508409842179,0.0023290142350287143,-0.0039503196983780246,-0.007223127268394894
2023-07-13,-0.0034893602025603656,-0.00653360037877504,-0.0025233245895883495,-0.003832422831872869
2023-07-14,0.0008786622286465874,0.005769809177964169,-0.009418347173677354,-0.01659167878477168
2023-07-18,0.006342248946075846,0.00324275780194514,-0.002401708504558386,0.013105313568265997
2023-07-19,-0.0011031283335819044,-0.002827793668180822,-0.0014589876848105643,0.0025404168391696047
2023-07-20,-0.004954862652874948,0.0024113412890544917,-0.0022137993169967004,-0.0026166041713204615
2023-07-21,-0.006957157058081198,-0.002623121704928022,0.008071456181269877,0.008607355498470286
2023-07-24,0.0005004299289031344,0.0049497225111517105,-0.002355745350804717,0.0010117484901632041
2023-07-25,0.0069106065665279996,0.0015931268901004936,0.009905331949177486,0.00861651258656837
2023-07-26,-0.006528269802585895,-0.002536663711212905,-0.007216958574730814,-0.005804908268539321
2023-07-27,0.004247043072778611,0.0027272016041380636,-0.0022378000937991697,0.0057585983956497016
2023-07-28,0.0054686434246047355,-0.01520487831291626,0.008738770534914387,0.004939704365656687
2023-07-31,0.0012278313023661226,0.0024405695304911654,0.0027639473515385093,-0.0017959090329686123
2023-08-01,0.0032092454742364655,-0.008269014495312099,-0.0079402711443052,0.0024055435157679383
2023-08-02,0.007600716872417723,-0.0018670101408795325,0.009338087974973219,0.008426849825829651
2023-08-03,-0.006625305078898537,0.005398729327269036,-0.0013092736658024242,-0.0018017807054336865
2023-08-04,0.009854344722624163,-0.0018656686719892065,0.00850476866658778,0.009113170325277876
2023-08-07,-0.00381108216991275,-0.004639759235649809,-0.0038971898391826796,-0.006885615653579036
2023-08-08,-0.00865384249242549,-0.005092776477738558,0.009358441168762032,0.005455149373496208
2023-08-09,-0.014019526887417078,0.0030916319477325652,0.011645131728036828,-0.005834859209172039
2023-08-10,0.0016059777239156425,0.005582439758316271,-0.003681361882517064,0.0048802875568054
2023-08-14,-0.003815829340301313,-0.001806907053513251,0.005500352869784186,0.0008032728056959013
2023-08-15,-0.003838885699340611,-0.002209312500979421,-0.0037436560589753976,-0.001521462865123524
2023-08-16,-0.005899575067936614,0.0023300519024318732,0.010069001110429276,0.00996008635817382
2023-08-17,0.0030980851288112676,-0.003184682632524205,-0.0066179552868035115,-0.0012906193219887436
2023-08-18,0.0022767647271461967,-0.007208857638415833,0.009878811183907855,0.00551312807665546
2023-08-21,-0.003555714437185542,0.002652875891761863,0.0035315713039278723,0.002966710197597533
2023-08-22,0.009480273576103926,0.008701516961535162,0.007812929820958181,0.010172481570205656
2023-08-23,0.002809164549398036,0.002542244749738031,0.0007675725953998121,0.005633813274382374
2023-08-24,-0.0013265565031493672,-0.002783845845384314,-0.0032246990521943132,-0.0007403127060544579
2023-08-25,0.0033125796924130093,0.0013547184699615575,-0.0009428533158940544,0.0015507500417158001
2023-08-28,-0.0004952661389314283,0.0021768689994910552,-0.005937289820047087,0.0024730609346294927
2023-08-29,0.0007588616304340379,-0.002735402170458001,-0.008555313973305112,-0.0048530162702320094
2023-08-30,0.0006300907864364324,0.004889067634398292,-0.0008370914098474013,-0.0033985902380575155
2023-08-31,-0.0008464581820590402,0.00145741982753429,-4.784602455125669e-05,0.0006389126847840361
2023-09-01,0.008301636300672178,-0.0017027529710106123,0.00591312219774971,0.0066660140223156
2023-09-05,-0.0020611566473044186,0.004067801628186518,-0.0036533944469160804,-0.0028442325747422524
2023-09-06,0.00556208071897335,-0.007061877769941027,0.0014800053333500207,0.0032564797600245325
2023-09-07,-0.0012193687013087652,0.0005641515037032138,0.004607820565754439,0.003754976602870358
2023-09-08,0.002984160881736719,-0.0068663043009307145,0.0047766888151548285,0.012051714933756674
2023-09-11,0.005081257526562233,-0.011921236809447278,-0.010191482647481686,-0.0037367141941138477
2023-09-12,0.00022747857936236118,-0.005762685789113919,0.011792122723444876,0.0030860566337165647
2023-09-13,0.010540901790455925,-0.009078337039138407,0.002752396892630893,0.007590910201104391
2023-09-14,0.0024853253342497442,0.0018660436968272352,-0.0031859111242894308,0.00014791623930915376
2023-09-15,0.0021185613219871337,-0.001640042416359022,-0.005769742453522086,0.004775855784908366
2023-09-19,0.017824647246926582,-0.01472180198751838,-0.014962512604764134,0.0031598686166622756
2023-09-20,-0.015450593519018853,0.006667280850126467,-0.00224634287682568,-0.013656078683376295
2023-09-21,0.011110337578990026,0.005185264455399419,0.0034947659181102427,0.012266142465676127
2023-09-22,0.006252742110924769,-0.005899114359393231,-0.012540855719252075,0.0010242556900257934
2023-09-25,-0.010749558893326383,-0.0020647103526954423,-0.010667735185216843,-0.01319512301512069
2023-09-26,0.003083663905180201,-0.0025818228937206644,-0.0013310745063294326,0.0019441550298359366
2023-09-27,-0.0035467212808480307,-1.4782144697056063e-05,0.0014280876242805498,-0.0005268673153595209
2023-09-28,0.0001320631547971243,0.001152513861428206,0.0008929961563758143,0.004828449407341698
2023-09-29,-0.012440634590301203,-0.0033159170675438384,-0.0009483423658997337,-0.00813008161076121
2023-10-02,0.003926050713123595,0.0030795979195204163,-0.00425786019186436,0.003532681623208615
2023-10-03,-0.01205856963396772,-0.009624430910764415,-0.0020464425721852253,-0.012951247153326007
2023-10-04,-0.018498161328384,0.003313099650783035,0.01222820020561539,-0.013761692499377842
2023-10-05,0.01065422643004581,0.0022445780026760336,-0.007138669929833429,0.0044102973165757176
2023-10-06,0.004727358284832195,0.006945081857398128,-0.0014669135536736324,0.00018551409586251228
2023-10-10,-0.004770518667797653,-0.006366112879082864,-0.006486068993050886,-0.006820101613392654
2023-10-11,-0.0018080392353873708,-0.0004984677518635296,0.0015082234837336282,-0.0017814674396083308
2023-10-12,-0.0008950549111947266,0.01248856918024317,0.01033088609317363,0.006672308749203571
2023-10-13,-0.004153190615362989,-0.004234374974163547,-0.0015207181609582683,-0.005089866949619599
2023-10-16,0.004154247732378135,-0.009243685908697487,-0.007555734305972139,-0.0024420249061886667
2023-10-17,-0.0019740012536041632,-0.0009021379595592904,0.005380506719955069,0.0016170045249274956
2023-10-18,0.0026848758990514867,-0.001334567970463163,0.004607487439796599,0.0046565827182617515
2023-10-19,-0.0035358834492519977,0.017282652253287664,0.013103710079227325,0.00764764406445693
2023-10-20,-0.0024517284753073462,-0.00021053186686614822,0.004881161951394453,0.0024192317771953116
2023-10-23,-0.0010363146370158342,0.0021338555830485496,0.008521674856053752,0.00394407357422466
2023-10-24,0.00048064797645479534,0.0015673369984145593,-0.0004623359442616604,-0.005133335999492794
2023-10-25,0.011049094857111853,0.002221799034210448,-0.005133048635560011,0.0012488390095927355
2023-10-26,-0.0038025135849589107,0.004414137886070101,0.007690385345815521,0.0038260947234622757
2023-10-27,0.0018997779285172987,-0.005854989497103613,0.008371157471850665,0.004477029141380757
2023-10-30,0.0007031894428038083,-0.0027447486929304647,0.0067674987736584535,0.005283618626737399
2023-10-31,0.0019175549797763479,0.003757967508933624,0.000712234114867716,0.007911242185768885
2023-11-01,0.004298528007542113,-0.004661091949724172,-0.005030320618802242,0.008723643352567331
2023-11-02,-0.0038931269628212023,0.001131044256772528,0.010833919910727529,-0.0032242211523457465
2023-11-06,-0.0069110957950798465,0.004943783192966222,0.0023457672997025288,-0.008562644039338985
2023-11-07,-0.004722617328239887,0.005711286528066139,-0.002801303161952663,-0.010632832348116811
2023-11-08,-0.027344039148248282,0.023956262621038622,0.01053925919163401,-0.010825063763346642
2023-11-09,0.008041612122236641,-0.008973975005973057,0.003203128339334737,0.008242063795534538
2023-11-10,-0.002456225924598687,0.004013461803085016,0.0056285930901314625,0.004461526486939871
2023-11-13,0.0053619182701663435,-0.003554338863556783,-0.005380298138825612,0.0009795619529483304
2023-11-14,-0.0011557231212842246,0.0069513785614490065,-0.0016780254992018627,-0.0012952465495733403
2023-11-15,-0.007993793681089812,0.008217612673968167,0.0014885007027410466,-0.010151739852128805
2023-11-16,0.007498978011910506,0.0016711564943628244,-0.010388878122300337,-0.005894958361957581
2023-11-17,0.0023502277665058188,-0.00760868226221454,0.006761185317335073,0.0022852146120549734
2023-11-20,-0.0006803219530093106,0.0011461537837762713,0.002333250743784987,-0.00409546045623979
2023-11-21,-0.0076219730660877175,0.001880810412349354,-0.001481024581169299,-0.006727200268848736
2023-11-22,0.0017729408519749686,0.0009501852142705927,0.00046704723338870675,0.00014960603552146168
2023-11-24,0.006411948073114293,-0.003383525989938052,-0.006986478816587027,-0.0034646080008292612
2023-11-27,0.0028235588071918944,0.004562481536376972,-0.0007355643774329627,4.183998594697869e-06
2023-11-28,-0.0030533053821020888,-0.004120702650155339,0.00024337004987440292,-0.004681530394762333
2023-11-29,-0.008298343471984947,-0.013277703564260768,0.004187257399880262,-0.0069570756988543425
2023-11-30,-0.0030161506083181255,0.0013139646942192046,-0.0032921304219961645,-0.00430419047725333
2023-12-01,0.002699657386002463,-0.0016947147722782053,-0.00320471614512845,-0.005522332022651695
2023-12-04,-0.004527195832477804,-0.0022072723159742846,-0.005918192122511656,-0.010198480084132303
2023-12-05,0.0034463362317222576,0.005240177893660026,0.00984042679414827,0.00875695201047553
2023-12-06,0.000998270325119276,0.0017105334647919534,0.0006341927347081715,-0.0006363036494695384
2023-12-07,0.015739892248147112,0.00027439292123341283,0.001056191564641762,0.011904054681277134
2023-12-08,0.006203433129037549,-0.005823350614758672,-0.00032727161409411634,0.0010457461152297183
2023-12-11,0.00478399741766582,-0.0019579748650669026,-0.011735029328302726,-0.012287688868267716
2023-12-12,-0.001543747918455885,-0.003907462815287199,0.0008024607526929458,-0.0025129428544025754
2023-12-13,0.0006022742737880724,0.0018102800509166349,-0.002579885551086836,-0.0023079231922628453
2023-12-14,0.0011971144738729816,-0.013170395441504735,0.004974329793295731,0.0025839128160043794
2023-12-15,-0.010611133693567499,-0.00035434597323258377,0.014987208066374724,0.002050584434053334
2023-12-18,-0.0018622593547366507,0.006752409497254908,0.004957625845144897,-0.0002087241638188777
2023-12-19,0.0051147057308592375,-0.00825786719154762,0.0004211015200437985,0.0005724295368374709
2023-12-20,0.001420813113919484,-0.0004109511140421686,0.006226999714144665,0.00704950648354673
2023-12-21,0.004415206270203332,0.000392419621338269,0.003251843335429316,0.009921854573222848
2023-12-22,-0.0072481627477559265,-0.006757634094988085,-0.0028714919544797326,-0.006375644659467868
2023-12-26,0.001318061939182602,-0.0015488247680447652,-0.00036263044375002275,0.0011980376946818898
2023-12-27,-0.001186038043417748,0.002295939941372671,0.0055209372247186465,0.0019082364302199228
2023-12-28,0.0009414367802195846,0.0025996099561236717,-0.000294300737317199,-0.0019137155662166004
2023-12-29,-0.0022339671190392705,0.0015586581911028131,0.003998254019819592,0.0009385859834232605
2024-01-04,-0.013351126148739524,0.01088790519794376,0.0027495272373195597,-0.00230736841462938
2024-01-05,-0.009381566794726192,0.007067815803656408,0.0002568725244535444,-0.004715284739364592
2024-01-09,-0.0008128335108572803,0.002545473698581313,-0.008975013783455443,-0.005708087772382191
2024-01-10,-0.004073861621683727,0.008497747507360699,0.001864340401562626,-0.0019294002656069882
2024-01-11,-0.0012518751829488691,0.0022225733355355935,-0.001898448149720666,-0.005574199907202111
2024-01-12,0.01798096210833937,0.0042893075436371,0.007270584607603946,0.00943414529439584
2024-01-16,-0.015357998776074333,0.017929363012651644,-0.01111451160389012,-0.010096310015917553
2024-01-17,0.001246792399732688,-0.0015585852267898659,-0.002675957094069226,0.0031312297079012135
2024-01-18,-0.0015716886079941705,-0.002964045001037108,-0.0029033809903905583,-0.004589142995704658
2024-01-19,-0.005546288289791913,0.007010908920347147,0.007629019445532759,0.0012628610018639071
2024-01-22,-0.0025502548723895565,0.002220389113172372,-0.0053464578524399006,-0.004720974036274061
2024-01-23,-0.004378583926207158,-0.003151048615536856,-0.0023055273678562306,-0.005326913791362747
2024-01-24,-0.012596035151937902,0.014188687842369907,-0.009167807691605611,-0.011708824349043596
2024-01-25,0.005794088351013716,0.0014214187456446981,-0.0024400950555751645,0.0014613111060375232
2024-01-26,0.001586249840436804,-0.0062718558541930095,-0.003153186652567341,-0.0006711528646934917
2024-01-29,-0.002259069787900624,0.003630970161095969,-0.001321158588257364,-0.000872323933220065
2024-01-30,0.004878172973514805,0.002938717812977321,-0.0019039855190308595,0.0016824325166026424
2024-01-31,-0.0003079163297517347,0.0001502407870874068,0.00014532682605055205,-0.0051989333932637525
2024-02-01,-0.00401732966551207,0.005158971384515288,0.0005345116364303458,-0.004322001963432964
2024-02-02,0.001042347587303461,0.0070750644081803765,-0.002759254012372092,0.0009697847832342843
2024-02-05,-0.009754644559020552,-0.00031993525307025825,0.001108008857541387,-0.010417135557275494
2024-02-06,0.006441409258039999,0.007610604034312175,0.005706361130667469,0.015603262408733201
2024-02-07,0.0035820657234918677,-0.0045282904677466755,-0.004292847337978056,-0.007966602614986506
2024-02-08,0.0037506307321229612,-0.0006865672791631861,-0.003331659266845577,-0.0033385446445967915
2024-02-09,-0.00578531809230245,0.002681820243615407,0.0030371419732705407,-0.002835278275012759
2024-02-13,0.004106923177815713,-0.010168430773687032,0.002687306906335097,0.0036118663368374946
2024-02-14,-0.003899448907841151,0.0006266133164645636,0.0017725532026229727,-0.010694001537422929
2024-02-15,0.007076575280782271,0.007978486005660645,0.006271281559268104,0.007235395248777791
2024-02-16,-0.012358421626361093,0.008677676129730073,0.00898776771358938,-0.005157390745185881
2024-02-20,-0.005014833198637891,-0.006216589840845699,0.007439866274788742,-0.0005903422923112332
2024-02-21,-0.0038676776021886908,-0.00234029160423852,0.009021439344578974,0.001993079988175439
2024-02-22,0.0033762618538882407,-0.004111518980671991,-0.004420079012442346,-0.0006877989647762579
2024-02-26,-0.0024310511391851582,-0.00504476234698048,-0.005759383740283153,-0.002831517166740011
2024-02-27,0.00698946750054108,0.007584645786748357,0.009174716336791521,0.008918488307074693
2024-02-28,-0.008210354092333727,0.004001178573945418,0.010084156210811334,0.0027233410689015596
2024-02-29,0.0005853413958674556,0.008729830192942621,0.002842596567055966,0.004457795844289815
2024-03-01,0.008915526798452554,0.011053479745324956,0.014885773070534425,0.006840623299544665
2024-03-04,0.002628124395827781,0.010869943451307961,-0.0034545570276063742,-0.0010841996604124028
2024-03-05,0.007848117782719655,0.0018187196128371715,-0.009606141481216923,-0.0018569473933407465
2024-03-06,-0.0011655522171337253,-0.003769455212120531,0.001390159568053816,-0.0016522788370568389
2024-03-07,-0.010424123678535535,0.006353225736111901,0.0047829872757287895,0.004977405368058629
2024-03-08,-0.005493928744281962,0.004974911904384927,-0.0009048117668308596,0.0014657416298228033
2024-03-11,-0.020544770130203883,-0.009727659411753777,-0.018224052991364204,-0.016207271188277684
2024-03-12,0.010309027676318472,-0.00866302098038827,0.01223351086692479,0.011017779285898106
2024-03-13,-0.008660491952063042,-0.0022920153357342873,-0.00964079369533153,-0.009184769466238519
2024-03-14,-0.01298057153376584,0.005160565865912825,-0.009121261894167954,-0.007490742784353638
2024-03-15,0.005045523424939713,-0.009906898161753698,0.0036992859957712277,0.0017888716662401074
2024-03-18,0.0074125547945483655,-0.007858311788379167,0.002888888460264116,0.001039435508390022
2024-03-19,0.01814559593447822,0.0053827493490744786,-0.008461514079940847,0.03264020806187784
2024-03-21,0.0019914449542826063,-0.013284522457285574,-0.00545379671893602,-0.011272854339861823
2024-03-22,-0.008299510254299626,-0.003040996261694628,-0.0043739196432787345,0.00220175575041797
2024-03-25,-0.004928723517776689,-0.004801575130037005,0.004637380712788608,-0.0017632658575041562
2024-03-26,-0.007595321644905062,-0.005142889348469159,0.00561703873983177,-0.004625885706643536
2024-03-27,-0.00509414341216563,0.004780416190262704,0.0018464985896068154,-0.006118206772186552
2024-03-28,0.014457056314679483,0.001562715200641573,-0.00818541926608669,-0.002421710692723733
2024-04-01,-0.016986015013426378,0.0003855001803107806,-0.002698918411368401,-0.009863811326856566
2024-04-02,-0.0032900499690369685,0.014894540781944432,0.006071956842829151,0.0046517589849115705
2024-04-03,0.0039847370025741565,0.008123770255329578,0.0018247222584697022,0.0025427706557036994
2024-04-04,0.0015968941494393096,-0.002388199120114809,-0.0014289458867557058,0.0010098813415745395
2024-04-05,0.002151075932899449,-0.0004704780482052808,-0.00047037436173622536,0.005976751170129635
2024-04-08,-0.001434067280224949,-8.855032488388494e-05,-0.0033473257866634574,-0.0011727272440196857
2024-04-09,0.009323801909307238,0.002925733762073723,-0.00756760015435225,0.0034563268899375776
2024-04-10,-0.0016201110797719356,-0.007713237184836586,0.002527415323019433,-0.013558785631528014
2024-04-11,0.011101027339297187,0.011911601424337738,0.018476722830276706,0.01875598066713388
2024-04-12,-0.005520306936681351,-0.002838195234532148,0.0038023278810039637,-0.002200788951553438
2024-04-15,0.01243656476434245,0.012031271951628675,0.0017048193427090736,0.01931702798651273
2024-04-16,-0.018263513357319617,0.0012783407528283997,0.0003860154034686543,-0.01993386834274033
2024-04-17,-0.008645140536103725,-0.006611261032473337,-0.0016999665364646026,-0.014055090536606623
2024-04-18,0.014633514046687779,0.0006457765652340356,-0.00511124656227251,0.010093130981995584
2024-04-19,0.002135419948342099,0.011618490745861031,0.003851503010763313,0.025628641043063727
2024-04-22,-0.0035906519448290156,0.0032815638399068753,0.009959925394296553,0.003844756300977063
2024-04-23,-0.0013106778289888594,-0.002074084600467851,-0.00022592987059371142,-0.006449994849516269
2024-04-24,-0.003433163564071728,0.009696791976596564,-0.009522457272517814,-0.016596037223956493
2024-04-25,-0.008161355743639031,0.00166975838043335,-0.0027643483060028062,-0.013135720602938125
2024-04-26,0.0016622867539478389,0.005167438808652713,0.0010716704099724699,-0.0010840927128151902
2024-04-30,0.0023570192707699673,0.009315849972113299,0.007735940471584523,0.003103908350758364
2024-05-01,0.0020057414214074585,0.006136600709368011,0.004028407275131207,0.009050156660922756
2024-05-02,0.006934986762549733,0.0005656023522045972,-0.0004738204012834533,0.006250291884678775
2024-05-07,-0.007414142036127935,0.005095852424428648,-0.001959203567422363,-0.015194472358577182
2024-05-08,-0.0024529638501458173,-0.0024996406107077093,-0.0032464419331206026,-0.0011503791088184733
2024-05-09,-0.0032175756472233807,-0.0009214289809337697,0.005356297981645653,0.0001615010316924903
2024-05-10,0.0034275747136930388,-0.004059843936801876,0.00432415041060521,0.006223535061505202
2024-05-13,-0.005783301239123584,7.249154289041827e-05,-0.0047963569752798915,-0.006536534079487085
2024-05-14,-0.0006447994569599657,-0.0010331945607931605,-0.003687514929741886,0.001217008118833814
2024-05-15,0.0017438449376600438,-0.00022618595099630455,0.007870518108734492,0.0032890303832750155
2024-05-16,-0.008226301384453504,0.012023410415080616,0.01510547717916122,0.010155358952675433
2024-05-17,0.004654288632529679,-0.0057643335348130705,0.0012852490925808532,0.004097118305365743
2024-05-20,0.01493394886790016,0.015931985906035662,0.00862660884357398,0.012181744091913003
2024-05-21,0.0035752256191254,0.002275561033488605,0.0018611609761614023,0.003567757416105738
2024-05-22,-0.005767561078911165,0.005904169222382815,0.00022251199307481324,-0.010786012887514629
2024-05-23,0.00011886245375354338,0.002429408468157623,0.0017772399962945329,-0.003384545204514737
2024-05-24,0.0031350838876250467,0.003982225579094223,-0.0013378222625523243,0.0015849239699970985
2024-05-28,0.0109289462193233,-0.004440333264278973,-0.00042996636824761377,0.005372933998463258
2024-05-29,-0.0030369254268664434,-0.004353200343363572,0.0023963928990329963,-0.0032609764462833476
2024-05-30,-0.0008688057548172925,0.0031187702731335643,-0.0009488462168574909,-0.002689034660153318
2024-05-31,0.008828853753482413,-0.000236752745813449,-0.001991860881506557,0.01982399426611836
2024-06-03,0.005282737526738734,0.01137581098770988,-0.006265784245912331,0.0006308315715417938
2024-06-04,-0.018958416645637133,0.01433971522080537,0.006976246554711252,0.0015189781394441086
2024-06-05,-0.004516966212933804,0.003950513678986578,0.013236089023318742,0.01542115083022011
2024-06-06,0.0023047849074701475,-0.005766423740645576,0.0023695237213012584,0.003457939673392263
2024-06-07,-0.003455501785993009,0.004262793868055082,0.0003091584816520051,0.0024268961818573556
2024-06-10,0.0003926510316797586,0.0005369546933486008,0.004442304466151947,0.0036032766873750795
2024-06-11,-0.003263018938690055,-0.006468666937798505,0.004865280251209515,-0.0033512348008463795
2024-06-12,0.0049229326328483316,0.0009739471482823169,0.00646275867932633,0.0066146740134717715
2024-06-13,-0.004653272040899246,0.014206678336978107,-0.0037788297535584527,-0.0036068479150467743
2024-06-14,0.00794458550566255,-0.007686389043457599,-0.004577502676519329,0.009139857628425877
2024-06-17,-0.010498705133593344,0.006872021632570302,0.010649303453760472,-0.003284438560186842
2024-06-18,-0.002320723230054034,0.0033338536992782997,-0.003138613984191508,-0.003573810242102361
2024-06-20,0.0036718907920294977,-0.0033256888449781034,0.0003685120921559815,0.003033287633421194
2024-06-21,-0.008627427800782005,-0.00586381775794258,-0.007707022340172686,-0.007531312544478461
2024-06-24,-0.0005107308910892172,-0.001482413219009571,-0.0008856772395827938,-0.00576058589723801
2024-06-25,0.0026494077983925113,0.004793571376638628,-0.005414682614453969,-0.004576599470038893
2024-06-26,-0.0002945981170853428,-0.004305220548317923,-0.0018467570177539637,-0.0036998579277124355
2024-06-27,0.00046491028205855036,-0.0010406358919056611,-0.005693083787603159,-0.011533353795453264
2024-06-28,0.002393811612561225,0.0013872913381534954,0.005227949013900113,0.0048089107893674096
2024-07-01,0.004986135183051776,0.003917760273265892,0.005024545790286328,0.007830954422902003
2024-07-02,0.007055306462328592,-0.0035772464957988465,0.009724096074002065,0.009183302678420716
2024-07-03,-0.009494588998310372,0.007370678216155646,0.007821138914622949,0.0011579377923658192
2024-07-05,0.0011143629911376293,-0.009612525268552208,-0.0025480123068413185,-0.0014767981799416185
2024-07-08,0.004468223316945452,0.011274813386888115,0.002215373062574866,0.007764161531349567
2024-07-09,0.006060497683754873,0.01133567800906019,-0.0038717022828028917,-0.00026446063254716894
2024-07-10,0.005472990509539799,-0.006850023781915061,-0.008604377068796886,-0.006747632795947442
2024-07-11,-0.009577171839370503,0.006442097971394455,-0.008726334515518408,-0.007070359775816267
2024-07-12,-0.010215983556301888,-0.0058720749033466905,-0.016821634517874617,-0.01842701023032991
2024-07-16,3.31018845481035e-05,-0.013004215762544003,-0.01941246179952254,-0.004431054929385119
2024-07-17,-0.005583579309247422,-0.0014456981531108634,-0.007558748278511373,-0.007302278819778348
2024-07-18,-0.00476541165675679,0.003728836329726559,0.012225040936319842,0.006626482971531872
2024-07-19,0.0028560052629533986,0.005525682590964443,0.0058410788593268315,0.007267127805985407
2024-07-22,-0.0043557803341060415,0.006578973150271939,0.009384749540679159,0.009738973589383923
2024-07-23,0.0036104131112152608,-0.003700577351669309,-0.00380483336720141,-0.0015833999112823056
2024-07-24,0.010951089588324338,0.0010939065271321057,-0.0006801367349219545,0.00283736807337202
2024-07-25,-0.015279493983517047,0.016647751051503224,0.020765311966751465,0.003940483969380885
2024-07-26,0.007302649153412721,0.001496253778821299,0.002492422023587881,0.006466809455391309
2024-07-29,-0.005530026384076382,-0.0016158697486060788,-0.0018746940951825716,-0.0010466130166804644
2024-07-30,-0.00326854994489556,-0.003801506246427455,0.0020026361041644014,-0.002591482522671401
2024-07-31,0.0038721311787228256,0.00652938661341711,0.017868291382187484,0.018995128845826558
2024-08-01,0.004955753491724016,0.008267064353109067,-0.0008180672537196412,-0.0038453390661820977
2024-08-02,-0.0011688290110456918,-0.005484329411919519,0.018151022049115208,0.009313885123236589
2024-08-05,0.030654211199580318,-0.015278778718768767,0.020738453000421757,0.03347740241482403
2024-08-06,-0.017726184374616684,0.02413870773559459,-0.01634745648602869,-0.07351321622506438
2024-08-07,-0.02675036166827871,-0.0027314898944724927,0.02190080506508179,-0.026353266392629658
2024-08-08,-0.006156214727511799,0.006812237571111667,-0.009642387236995642,-0.0031678499877595746
2024-08-09,-0.011205323080276886,-0.004684829920262446,0.005520509199887802,-0.0021559967605879297
2024-08-13,-0.002825309165786159,-0.0007061323835513278,-0.0038178611447211123,-0.006500898646121846
2024-08-14,0.004651201681983319,-0.0016431668530596522,-0.0014794852359062858,-0.005586739991897622
2024-08-15,-0.007518586198968724,0.003567334393514487,0.008437657501982554,-0.002233419559772881
2024-08-16,0.007202432360916732,-0.001788439827771238,0.0012662468781106107,0.006290347829925313
2024-08-19,3.911276391417237e-05,0.009917874426139983,0.012122760011276634,0.016356178545184376
2024-08-20,-0.00234948698731563,-0.005576668716776134,0.004398706294035715,-0.0029793271282005707
2024-08-21,0.009262329612798915,-0.0012444524533762984,-0.0006930257431237985,0.00910790715204651
2024-08-22,0.0024133843051041604,-0.00025330563156318315,0.003349971567175958,0.002967660819814666
2024-08-23,-0.0014784849099739985,-0.0032638684463441427,0.004060297384440181,0.0020751526023326857
2024-08-26,0.009538841353790063,0.0024448772033122566,-0.004468694657926142,0.00522528698524613
2024-08-27,0.00179748602023877,0.0016673009372942804,0.002866554650001475,0.001368007386860104
2024-08-28,-0.0063795623005491915,0.00020929425536040384,0.0038613999411026834,-0.0019245267264973813
2024-08-29,0.0018271258843703285,-0.0049148733483961315,-0.002664516704039999,-0.0008281640246046275
2024-08-30,-0.009487484692559755,-0.007897738974960733,0.00368701767822972,-0.008210071328174695
2024-09-03,-0.0010687108854826825,0.010451937001540923,0.00585881792815468,0.00759148892639909
2024-09-04,0.004440293953918739,-0.0050336465814576625,0.006320352665513229,0.006176235525565715
2024-09-05,-0.01222991470026229,-0.0002320345732688355,-0.011515540437048655,-0.012626023808902112
2024-09-06,0.008863661009017455,-0.0026126305767116163,0.012322087109486303,0.015793536192107466
2024-09-09,-0.005801995360336678,0.0028202744130839015,-0.009001285011094717,-0.007433955574245071
2024-09-10,0.005353598616097721,0.008654613610519956,0.003793701471552291,0.010939786425502224
2024-09-11,-0.006463010107172297,0.002644484833041739,-0.008072237194158415,-0.01088191371782578
2024-09-12,0.0024539333510758873,-0.003999797039865638,-0.004120482861631603,0.0015344642564647146
2024-09-13,-0.006594626095652289,-0.0006660073642422272,0.011414812433424414,0.0074604878262974905
2024-09-17,0.0066199409870604025,-0.0015709578141589022,0.00773058135947986,0.011722271901275796
2024-09-18,-0.009661154973599607,-0.003240579588675829,7.613933041910031e-05,-0.013317945989363747
2024-09-19,-0.0035002245088627815,-0.0017634737723629668,0.00439983538390869,-0.005678205957675911
2024-09-20,0.0019463002411176378,0.0020456293580232597,0.0012651983116493066,-0.004060556573312094
2024-09-24,-0.010874748575986226,0.005521322322603828,-0.004843991102564415,-0.006339931041382155
2024-09-25,-0.006775652544197252,0.012433316835155384,0.00729603535796024,-0.00941476978911541
2024-09-26,-0.006270233639905819,0.0030691405622819802,-0.0023173867220133825,-0.0031181903435117952
2024-09-27,0.005632903345101093,0.006280967646614389,-0.005303044385736166,-0.007396551249282957
2024-09-30,0.006298372881985403,-0.004574267415325984,0.004095278672061408,-0.0006007991700678729
2024-10-01,-0.008730078769866112,0.010181535348990734,-0.009761884375045084,-0.010770744866193671
2024-10-02,-0.0037392350247495987,-0.003939271996329508,0.004807068137587534,-0.0014191564143659998
2024-10-03,0.005967673719601874,0.003491908225073703,-0.01157198629144467,0.008298960791447282
2024-10-04,-0.0048400630538223185,0.0003692467046067186,-0.0021708870613317945,-0.008730638347778874
2024-10-07,-0.009178306958996952,-0.0009309698749663253,0.011258308197876031,0.002750439893661527
2024-10-08,0.015862446553552022,0.005116507363148593,-0.009454476772185628,-0.006451936791776432
2024-10-09,0.00361805590667319,-0.010185136447975607,0.008932549842004023,0.006789244314860818
2024-10-10,0.0027633506347692237,-0.0001985792152930264,-0.0047323462499761155,-0.004566411529554337
2024-10-11,-0.0026646734790147565,-0.0044186252062587755,0.0039734040311977465,-0.00037324975640943593
2024-10-15,-0.003657922920210277,-0.010852475733888412,-0.008687068609246996,-0.009026791296911075
2024-10-16,-0.011811423224604179,0.008078294833209454,-0.00863009934379697,-0.009302798290313614
2024-10-17,-0.0012991701721731808,0.0042290346238748056,-0.001998972857326797,0.001661311343163126
2024-10-18,0.001224169639270434,0.0006293365479509427,-0.0032476074901792934,0.0028178368265148555
2024-10-21,0.007069535263588467,1.043026941891477e-05,-0.0008133207545277799,0.006009256888605081
2024-10-22,-0.006707563600637778,0.0017107921918291021,0.0005152931582216528,0.0064465668546427515
2024-10-23,-0.0014024614190160985,0.005884533435775352,0.00043382689581827893,-0.0013256981445015081
2024-10-24,-0.002627720787277577,-0.008189769088946686,-0.006931959201881521,-0.005019624361482769
2024-10-25,-0.006568598486031707,-0.001992683052049648,-0.003045245435926924,-0.006269117184469708
2024-10-28,-0.003418337846027252,0.0016298810557322067,0.003670229283655811,-0.0012210929996440863
2024-10-29,-0.0008982423232154475,0.004488282835931745,0.004987554815667794,0.0016905503400606037
2024-10-30,-0.0006664377881466788,0.00276212668970246,-0.0015102256520156182,-0.004003383926802698
2024-10-31,0.01082540385003461,0.0020867896086299797,-0.0020576251468015228,0.017411591408458937
2024-11-01,-0.005684685736402018,0.00033830753990613525,-0.008622373447371911,-0.009488390416393655
2024-11-05,-0.008756361932122925,0.007307033689775255,-0.001236581635918266,-0.00894005733653693
2024-11-06,0.021266504913852513,0.01622032126474091,0.01226717449963668,0.012449433571658215
2024-11-07,-0.01104038809410579,-0.009619092559892996,-0.00642500378754185,-0.009206788551016965
2024-11-08,0.00202013747542471,0.014523627248592486,0.011763172233126572,0.025644072390630674
2024-11-11,0.0055032208793074355,-0.0006341735603451637,0.000905146201822582,0.008580586447153574
2024-11-12,0.0034443702346943937,-0.0011709159088872266,-0.0039619848703475345,-0.0017051195523842782
2024-11-13,-0.007265107946514204,0.0034315674342259243,-0.007179580845279832,-0.0009298134378611005
2024-11-14,-0.0012150606432081322,0.006499278052397316,0.006273696315257027,0.0032513209017403562
2024-11-15,-0.0018262162731932153,0.0036531424727014317,-0.0071998313978708815,-0.0024608094440008166
2024-11-18,0.009682807375260793,-0.004990747433731535,0.0021299202310462785,0.010530429765457965
2024-11-19,-0.002443710544179245,-0.012817341820889339,-0.011930272509717033,-0.01012334380843849
2024-11-20,0.003231844066296152,-0.0012290885478320138,0.0037677755901731167,0.007010356388861416
2024-11-21,-0.0003681225466852338,0.00031550439223377875,0.0043939508137943225,0.00499803801537258
2024-11-22,-0.008271726671839797,-0.002120744359083959,-0.0028691642737652904,-0.004827753980034296
2024-11-25,0.006288335184152838,-0.00031848310935280735,-0.0038828058219168237,0.005440380394837112
2024-11-26,-0.004825403221521474,0.008165612467420558,0.008347742406084244,0.01035279077873491
2024-11-27,-0.007442118760987215,0.009703531244579034,0.006881434330300241,0.007578729899379466
2024-11-29,0.004880761383627319,-0.0011719171211070911,0.0021088532406138283,0.0072378534974532616
2024-12-02,0.0016445439662580615,-0.00581445413559185,-0.008595803631330034,-0.003567462395617252
2024-12-03,0.002134151432573739,-0.002937545006165676,0.0008333633970232686,-9.765292896803568e-05
2024-12-04,-0.0008940345467395531,-0.012109253721263036,-0.0053231756198856015,-0.006708155177961906
2024-12-05,0.011475346640452133,-0.0027209979953774386,-0.009174299287508434,0.0054324242760462145
2024-12-06,0.0004857921637581031,-0.001306976954005101,-0.0003001015588034229,-0.0002808104211392175
2024-12-09,0.0001668961476321675,-0.0027799694887626902,0.004291534358600302,-0.0005943758769674234
2024-12-10,0.002603897568327618,-0.00010884058798663662,-0.0019154380273832088,0.00288326253009676
2024-12-11,0.005142008892471295,-0.0041000515222481045,-0.001252994911641636,0.0022158263465093344
2024-12-12,-0.003519778859073841,-0.008131755422670351,-0.0031014266814190614,-0.001566588953801721
2024-12-13,-0.0026211150810592884,0.004689717950864902,0.005799044256954322,-0.0002892679773634499
2024-12-16,0.003747332594677433,-0.0007246551424877176,-0.0015944526531800566,0.0034499499764345056
2024-12-17,-0.00830309267012954,-0.014604807098049255,-0.009367625829937953,-0.01023087410959134
2024-12-18,-0.0034564191247875575,0.0013054327354783623,0.0014306073616946024,-0.0033077861719373693
2024-12-19,0.008992488441228996,-0.006332059036555848,-0.0051720929947769445,0.00282988531064457
2024-12-20,-0.013369682090895616,0.00542035023651053,0.0011627726936543903,-0.00337377386755534
2024-12-23,0.002714635317051228,-0.0006320659253945538,-0.0023209298186779746,0.0018051355704429323
2024-12-24,-0.005838637383018819,-0.007682290802527092,-0.0031535148569430847,-0.004669971962965485
2024-12-26,0.009425194372005041,0.005430967243312224,-0.002804254816798935,0.008485887265600216
2024-12-27,-0.012061180804436477,0.006253633979025407,0.0013412434673421673,-0.008270658319606309
2024-12-30,0.0008172901335332886,-0.003811575052343885,0.002321713600869124,0.00017060047368640252
2025-01-06,-0.0028234363261329994,0.00361365270675036,0.00767014347702033,0.00526609494830988
2025-01-07,0.012677392659716324,0.003907781022374079,0.01556964296600154,0.01730122889921263
2025-01-08,0.0067238121272436,-0.001115266639855883,0.00856067885904923,0.008248857603216676
2025-01-10,-0.005778598289608805,0.0041507477658238034,0.0028758982429271324,-0.015210771237145593
2025-01-14,-0.001822943214986372,-0.00025838097046659847,0.0009756094331641485,0.004127769793989056
2025-01-15,0.010596224360793372,-0.0011240656659689428,-0.002554962011045837,0.005228916372893071
2025-01-16,0.0012965359747751702,0.009548221085785102,0.0010840550507800863,0.004892239166812073
2025-01-17,-0.004342007374548285,-0.003735172165837031,-0.000759489975020311,-0.004662186750721498
2025-01-21,-0.008149967038775774,0.00042707149420018187,-0.0018646737571029301,-0.003958967978307663
2025-01-22,0.004433755883180579,-0.01180742853218053,0.0006453328269437895,0.02012231573487555
2025-01-23,0.006429082718807443,0.0027449619869148734,0.006672629861736334,0.004754326890145274
2025-01-24,0.001042544454482175,0.004576129137106077,-0.0013830082323631476,0.0025511551135563395
2025-01-27,-0.017195225771165945,0.019703590849430276,0.0073011185728986796,-0.012961741302569534
2025-01-28,0.0015988340823986703,0.0008363419752031032,0.0029831419300164973,0.0015622695269614049
2025-01-29,0.0037874881205264277,0.001961580417378328,-0.00026794420721778513,0.005940930231217515
2025-01-30,0.0007651944112895268,0.005257252140491464,0.006900757059127494,0.010184289899409773
2025-01-31,0.004845832076545831,-0.007972401091362102,-0.010720150924011773,-0.01201346117845999
2025-02-03,0.0066985086146674755,-0.005246160231911867,0.00267478553893834,-0.0008094080674720117
2025-02-04,0.0032682046256617527,-0.012693982855480911,0.00023085371733895348,0.0036049459624348714
2025-02-05,0.008477783095252956,0.002061912091636753,-0.0016535069164592018,0.010365771882444523
2025-02-06,-0.005271824238895229,0.00229262006421449,0.00048110674080730203,0.0003657696693442512
2025-02-07,4.9106046371827534e-05,0.0029290599366120105,-0.0018833714258319036,-0.004375662613306952
2025-02-10,-0.007869229995484518,-0.00583716476269811,0.00366132216046986,-0.006779026357706039
2025-02-12,0.010207774892803867,0.007941295394716885,0.014337466904952767,0.0100038289102387
2025-02-13,-0.00864400893464794,0.004890767976798194,0.0025996014901229717,0.0002046284590728753
2025-02-14,0.009381917157797126,0.0020494986418210905,0.01100887405212685,0.010533185102076242
2025-02-18,-0.0005106556072520083,-0.006955625835270119,-0.004228105548374228,-0.0008812113121398958
2025-02-19,0.008770835286078027,0.0005095995637871336,0.007689636527456578,0.008885065939128587
2025-02-20,-0.0035403793733302046,0.004880924345196602,0.008418396094287118,0.0012993114073483842
2025-02-21,-0.004335958277065432,-0.0022150151629045877,-0.002488177295514271,-0.008884066121268927
2025-02-25,-0.016823304869310142,-0.0014799995156414836,0.005468535268697106,-0.007370234513143892
2025-02-26,-0.001308785782127675,0.006765838230408461,0.0143332086099738,0.012106044452431224
2025-02-27,0.0002887923958053264,0.0025577464123223807,0.009215018611151994,0.013154652502038778
2025-02-28,-0.005645227792872799,0.0054671771957262244,-0.003765607488760181,-0.005002450561057137
2025-03-03,-0.0037124800980399717,-0.008225699822778631,0.0038587010288668507,0.0025638934504137456
2025-03-04,0.004695946347406221,0.004533593737366926,0.0051731683571971,0.009312140242487915
2025-03-05,-0.0008301621016001196,0.008567277642012393,-0.0017626213472172296,0.0025370154428547183
2025-03-06,-0.004692489770752317,-0.008245609164635348,0.008247386156009817,0.004083200559240297
2025-03-07,-0.00022748558171024067,-0.003029560248123198,0.008896308894611548,4.265433545187856e-05
2025-03-10,0.00010650513334731215,0.003266659246568926,0.001916202988054083,-0.0002407895882086046
2025-03-11,-0.00438189720651343,0.003303701537295334,-0.00026164061319406957,0.0055535906455767186
2025-03-12,0.0008214114599272241,0.0021910551625751173,0.0009066958619393453,0.007022029091359997
2025-03-13,0.006170090677992169,-0.004622026744009866,-0.004084714391477662,0.0013475532997737627
2025-03-14,0.0031520695775251184,-0.0022242993838453625,0.008419265985906987,0.007439699726207083
2025-03-17,0.0021679578053327873,-0.002010775038570234,0.004668203458793019,0.0038316442473940336
2025-03-18,0.01001656546844465,-0.005620466740521568,0.009343436363663905,0.014090308234574401
2025-03-19,0.005994930260801645,-0.00965045931330335,-0.0020499303741910993,5.055887323827078e-05
2025-03-21,0.0059543889282860805,0.009979494335090155,0.0006135843991167626,0.007097337438891138
2025-03-24,0.0013481596964378226,-0.005052249099719064,0.0008287016837593471,0.007024416479487501
2025-03-25,0.0010382639740035503,0.006297238916546965,-0.0013855136597177298,0.002254279090042277
2025-03-26,-0.004694757904037639,-0.003372010175222484,-0.0017624118835648512,-0.005449313410459474
2025-03-27,-0.0033241207245881424,0.006000079529096447,0.0019069220270920397,0.0031934842044375094
2025-03-28,-0.011504827607493117,0.00936663751158151,0.00870553903964788,4.202215495248841e-05
2025-03-31,-0.007820673874045368,0.0037900601263416434,0.012488967112516102,0.00047154345370013263
2025-04-01,-0.006221032655803626,0.010675842242132427,0.009598859648188896,0.0013666894364994294
2025-04-02,-0.006092733707633767,0.0045855745843975445,0.009228027721334554,0.005025411664360768
2025-04-03,-0.010697374763994748,-0.0006284141504380621,-0.014673482352576993,-0.015598315666497189
2025-04-04,0.0009374979460820883,0.02284161410482841,0.031514892237281614,0.012845101543685806
2025-04-07,-0.008591333377349675,0.005514092683940253,0.016164804315381986,-0.012022374444515104
2025-04-08,0.0027726439624578877,0.003427046376042098,0.012997878085603575,0.01880874802891097
2025-04-09,0.015769300396597963,0.010237176949541162,-0.010371620411160111,0.00463772420505692
2025-04-10,0.03521160729849378,-0.03023052764657428,-0.030714761446488503,0.051098575265166424
2025-04-11,0.017289925128841355,-0.01245913703703123,0.00915242223820456,0.001918626908593235
2025-04-14,0.0003919969636347664,-0.0009399173592966382,-0.009146990972461189,-0.005022082923575755
2025-04-15,-0.00563508021263841,-0.006977105039810993,-0.0011011584724279766,-0.009476325432160699
2025-04-16,0.01173833174576353,-0.014490683600824016,-0.018439918763530926,0.0019825797688776126
2025-04-17,-0.008274758364518832,0.004251230789574277,0.014895245091539987,0.008588833132214146
2025-04-21,0.008957900310363011,0.004067753316706635,0.0034178346250788964,0.009237535494172177
2025-04-22,0.006490303525783614,0.0022579780157760956,-0.0010618937424281558,0.007841636455636772
2025-04-23,-0.0010466788757191427,-0.0033594238709999447,-0.0006085477075206788,0.0023315125245341574
2025-04-24,-0.016712178478658954,0.013135057462854706,0.013859720953106967,-0.0013519072663605112
2025-04-25,-0.002245375907896907,0.00017878001488540445,0.0008849644829746371,-0.0008993657940285318
2025-04-28,0.001912215293069175,0.0005276891930729999,0.0033833679449722263,0.0021982916104589904
2025-04-30,0.001730541814257358,-0.0007766694940803728,-0.00013559850429596372,0.0038615278591721354
2025-05-01,-0.005906421134260253,0.0018160265323945656,0.0123328231100025,0.0030130731552991505
2025-05-02,-0.0004363734866423387,-0.008664963819047734,-0.012193501465956281,-0.02745716448278992
2025-05-07,-0.0020852534059231597,0.0020280794053864517,0.008117777513715296,0.013262548649980832
2025-05-08,-0.0045831559206921165,-0.004935077293724577,-0.004835916583756949,-0.002396590681642952
2025-05-09,-0.0024583795275847416,0.007211721281729444,0.01180635002095809,0.012319147009639505
2025-05-12,-0.002422672423640626,0.01582361474538956,0.008736251288231167,0.019438828648646173
2025-05-13,0.00218692831877354,-0.004978973965195865,0.001832062942352941,-0.0067935738384557465
2025-05-14,-0.0035293784625990646,0.008913997727818625,-0.0001482770749762219,0.0007749847518045971
2025-05-15,0.002971755701046042,-0.020650454810307604,-0.01118029395202045,-0.013938521860801684
2025-05-16,-0.00014760061437359964,0.0023206962493235173,0.004032114730262592,0.002810774819416073
2025-05-19,0.001291916818139094,0.004115763974811415,0.010505714974973813,0.007006294895338322
2025-05-20,-0.00814981898457492,-0.017465804544121145,-0.013862662265944771,-0.01466790524735146
2025-05-21,0.0022759448105250882,0.0033144710151246978,0.0025280559948446914,0.002498661900337229
2025-05-22,0.001533168613629288,0.009130428431191162,-0.0003270842628761983,0.004059891357871525
2025-05-23,0.0001307449395953949,0.004197504196588841,-0.0005433056826161575,0.003852327548847826
2025-05-27,-0.002653129715476088,-0.010267845997501301,-0.006987277570487048,-0.00883237762014455
2025-05-28,0.0022313934502557137,-0.003155703803483201,0.0006544662573491509,0.0016924758608846307
2025-05-29,-0.007134368108661504,0.004623381215152933,0.005864032858082635,-0.005798564273475243
2025-05-30,0.0027364259381149406,-0.007272283253304734,-0.0018137780330967903,-0.0034637723422177354
2025-06-02,0.0035473736951364024,0.0014427330938733497,0.0025589025053297963,0.0063673134970893275
2025-06-03,-0.001914398614175594,0.004200802544649207,0.007122691131215641,0.003088028786047507
2025-06-04,-0.0009203269980704308,-0.0017664516936051423,-0.0007020683566753894,-0.001477334378744986
2025-06-05,-0.0003263766442106464,-0.0025592066313704807,-0.0004001669658909796,-0.003517355182334808
2025-06-06,0.002574311274320484,-0.002150276626235126,0.0031134856398774336,0.001544446136479105
2025-06-09,-0.0019696236280768884,-0.0007034060938569729,-0.001702936332035665,-0.0015246409864287471
2025-06-10,-0.002386363812668946,-0.007872409357326004,-0.0054152549923737634,-0.01127633431723143
2025-06-11,-0.0054520865632324165,0.0034742406793924815,-0.0029957066207087824,-0.00423173952092114
2025-06-12,0.0012006594431771768,0.0008525445898984075,0.0028488276348341167,0.002869671750613593
2025-06-13,-0.0025694342196798336,0.010954295138522242,0.005391845274224138,0.0033715177221053105
2025-06-16,0.008530164367651083,-0.0032713602421942547,-0.005373517483144274,0.0017251523304074202
2025-06-17,-0.001151788840706236,0.00039234154848604157,0.0011492414243371438,-0.006276693080768336
2025-06-18,0.0001894157749582799,-0.004658634873107069,0.001526652602350919,0.001343198192637762
2025-06-20,0.0036273263994039736,0.00048356680395866846,-0.00020018894752695795,0.001551462388730377
2025-06-23,0.007887593658226754,0.002965144104102513,0.008310899672889427,0.008554119239799313
2025-06-24,-0.0026561246420845116,-0.00013721108354336486,0.0007969032230294324,-0.002872973041635647
2025-06-25,0.005093409049353603,-0.0002568038004730601,-0.0032075838870957224,0.0011647228174343771
2025-06-26,0.004640245733609527,0.0019635938499661604,-0.000566645133469601,0.0036738902892750717
2025-06-27,-0.006467358904039355,0.006475182203336427,0.00577477300630469,0.003439707287509789
2025-06-30,-0.007044301891281646,0.010955839996283356,0.015961199988809405,0.004758403802897965
2025-07-01,-0.00897317250648444,0.004530469473589527,-0.001083145635203797,-0.005666457040765955
2025-07-02,0.005151160741159644,0.0007411926546828209,0.0006037589089996631,0.006168918583944499
2025-07-03,-0.004115002856230077,0.007008443711597034,0.007703429199615153,0.0036380838348805344
2025-07-07,0.010937263853440737,-0.01105632226857931,-0.005136568782913043,0.002017967274669314
2025-07-08,0.007771998973304828,-0.014465225445156582,-0.009518226124326023,-0.008204932701079082
2025-07-09,-0.010554976300507345,-0.007478152809620853,0.002692584277034893,-0.007894405555585021
2025-07-10,0.005960208400842437,0.0038802497798052565,-0.004005167766004547,-0.0017810026825642034
2025-07-11,0.0020893653145268145,-0.01176204218120238,-0.004524005769790751,-0.009908421945373058
2025-07-14,-0.003572122286417589,-8.928095035143357e-05,0.004352109309208729,0.008568962470053601
2025-07-15,0.00944570984278914,-0.012533923837996851,-0.001332403834317119,-0.0010702208913470996
2025-07-16,-0.0001731404245053803,-0.004128442315048452,-0.003535333946958219,-0.002225964176444968
2025-07-17,0.0005537516863356462,-0.0013117129060838725,0.00048410527406455,0.0045031935374485466
2025-07-18,-0.0006519336981693387,0.0003395752871000919,-0.0005033484669209947,-0.002616999837523908
2025-07-22,0.0070058304133327805,-0.004191027843025075,-0.008092560652369473,
2025-07-23,-0.007203891414968043,-0.00854893167888058,0.0016644341140613864,-0.018690274917303462
2025-07-24,0.008971755851669715,0.0024677973427065904,0.0050300713038285766,0.004867934516948367
2025-07-25,-0.006480722729842392,0.002432048662695152,-0.003743645686121244,-0.005615894338454017
2025-07-28,-0.008901695444424252,0.0033546768456548027,0.007577886511202792,-0.010049981720382148
2025-07-29,-0.0011466423803275336,0.00027658214124806103,-0.001989719179527349,-0.0018267386798126472
2025-07-30,0.0003514827595821005,0.0026638565378046984,0.0025515469638758056,-0.0020591110307263683
2025-07-31,0.010938817659137623,-0.0018988233850018464,-0.004614444625147862,0.0023680961618606777
2025-08-01,-0.005514472615931055,-0.009784447834467414,-0.011812099298930857,-0.010791827479348884
2025-08-04,0.005158043037656724,-0.0008780646629931608,-0.005255098124888269,-0.0020522606135879497
2025-08-05,0.0037785874035182855,-0.0025384829045310697,-0.0009039618390900058,0.0060382138176156746
2025-08-06,0.0023897466231780125,-0.002324756479917412,0.002664381403999938,0.00478658389991813
2025-08-07,0.012908093069594529,0.0014189625161169506,0.0009197547044851985,0.008690333630102706
2025-08-08,-0.0036475065964757906,0.010169223048901487,-0.003993649202637562,-0.006257132161133586
2025-08-12,-0.002240740582134904,0.005323554559650656,0.0033854099931524663,0.0009668136350761323
2025-08-13,0.004768378687133667,-0.0016444011935460745,-0.0038613591064565744,0.0002760988036486444
2025-08-14,0.001990422384530399,-0.009389675566966104,-0.004225703635774524,0.010261635067938063
2025-08-15,0.013887589013456703,0.014212221341731814,0.008714578305912468,0.013678266837443323
2025-08-18,-0.012755062089475877,-0.010643629881776051,-0.00042717040030144644,-0.008563771312488663
2025-08-19,-0.01198773545048335,-0.010916945426137348,-0.012973238519991081,-0.018084907560112655
2025-08-20,0.0008030442208145196,0.004112868889183807,0.0026017030316455077,-0.0017351092599132791
2025-08-21,0.00825909315982314,-0.0011969863365141943,-0.005715442054202646,0.002172316579659226
2025-08-22,-0.001977373600756316,-0.0026101623931905184,-0.0013346425117827243,6.866607251716089e-05
2025-08-25,-0.00297116740803398,0.009266617580257574,0.006323161855302417,0.002590210523308806
2025-08-26,-0.004341221528935456,0.003122382051074158,0.0034031758385489877,0.0004937448227333736
2025-08-27,0.004140533894217357,-0.008645333481683148,-0.007038299144491433,-0.003824176514510084
2025-08-28,0.00815691991790477,0.0006321125330964062,0.007609119632199702,0.008360266092188828
2025-08-29,0.0061501073439405255,0.002555008266510361,0.0060298498498735364,0.0065275467345107105
2025-09-02,0.01039423375008457,0.007555873325471562,-0.0014410018545364832,0.006758188297982322
2025-09-03,-0.00830765903415025,0.0002836522730012229,0.0010486714805120877,-0.003721240127392684
2025-09-04,-0.0015475618343033797,-0.0024023354989727297,0.0005645448688071037,0.004033796387062016
2025-09-05,-0.008468022807089182,0.003640092726460753,-0.003526946603420411,-0.006219914631347462
2025-09-08,0.0019783974114339076,0.003021431205945535,4.538815596817321e-05,0.00719865461659594
2025-09-09,-0.0026959106724503638,-0.008722480735883264,-0.0076116390517942945,-0.0053236342722194855
2025-09-10,0.0024838330844046074,0.00030067217252314257,-0.006929840014277877,0.001390065094004206
2025-09-11,-0.0008047328588598025,0.008134274526717111,0.005407584478103411,0.0006018934782149265
2025-09-12,-0.0008835415029320834,0.005580295610763453,-0.0016615897478574615,0.004223700821627041
2025-09-16,0.007455661822049952,0.004928645271165455,-0.0066077770618631956,-0.0009434039168001637
2025-09-17,-0.008933439597906956,-0.001307569791070739,0.0038594139145144975,-0.007841037401010184
2025-09-18,-0.010564016568589097,-0.008159419261180512,-0.006609028096638769,-0.013819638349778054
2025-09-19,0.012718031018634668,-0.010483253694676998,-0.0010943165359673882,0.002402912035467504
2025-09-22,0.007397125244198888,0.008751402505473304,-0.014674600926472457,-0.011978107069156807
2025-09-24,0.00025426078257906326,0.007012066972065179,0.0015895426964396718,2.283258643299979e-06
2025-09-25,0.007697692688317548,-0.0027507597743222866,-0.007019491107561793,1.8117498086593132e-05
2025-09-26,-0.002845838614548635,-0.01002588872932495,-0.003679402185882807,-0.0030489316086623696
2025-09-29,0.007903802804381653,-0.008489178271236963,-0.00453075882276952,-0.0040089679930831405
2025-09-30,-0.007544636335218334,-0.0022012403650073283,0.0013978919729865863,-0.012265962087579279
2025-10-01,-0.001872617724411496,0.001769827732123818,0.0041882234038560714,0.0032985708525978177
2025-10-02,0.008362423028509647,-0.020794684464375,-0.019245138022996808,-0.01128712300438526
2025-10-03,-0.0004390317551553613,-0.0015731597092149205,-0.004059296502754273,-0.0012400512810091966
2025-10-06,-0.009477534879431815,0.010201556637256214,0.002648061096759369,0.006113224930939955
2025-10-07,-0.002766264201477164,-0.005990791626530401,-0.0128642855650565,-0.005824377300194637
2025-10-08,0.00399305500866789,-0.00914232972662048,-0.009643557450281203,-0.015533273433146217
2025-10-09,0.00642388458936205,0.003655655354008425,0.003980072484432817,0.0014791567983415805
2025-10-10,-0.013830197654526888,0.005406204599897178,0.012350550373264534,-0.011112477995684452
2025-10-14,-0.004411981862609804,0.009588196771049228,0.014195965629327989,0.008938406232811613
2025-10-15,0.010766652848403235,0.0037298466301268537,0.007476087644154794,0.012851144454982213
2025-10-16,-0.003391969097672698,0.008228265339361895,0.0092062150627376,0.009335998479242122
2025-10-17,-0.004920472291594292,-0.005693188840446695,0.005862932981197178,-0.0007304972905293194
2025-10-20,0.006673874266089319,-0.012725037023020969,-0.012126177722233589,-0.011833034584759058
2025-10-21,-0.008289314688721072,0.0004162236349845704,-0.003653595771998086,-0.006495196443134966
2025-10-22,-0.000590604956878149,-0.0012135970502395567,-0.00742594434529118,-0.002781681049642137
2025-10-23,0.0048618774801263195,0.005859753565124115,0.0032668997068875157,0.008420691901436284
2025-10-27,0.0036139146315625984,0.014894062625202986,0.009038832101062334,0.00679144124814826
2025-10-28,-0.014967854081682575,-0.0068079160377581445,-0.008778560788791624,-0.015701791570064294
2025-10-29,0.015323419399666482,0.014485165251929954,0.014651611491784799,0.010889362975314268
2025-10-30,0.01784934236937972,0.009261364369019299,0.014138268704145031,0.014545117955168838
2025-10-31,-0.004383615176502608,0.015005885129671515,0.012245887162904511,0.0031417300096676184
2025-11-04,-0.0007688266241514307,-0.002781515195375928,0.004399281885429662,0.007579287959209006
2025-11-05,0.0011264129418324222,0.023861688238466995,0.010355531285943242,0.02158776281286509
2025-11-06,0.007263449195226079,-0.00873418550939573,0.011327539212599703,0.013400983584679907
2025-11-07,0.0007894578791729278,0.005208220455771495,-0.0077441596162660005,-0.007079003873133061
2025-11-10,0.006554834763340511,0.0048299063413124845,-0.0021797485716456674,0.004826446429780251
2025-11-11,-0.003711033297053734,-0.013736634785855495,-0.014162267902383797,-0.009742235650424065
2025-11-12,0.004413359836913888,-0.01066530057917876,-0.011111755773863318,-0.005942146449084473
2025-11-13,0.013740580332529874,-0.00683408270328354,-0.0034022983537070227,0.010685571987026882
2025-11-14,0.011223168684859286,-0.0017965413495537388,-0.009311388684816825,-0.0003862557413579678
2025-11-17,0.01265618606537915,-0.0001614520992785362,-0.0007085426345717848,0.004639549787112951
2025-11-18,-0.02189546489693466,-0.008901837819293011,0.024979710079562567,0.0025935856913613005
2025-11-19,0.005454694391107972,0.009705944666124821,0.007225276603281294,0.01931707376612831
2025-11-20,0.002658336134145212,0.010057618790908163,0.001442142680444558,0.0017519266092141713
2025-11-21,-0.025211293401177268,0.02362964605189384,0.020615019772076335,0.0003259481656097858
2025-11-25,0.004078590054929675,0.002121999192148172,0.0038664576139547883,0.00922050349094706
2025-11-26,0.005826413097568352,-0.004517787342855016,-0.001950435772508018,0.002643511411202582
2025-11-28,0.002017804453393946,-0.0012844665774622843,-0.0025436752229533784,-0.002381694893020791
2025-12-01,-0.015190379925772279,-0.001864085629500311,-0.008594143301324996,-0.016823865142412808
2025-12-02,0.0028801546990986806,0.006212163092420452,0.0041729168089894575,0.0038985110671518773
2025-12-03,-0.00026021140910017495,0.009765934771756624,0.006953069574195214,0.005654049517299506
2025-12-04,0.0005793610754310837,-0.006573357326256569,0.012534694687481541,0.007134439772416694
2025-12-05,0.006503907854924473,0.011764131497063946,0.01023945817458043,0.008457527415869229
2025-12-08,-0.001571085406028439,-0.0027894769055104357,0.0017787743903995067,0.002449871204758639
2025-12-09,0.0022392413481860498,0.005472619236438869,0.001280751133391278,0.0009486609883992493
2025-12-10,-0.006724346149863503,0.0013315140142047932,-0.0051396687113993925,-0.005121341757518446
2025-12-11,-0.008137778932042504,-0.002691259143107482,0.003947230293515758,-0.003534144455119185
2025-12-12,0.003824293739900563,0.0030631961454566266,-0.004172022944678799,-0.013545587797012593
2025-12-15,-0.007621429200171925,0.016469145507951,0.010525459681762795,0.001609428632448802
2025-12-16,-0.011365635603261738,0.006724739444924289,0.012258211849972313,-0.0035071278095561813
2025-12-17,0.004557932255649843,0.003408569482514512,-0.004877620870539645,0.012374566466048342
2025-12-18,-0.009453715153962917,0.009380470579980527,0.005221915636351193,-0.0119644028067869
2025-12-19,0.003571008489421157,0.0011410998236490938,-0.00039827423241343106,0.005654312738739157
2025-12-22,0.010223970043402541,0.018214521707472488,0.017628556614574097,0.018674201628202
2025-12-23,-0.005932557945832362,-0.006777636972279799,-0.008427808281704151,-0.011029042914262677
2025-12-24,0.0004868986434487521,0.001305114565209431,-0.001002986464181732,0.0022425316746885566
2025-12-26,-0.002582231915258304,0.005243966613691864,0.0051198046444630215,0.0015489343126545616
2025-12-29,0.0002730240212634573,-0.0032628340347572228,0.003926402983833554,0.0011587473625701895
2025-12-30,0.005695628784164808,-0.004856636257115387,-0.0051490661509286054,-0.001010406540258561
