,Alpha Only (≥2),"Alpha+PCA (≥2,top30%)","Alpha+PCA (≥2,top50%)",Alpha Only (≥3),JP Equal-Weight B&H
2015-01-08,0.0,,,0.0,0.011929771027470497
2015-01-09,0.0,,,0.0,0.00030130876780888523
2015-01-13,0.0,,,0.0,-0.00602774472082053
2015-01-14,0.0,,,0.0,-0.01571466723309206
2015-01-15,0.0,,,0.0,0.010107422392639577
2015-01-16,0.0,,,0.0,-0.007848196724435185
2015-01-19,0.0,,,0.0,0.006193227876729444
2015-01-20,0.0,,,0.0,0.01981960764684603
2015-01-21,0.0,,,0.0,-0.005179263519242622
2015-01-22,0.0,,,0.0,0.00330762862805993
2015-01-23,0.0,,,0.0,0.011803134961741594
2015-01-26,0.0,,,0.0,-0.004464337007445196
2015-01-27,0.0,,,0.0,0.01633295141618873
2015-01-28,0.0,,,0.0,0.0002825034017053905
2015-01-29,0.0,,,0.0,-0.01005675853363296
2015-01-30,0.0,,,0.0,0.0005582380554426653
2015-02-02,0.0,,,0.0,-0.005335618370368394
2015-02-03,0.0,,,0.0,-0.0069320288718816405
2015-02-04,0.0,,,0.0,0.02178863216921785
2015-02-05,0.0,,,0.0,-0.002133359527400277
2015-02-06,0.0,,,0.0,0.006463284413979371
2015-02-09,0.0,,,0.0,0.004562654783696119
2015-02-10,0.0,,,0.0,0.000257614730399908
2015-02-12,0.0,,,0.0,0.013079514140119552
2015-02-13,0.0,,,0.0,0.003387379319906723
2015-02-16,0.0,,,0.0,0.007881973845086297
2015-02-17,0.0,,,0.0,0.0012033422613337993
2015-02-18,0.0,,,0.0,0.009649462593495953
2015-02-19,0.0,,,0.0,0.005939404357991991
2015-02-20,0.0,,,0.0,0.00046803571364194355
2015-02-23,0.0,,,0.0,0.0007183485165363261
2015-02-24,0.0,,,0.0,0.005174479734929926
2015-02-25,0.0,,,0.0,-0.0006781241142590575
2015-02-26,0.0,,,0.0,0.009677659055233859
2015-02-27,0.0,,,0.0,0.0006749098670920553
2015-03-02,0.0,,,0.0,-0.0008271771151778534
2015-03-03,0.0,,,0.0,0.001474209852889135
2015-03-04,0.0,,,0.0,-0.007079837034564702
2015-03-05,0.0,,,0.0,0.00529430853842623
2015-03-06,0.0,,,0.0,0.010209040854549255
2015-03-09,0.0,,,0.0,-0.008703675192056882
2015-03-10,0.0,,,0.0,-0.006662639697158562
2015-03-11,0.0,,,0.0,-0.0004116448031600599
2015-03-12,0.0,,,0.0,0.01188719998475643
2015-03-13,0.0,,,0.0,0.010188305025613017
2015-03-16,0.0,,,0.0,-0.005357011339480707
2015-03-17,0.0,,,0.0,0.007194138992425668
2015-03-18,0.0,,,0.0,0.004437642439311215
2015-03-19,0.0,,,0.0,-0.00447405073509199
2015-03-20,0.0,,,0.0,0.0028699244141232247
2015-03-23,0.0,,,0.0,0.006790340685881815
2015-03-24,0.0,,,0.0,2.244316222687081e-05
2015-03-25,0.0,,,0.0,0.0031921035951336576
2015-03-26,0.0,,,0.0,-0.009781484467730974
2015-03-27,0.0,,,0.0,-2.866562550557832e-05
2015-03-30,0.0,,,0.0,0.00018510339390049083
2015-03-31,0.0,,,0.0,-0.011732811436292687
2015-04-01,0.0,,,0.0,-0.006606539695908735
2015-04-02,0.0,,,0.0,0.014388182669716325
2015-04-03,0.0,,,0.0,0.005031441577504137
2015-04-06,0.0,0.0,0.0,0.0,-0.00227300270397829
2015-04-07,0.0,0.0,0.0,0.0,0.01547111080930869
2015-04-08,0.0,0.0,0.0,0.0,0.008303100907768826
2015-04-09,0.0,0.0,0.0,0.0,0.005688223760863916
2015-04-10,0.0,0.0,0.0,0.0,-0.002004261607866935
2015-04-13,0.0,0.0,0.0,0.0,-3.765920655276652e-05
2015-04-14,0.0,0.0,0.0,0.0,0.0029841053224604454
2015-04-15,0.0,0.0,0.0,0.0,0.0016409887276677617
2015-04-16,0.0,0.0,0.0,0.0,0.008407934069804718
2015-04-17,0.0,0.0,0.0,0.0,-0.001051660068207789
2015-04-20,0.0,0.0,0.0,0.0,-0.0030184248427827924
2015-04-21,0.0,0.0,0.0,0.0,0.015587344233992773
2015-04-22,0.0,0.0,0.0,0.0,0.008334963013643636
2015-04-23,0.0,0.0,0.0,0.0,0.002541265435202983
2015-04-24,0.0,0.0,0.0,0.0,-0.0032781105471075037
2015-04-27,0.0,0.0,0.0,0.0,0.0003087610144994599
2015-04-28,0.0,0.0,0.0,0.0,0.007800186066841327
2015-04-30,0.0,0.0,0.0,0.0,-0.020743482114611404
2015-05-01,0.0,0.0,0.0,0.0,-0.0010105085806440637
2015-05-07,0.0,0.0,0.0,0.0,-0.0013486569201463354
2015-05-08,0.0,0.0,0.0,0.0,0.006145848697523655
2015-05-11,0.0,0.0,0.0,0.0,0.01113053558323985
2015-05-12,0.0,0.0,0.0,0.0,0.0033916218683465
2015-05-13,0.0,0.0,0.0,0.0,0.004684420323585497
2015-05-14,0.0,0.0,0.0,0.0,-0.009443617266606509
2015-05-15,0.0,0.0,0.0,0.0,0.00854583446353773
2015-05-18,0.0,0.0,0.0,0.0,0.017370554511470373
2015-05-19,0.0,0.0,0.0,0.0,0.0030811287824050976
2015-05-20,0.0,0.0,0.0,0.0,0.006065479657965867
2015-05-21,0.0,0.0,0.0,0.0,0.004137054321694703
2015-05-22,0.0,0.0,0.0,0.0,0.0033059219897054845
2015-05-25,0.0,0.0,0.0,0.0,0.010527325825678844
2015-05-26,0.0,0.0,0.0,0.0,0.0017293058053125107
2015-05-27,0.0,0.0,0.0,0.0,0.002271884197011877
2015-05-28,0.0,0.0,0.0,0.0,0.0065671290970991
2015-05-29,0.0,0.0,0.0,0.0,-0.0004864294084147297
2015-06-01,0.0,0.0,0.0,0.0,0.0028989041433072904
2015-06-02,0.0,0.0,0.0,0.0,-0.0026427143046001927
2015-06-03,0.0,0.0,0.0,0.0,-0.0009987695964682219
2015-06-04,0.0,0.0,0.0,0.0,-0.0001201900009506267
2015-06-05,0.0,0.0,0.0,0.0,-0.004075421745563404
2015-06-08,0.0,0.0,0.0,0.0,-0.00026644944859131745
2015-06-09,0.0,0.0,0.0,0.0,-0.014463212855430518
2015-06-10,0.0,0.0,0.0,0.0,-0.0013403067478408462
2015-06-11,0.0,0.0,0.0,0.0,0.014356024684800267
2015-06-12,0.0,0.0,0.0,0.0,-0.0010448058308816276
2015-06-15,0.0,0.0,0.0,0.0,0.0010676946210806642
2015-06-16,0.0,0.0,0.0,0.0,-0.006253637487714101
2015-06-17,0.0,0.0,0.0,0.0,-0.005482261775896478
2015-06-18,0.0,0.0,0.0,0.0,-0.011733990075957258
2015-06-19,0.0,0.0,0.0,0.0,0.004709188532706941
2015-06-22,0.0,0.0,0.0,0.0,0.012869930810054504
2015-06-23,0.0,0.0,0.0,0.0,0.01728915267161122
2015-06-24,0.0,0.0,0.0,0.0,0.0014585760398153995
2015-06-25,0.0,0.0,0.0,0.0,-0.004290900088961909
2015-06-26,0.0,0.0,0.0,0.0,-0.004854877472600477
2015-06-29,0.0,0.0,0.0,0.0,-0.023703844666001752
2015-06-30,0.0,0.0,0.0,0.0,0.00278133766910731
2015-07-01,0.0,0.0,0.0,0.0,0.00046915955889435676
2015-07-02,0.0,0.0,0.0,0.0,0.007173443111296712
2015-07-03,0.0,0.0,0.0,0.0,0.0008207898255347717
2015-07-06,0.0,0.0,0.0,0.0,-0.018165474266190022
2015-07-07,0.0,0.0,0.0,0.0,0.01164509013571535
2015-07-08,0.0,0.0,0.0,0.0,-0.03304359371983768
2015-07-09,0.0,0.0,0.0,0.0,0.0025593353982949736
2015-07-10,0.0,0.0,0.0,0.0,0.004469941299967958
2015-07-13,-0.00015,0.0,-0.00015,0.0,0.019630379421895505
2015-07-14,0.001003394564141184,0.0,0.001003394564141184,0.0,0.015695016748995212
2015-07-15,0.0005235282471787907,0.0,0.0005235282471787907,0.0,0.003796245005149173
2015-07-16,0.0010283505157209299,0.0,0.0010283505157209299,0.0,0.008920079303799575
2015-07-17,-0.0011282034056635769,0.0,-0.000978203405663577,0.0,0.000347740454048343
2015-07-21,-0.0006057767463497999,0.0,-0.0001468398042627702,0.0,0.004180921542857059
2015-07-22,-0.0020711922764880173,0.0,-0.002005352745103716,0.0,-0.009641744866997641
2015-07-23,-0.002949515520618434,0.0,-0.0008185682583690491,0.0,0.004881171465187722
2015-07-24,0.0026465296589426395,0.0,0.004195354709413074,0.0,-0.006215980794208926
2015-07-27,-0.0030650737785601167,0.0,-0.002745877674203481,0.0,-0.009280325304952144
2015-07-28,-0.003862084322503293,0.0,-0.0011402134206909414,0.0,-0.005070641870598038
2015-07-29,0.0021635215882250085,0.0,0.00032952385033957666,0.0,0.0063310628325685
2015-07-30,0.005687880366567153,0.0,0.0008621744159560056,0.0,0.011358240809050768
2015-07-31,0.0015890056706333194,0.0,0.0004877219154332291,0.0,0.009631495694919244
2015-08-03,-0.004392157401535821,0.0,-0.0031067889033138656,0.0,-0.005149634735370421
2015-08-04,-0.004092734772593405,0.0,-0.0017532925002880157,0.0,6.888945083943884e-05
2015-08-05,0.005289389328950394,-0.00015,0.0016591707435113503,0.0,0.005893703580922203
2015-08-06,0.0043276739434769205,0.0007425115500992437,0.0043276739434769205,0.0,0.005092436351932807
2015-08-07,0.0035174652395446758,0.0010188748767984105,0.0035174652395446758,0.0,0.006248695124438434
2015-08-10,-0.0019644183164936897,-0.001266074964718742,-0.0019644183164936897,0.0,0.0024886662928848852
2015-08-11,0.0015525903273009415,0.0018474290067646403,0.0015525903273009415,0.0,0.00026442062964268816
2015-08-12,-0.005085847747042517,-0.0029022869190037702,-0.005085847747042517,0.0,-0.012351112044880538
2015-08-13,4.960706082704182e-05,0.0010549503027107675,4.960706082704188e-05,0.0,0.005670117953377783
2015-08-14,-0.0020746759102786123,-0.0004784722032529949,-0.0020746759102786123,0.0,-0.003418842464481603
2015-08-17,-5.383370187561631e-05,-0.0009615603810285936,-5.383370187561631e-05,0.0,0.00412772982609319
2015-08-18,-0.001499854985838372,-0.0012797707416462478,-0.001499854985838372,0.0,-0.0027418080017778666
2015-08-19,-0.005887050842806893,-0.0018933965453970104,-0.005887050842806894,0.0,-0.014948670863372662
2015-08-20,-0.005536378953163115,-0.003519697978141845,-0.005536378953163116,0.0,-0.014317058374681406
2015-08-21,-0.008869968639613816,-0.0026615326880177633,-0.008719968639613815,0.0,-0.02854729289366161
2015-08-24,-0.03165320585126456,-0.0066086224334699,-0.027573509642262625,0.0,-0.05656695213362271
2015-08-25,-0.015600515824895599,-0.007194465955892233,-0.011395120290907581,0.0,-0.03738541088289165
2015-08-26,0.007564895363970072,-0.005104149443803204,0.00018611328247807198,0.0,0.030372114360905186
2015-08-27,0.00557436546190606,0.0025175393284725366,0.003292182714103371,0.0,0.01537286812238544
2015-08-28,0.048809996084787775,0.040354369844971524,0.048989781345753595,0.0,0.035864116903734
2015-08-31,-0.011791587035977154,-0.00924308974672603,-0.01111333112752716,0.0,-0.011216657095550246
2015-09-01,-0.04493470056747486,-0.03172765160935391,-0.044299100535196985,0.0,-0.038898726576702354
2015-09-02,-0.018976739810937483,-0.020589093078398363,-0.01950672862966497,0.0,-0.010738857743493811
2015-09-03,0.008139129820052821,0.007049360213287177,0.00842663803361644,0.0,0.004861029986184107
2015-09-04,-0.02017622321242861,-0.024838132918773032,-0.02110044123638427,0.0,-0.019832867663995103
2015-09-07,0.0027273714227291686,0.0030754740607004294,0.002570520139990639,0.0,-0.00023331210264092268
2015-09-08,-0.001482932049625979,-0.002208937897878727,-0.0004910832621727537,0.0,-0.019263507709059095
2015-09-09,0.06213556768948093,0.057652347342359266,0.06033156365271111,0.0,0.06877434989840772
2015-09-10,-0.017934536912091698,-0.017407328026842896,-0.018225396809597748,0.0,-0.02033847664895545
2015-09-11,-0.004179208730211423,-0.006506481411260921,-0.006886621003382065,0.0,-6.679221111777103e-05
2015-09-14,-0.017067812385521724,-0.019852161797021935,-0.021757258078641626,0.0,-0.014310175374525932
2015-09-15,-0.00575035049577757,-0.020064536664933685,-0.01892388045731653,0.0,0.00011825541541394464
2015-09-16,0.021478656423080923,0.018126167431088257,0.021796014121112924,0.0,0.006893905204304129
2015-09-17,0.009314152418777349,0.012662461305174028,0.0077678169796005685,0.0,0.013762136555951
2015-09-18,-0.015953374101568385,-0.014901860592370936,-0.014740852934432933,0.0,-0.02119258655721891
2015-09-24,-0.027055341277705033,-0.029757031076924918,-0.029183202214402203,0.0,-0.023147125409320086
2015-09-25,0.0137922845756163,0.01171851342954296,0.011968049210692295,0.0,0.023837445118306475
2015-09-28,-0.010960256753174986,-0.00798617924255174,-0.012202151278903348,0.0,-0.004791284137647504
2015-09-29,-0.07604278863912892,-0.0688772286756307,-0.06970105104625585,0.0,-0.04606234384760507
2015-09-30,0.02358735390080953,0.0140696888194554,0.021561598219418956,0.0,0.025920999480689294
2015-10-01,0.02986512822278733,0.03191341059670861,0.024483561193361075,0.0,0.023948830030058533
2015-10-02,0.004550799130236441,-0.007267793188536629,0.0048298966051736015,0.0,0.0005330761658854714
2015-10-05,0.011629812607349294,0.019549561819414942,0.013529452423961927,0.0,0.015522288647542674
2015-10-06,0.010619893066578505,0.016649396816312282,0.010227399102627866,0.0,0.012574693537693863
2015-10-07,0.027765916721009327,0.02787482833975899,0.02882848647809327,0.0,0.019236452790775502
2015-10-08,-0.0017502132632124514,-0.0007498325194257287,-0.002996969290588517,0.0,-0.0067694547087846745
2015-10-09,0.029268332086518703,0.02792994000224898,0.028913070945906737,0.0,0.023170057702087937
2015-10-13,-0.011856369081788071,-0.014426364641593198,-0.010713525756901491,0.0,-0.008928492439585508
2015-10-14,-0.02432216615317903,-0.02399434649071223,-0.022031754976999687,0.0,-0.02298682410161213
2015-10-15,0.012064021364940938,0.013992648786340404,0.014139327431970175,0.0,0.012006223676520739
2015-10-16,0.01843184649151556,0.013725062867799542,0.01592993277344865,0.0,0.012890323511421919
2015-10-19,-0.011026074531143511,-0.016973811352978926,-0.008640740373155192,0.0,-0.009462290503100983
2015-10-20,-0.0025020930702490504,0.0009653791604063474,-0.00043006410126656834,0.0,0.0007470161212240276
2015-10-21,0.01729801153672525,0.01777214475750675,0.01733555920244679,0.0,0.01792833768594631
2015-10-22,-0.001763896244384415,-0.0037036485624285776,-0.004127162860356014,0.0,-0.005671485981655954
2015-10-23,0.018623465693899968,0.020222451498467492,0.01774956964519692,0.0,0.018964388354065855
2015-10-26,0.005274624661440508,0.00858072696819542,0.006420227961272896,0.0,0.005248941241960667
2015-10-27,-0.01806323091288873,-0.01969148254612835,-0.01680352397450963,0.0,-0.011127909606387036
2015-10-28,0.002743909510071734,0.007501676216220219,0.004408872370531363,0.0,0.004721733526347129
2015-10-29,-0.004426926091757779,0.0009770467690388878,-0.003655122186856264,0.0,-0.002607206789540543
2015-10-30,0.0042174961023023075,0.0025033051023222045,0.0059011616487910975,0.0,0.007979860646773217
2015-11-02,-0.018833945053208005,-0.019587851038868127,-0.016509787528971143,-0.00015,-0.023374156988485436
2015-11-04,0.015392534338652206,0.014262678006288046,0.020836384171412183,0.0008244574819353643,0.010291811594281644
2015-11-05,-0.0034883291464638875,0.004040800298743289,-0.0033356509814067726,0.006830179055356324,0.006649047371694058
2015-11-06,0.002695408707319387,0.006490922775659544,0.0034859312054091414,-0.0009455223180012084,0.007268678953714616
2015-11-09,0.015327562435012885,0.01603133333680517,0.016668224154544168,0.001250005814386187,0.016939936671043127
2015-11-10,0.009761300303790075,-0.004408246604081706,0.009509582118104005,-0.00026937595034102926,-0.0007804942629632795
2015-11-11,-0.006228869934609214,-0.005895547026870731,-0.008507806766897818,0.0007202537255479277,0.0030007804856518362
2015-11-12,-0.00080911060949439,-0.00045501276795028005,-0.001413247588532596,-0.0010055712511966267,0.0002387354757014148
2015-11-13,-0.011089104378960641,-0.011597945307429988,-0.011115778546015212,-4.517020060362326e-05,-0.007134466316538327
2015-11-16,-0.004312202651151198,-0.004986327761581032,-0.0033819269370417068,-0.00024840874731581436,-0.00790394010587572
2015-11-17,0.012622469724523005,0.01255691380968762,0.011542847672205817,0.0007018175222314134,0.010814097922496529
2015-11-18,0.004943828249661325,-0.0002719660902725494,0.003260790494436938,4.499700675003032e-05,-4.7710995958800555e-05
2015-11-19,0.005558907862582847,0.004628821825446404,0.006810776018698358,0.0015578332494450486,0.0072008361942483634
2015-11-20,0.002361879798932947,0.002914624299738111,0.00462878899088413,-0.0004982621846881777,0.000708308585284966
2015-11-24,0.001448453082377085,-0.0008955277526418984,0.0020150258163013275,0.001133969996343055,-0.00025403314361476594
2015-11-25,-0.0031358490540318047,-0.0020560795757265833,-0.0033847139653020086,0.0017684747303830881,-0.0032136685324217
2015-11-26,0.007656080080034818,0.0031405662647071386,0.008429433001960671,2.387579578907236e-05,0.005614747367083981
2015-11-27,-0.0040302686205219785,-0.0026893372566841696,-0.00411869717629981,-0.0027920363228680464,-0.004275066695188823
2015-11-30,-0.012538377083140173,-0.01429905664954009,-0.014600497229588554,-0.006683406230347151,-0.015508808627048695
2015-12-01,0.01503367734203536,0.018048417090673383,0.015085021599469001,0.005411831468591368,0.015171108650274845
2015-12-02,0.0006692014254609494,-0.004016833663019917,0.0002783240241431685,-0.0007305865482347968,-0.00019138504024160125
2015-12-03,0.004365740063070038,0.005253563235955335,0.00420008258349107,-0.00025499318136697636,0.0018909023807854124
2015-12-04,-0.015254024403689365,-0.015237113571038515,-0.015620233311336433,-0.007292752295031506,-0.018533891462879815
2015-12-07,0.006560307800214686,0.006040442097317553,0.007146373161592183,0.0031133241791731743,0.006137118789373586
2015-12-08,-0.014518710090816673,-0.017012090942401508,-0.015177267747585649,-0.005876744110814649,-0.013104487889027244
2015-12-09,-0.003532661892890352,-0.007299742788096393,-0.004215244464577534,-0.0023036319849382234,-0.00916796503974521
2015-12-10,-0.009720473607490804,-0.007948814212711437,-0.00948635346253364,-0.0019967600661611753,-0.006359470916209728
2015-12-11,0.003072555104003389,0.005525354233137087,0.004656063148855981,0.00014547924869875515,0.004139344159719152
2015-12-14,-0.019362502134176642,-0.01789520536128131,-0.01946066628373917,-0.009395681707524445,-0.015888285442478514
2015-12-15,-0.02690193940351145,-0.030626493210799837,-0.018014004029033973,-0.011428595242777298,-0.01742365340057729
2015-12-16,0.03230324906085162,0.030522518787062178,0.03459451756984719,0.026843091043917085,0.030023586541539523
2015-12-17,0.01611807515884763,0.016074687883885032,0.01664339888924007,0.013543584267353474,0.018853817282679423
2015-12-18,-0.02252206953320346,-0.025867292884060242,-0.018365568129127628,-0.02049442392046126,-0.020748210402034395
2015-12-21,0.000413769883914443,-0.0005036463476213765,-0.0003293126667090739,-0.0028097290175379134,-0.00023322179238843507
2015-12-22,0.0008423899158659041,-0.000522242743511965,0.00032748037691559184,0.0025026265654882877,0.0017422231445668784
2015-12-24,-0.0001763457413971318,0.0027867183085982924,-0.0012867679012153195,0.0002730026493460241,-0.0008172454408506765
2015-12-25,0.0,0.0,0.0,-0.00015,0.0
2015-12-28,0.001412501952240312,0.0014056377719941047,0.003686230205956001,0.0022172836149835467,0.0021265992808987924
2015-12-29,0.005119220852131724,0.010633534471930753,0.0073310345697443855,0.006112005959931194,0.007946505126549444
2015-12-30,0.00589898338709462,0.003185965384622047,0.0036330009013557053,0.003936842861648325,0.002638836609401432
2016-01-04,-0.024647259275906087,-0.021369457615024,-0.02311760652934517,-0.024987984798049197,-0.023248741408850113
2016-01-05,-0.007393507287946668,-0.004933709732373548,-0.009445999095356495,-0.004415884254282593,-0.002677924148019514
2016-01-06,-0.009749635731917177,-0.015310016976012678,-0.00997255030436108,-0.012028358237753726,-0.01091487533752077
2016-01-07,-0.02222935219978837,-0.014578141965505323,-0.022810629122972232,-0.029443564069388944,-0.02307374581240331
2016-01-08,-0.00953769474361753,-0.008327564657387081,-0.007680651936514561,-0.007248318751618143,-0.009118362979479256
2016-01-12,-0.024108850063523635,-0.03352341114643099,-0.029576755138591607,-0.059300967394332646,-0.03549703386857923
2016-01-13,0.024028955452255356,0.026730293482180863,0.025440115098859285,0.028464854488375723,0.025027977611986264
2016-01-14,-0.018785067527808386,-0.017697060803839915,-0.0177063151562554,-0.036791654069149506,-0.026440051601901698
2016-01-15,-0.0002863478602500055,-0.0006019739083490572,-0.0007283552917258414,-0.0013537099811624072,-0.0027812167285403396
2016-01-18,-0.009936056789352105,-0.008128843419935451,-0.010147581932554887,-0.01722134791202739,-0.011043345132012935
2016-01-19,-0.006057526437039538,-0.010651338354812826,-0.007082580310335136,-0.0019752374080470375,0.0005092083163965675
2016-01-20,-0.042346387500933856,-0.05684931603739922,-0.03752122370494905,-0.0657532638069835,-0.040676202570932136
2016-01-21,-0.018359119917329855,-0.028723150141804484,-0.01984113789032961,-0.05697609601566188,-0.03119264653040192
2016-01-22,0.056568529912687245,0.05570732814262129,0.05598021577344337,0.045450150571744626,0.059214844786408025
2016-01-25,0.022740094861553057,0.021278030417336717,0.02456683275134837,0.026385929386593465,0.015038986454746191
2016-01-26,-0.026645804803556983,-0.024803081176611678,-0.022192485387211202,-0.02457922383582777,-0.026091761809952454
2016-01-27,0.027460605274952955,0.023871397410676776,0.024705242297856894,0.026631341109139763,0.03104487672243945
2016-01-28,-0.0032627647474704293,-0.003851755876358795,-0.0012236801958492066,0.0025463331943056623,-0.008951169479702845
2016-01-29,0.030844624741132493,0.03452982358371493,0.03500965658105614,0.03257427125811566,0.03806505791422254
2016-02-01,0.010330617154531839,0.020160004644557344,0.010995117318939368,0.023772909341121147,0.02298546635874338
2016-02-02,0.0036588267885995685,0.009669647342425106,0.007622216517112375,0.006525130550241865,-0.009893681211411574
2016-02-03,-0.029595371158368612,-0.0318920844967427,-0.02096061667308134,-0.01849736426010227,-0.029033471229043845
2016-02-04,-0.00965589232869302,-0.010728964998379789,-0.01176917105301954,-0.011798877989531265,-0.0039402460177573075
2016-02-05,-0.00443292817221627,-0.017863844535173243,-0.016353786479034658,-0.008859827092324383,-0.010424754010246354
2016-02-08,0.00960270562591955,0.014043320354593604,0.013951345652901655,0.013427898436683074,0.0051346029093604605
2016-02-09,-0.04945585544008081,-0.051114145466946516,-0.050416767380851796,-0.04524103529475624,-0.05547630991909222
2016-02-10,-0.02914836381346514,-0.03748725848739565,-0.03364850998200628,-0.031258711962138926,-0.03478167554312897
2016-02-12,-0.05553635124819155,-0.08078045780812129,-0.07301719645640173,-0.06184532100760282,-0.0541920769905469
2016-02-15,0.08173644429389618,0.0664160886174334,0.0787977439028904,0.08134564391411736,0.08268231064209239
2016-02-16,0.0014305619663372258,-0.010884359671956322,-0.01207952931378028,-0.005405630118819985,0.00869666679764277
2016-02-17,-0.024615974216448164,-0.013828080531278354,-0.011246491871729552,-0.019036433530468317,-0.01898738005743928
2016-02-18,0.031069215246810524,0.021725891315514365,0.017297958772356858,0.022294995030258093,0.028201012997028842
2016-02-19,-0.009221217316189011,-0.006852037984447385,-0.004695379721442417,-0.0062516237657171715,-0.01697721216296974
2016-02-22,0.007186605002106559,-0.0013018461000455235,0.004315065560500283,0.009559653811558709,0.0030859611299398453
2016-02-23,-0.011754225374711047,-0.01582555133521981,-0.012698792069930317,-0.014047986268064229,-0.003273233426245127
2016-02-24,-0.010264504304867899,-0.009153386529676427,-0.013476305208886891,-0.010797821878814298,-0.006101285837266321
2016-02-25,0.027298402746376876,0.026026913365853256,0.026521192313947235,0.027593402592148587,0.022660007775095324
2016-02-26,0.004995759449819299,0.013640478407028546,0.010780867822444577,0.008536875266053212,0.00361046582056622
2016-02-29,-0.01816158705461436,-0.015196552884940361,-0.01352079318345644,-0.014471259878115067,-0.014903032779110531
2016-03-01,0.009427326605350917,0.0071880684023942045,0.00772164480711533,0.008575988917655614,0.004765651240277949
2016-03-02,0.034571250448489944,0.030834062651370463,0.030425570535578983,0.033000954019002146,0.04039923697074064
2016-03-03,0.002155865547434732,0.007570359290576697,0.004097293685667547,0.00014516655882200122,0.019175548015056453
2016-03-04,0.0015700251846418592,-0.005902194109107017,-0.007078390556351926,-0.004999188739681355,0.0050939760077328726
2016-03-07,-0.01720428938166593,-0.020646644804110575,-0.021871041265668783,-0.01753716913884897,-0.012223669430274333
2016-03-08,-0.006786949120897411,-0.010504791723180052,-0.006347744909506506,-0.007890773170727389,-0.008803782230806861
2016-03-09,-0.012992325912433943,-0.0001181757746288013,-0.0037367600628671078,-0.010180282551492179,-0.012766565456093996
2016-03-10,-0.005578374321630345,-0.007789563206165749,-0.009589520440418293,-0.010017618449015317,0.009218540226868258
2016-03-11,0.004801382382619573,0.005134668330329693,0.0049997171702604315,0.0021676929793327205,0.006195049599621395
2016-03-14,0.006886389078543783,0.007741492308456902,0.004825993149966335,0.005873619970580471,0.016279261125577944
2016-03-15,9.337130714670691e-05,0.0032138831005752606,0.004290439833746389,0.0006287153196190393,-0.006585409151766027
2016-03-16,-0.0003677340416578978,-0.0016307183095933054,-0.0019257703424302793,-0.0027477467788803466,-0.009407243599961644
2016-03-17,0.003885801269241696,0.0010644650875653969,0.0013513950942066824,0.004934086002843488,0.0009196080448005281
2016-03-18,-0.006752291443667234,-0.005626570626455541,-0.004927530051446062,-0.008063372322476269,-0.007470182514077381
2016-03-22,0.017804448615660128,0.020643193812241736,0.02315302268975501,0.017376680734743407,0.016086358652390397
2016-03-23,-0.004963009775707862,-0.0016788345805955525,-0.0027857960735939756,-0.005085787690719691,-0.00313927679538201
2016-03-24,0.0018864024309605053,-0.0002519665466434839,0.002000793160324297,0.0017583678451321646,-0.012356178917014205
2016-03-25,0.0066663559750668715,0.0016597455256034625,0.0054367898676144204,0.0026941678619819805,0.011647387799903843
2016-03-28,0.013408369086778739,0.01582090331154235,0.014544660957101437,0.011521694641152424,0.0112031159855076
2016-03-29,0.0027311872440674203,0.0039840998410938305,0.002579983399193383,0.0014831119935152948,0.007457573993512956
2016-03-30,-0.007353793734110755,-0.009481744262782765,-0.00888436200196188,-0.0061167264787048104,-0.01857558254199743
2016-03-31,-0.01076941168598391,-0.008306293174393367,-0.007372307604576015,-0.011350870336245484,-0.003574840822557731
2016-04-01,-0.03850693244671743,-0.028385254976711398,-0.0301582784886121,-0.030820792930565777,-0.035288773938127634
2016-04-04,0.011813560253553361,0.009752959001683506,0.007347445313470881,0.006338511765055991,0.0018123618589179072
2016-04-05,-0.0241436327701366,-0.024648660113652125,-0.026356136169243566,-0.012265288058225167,-0.02673846335317244
2016-04-06,0.0007231071519629954,-0.002809369809731,-0.0014216692447036332,0.0019983183393449083,0.00018730553665286955
2016-04-07,0.007032949678078736,0.011222787638669431,0.010463266940271707,0.004831124141146243,0.0009825703074054525
2016-04-08,0.0112720352078859,0.014383431461398916,0.009396160185243045,0.004529817317626312,0.009368233633143794
2016-04-11,-0.005514069440453424,-0.0017675299940773518,-0.00607242650966473,-0.0044491112522117284,-0.005076317113538352
2016-04-12,-0.0011633353557974043,-0.0029178498194842974,-0.0013142795420365329,-0.00040561396700848564,0.015485828266074782
2016-04-13,0.020230075318107686,0.022903163581422675,0.0231155759819484,0.020106798316715167,0.028292510491469882
2016-04-14,0.031958709357153926,0.02987975361802271,0.03083566046530028,0.020768194403884055,0.03249623632876732
2016-04-15,-0.001221998520117539,-0.0026716199878196395,-0.0020491272954577156,-0.000713727672495462,-0.005834214587450066
2016-04-18,-0.023356289015191233,-0.02191842288894791,-0.025246024617875683,-0.018885126184013175,-0.03390922593302431
2016-04-19,0.04149335848290733,0.025771046758577484,0.028915401540712607,0.019004046586122914,0.0339212962274357
2016-04-20,0.005744476252056691,0.008422336084825548,0.00793122794942769,0.0024937611431032386,0.00523252693799439
2016-04-21,0.03330776028932901,0.0213450311445701,0.02423510676266638,0.0253237660817048,0.027172179735294143
2016-04-22,0.002770093931722849,0.0022819216451451683,0.00409055914540277,0.0012600731619355594,0.01209757501432013
2016-04-25,-0.009400274595965326,-0.013467375896674239,-0.013205693281596978,-0.007557089337571274,-0.004114644565816487
2016-04-26,0.004467688902732534,0.0036034428021669215,0.00585147030458535,0.003939149453778333,-0.007394983480133592
2016-04-27,-0.0018006337339864882,0.008142689157214812,0.007182664482065674,-0.0016258943409908086,-0.0043519519464922
2016-04-28,-0.018656549651493562,-0.016564260160729212,-0.009078686805146759,-0.008262462816064289,-0.03079821167179399
2016-05-02,-0.0179914346080382,-0.012314564912064962,-0.014186701262118035,-0.011904270057932738,-0.02785725333174049
2016-05-06,0.0032405852638685553,0.0020566068507959284,0.002813810459185313,0.001319170267455249,-0.004689741001920592
2016-05-09,0.006811908301713463,0.0067192923735511275,0.003477493013548603,0.0028854386854889947,0.005196873755704687
2016-05-10,0.015664420478391165,0.016706068710402356,0.03286416283003833,0.027028333063835865,0.019626010711059964
2016-05-11,-0.0027164816504492073,5.6445731623611974e-05,0.0020455117833530906,0.003565585542275469,-0.0037432951284024265
2016-05-12,0.00694707247452089,-0.0020269244627103434,-0.0003593781620425904,-0.0026032221962927708,0.004589432960130175
2016-05-13,-0.005548058137055371,-0.014106621511365608,-0.011687194672476574,-0.004939919814867501,-0.01618749628635893
2016-05-16,0.0033731590233069234,-0.002451805512870966,0.00046368311553765616,0.0047959483497346566,0.004204854786872258
2016-05-17,0.011975547721521136,0.00657319097949319,0.0031560147314331297,0.0006995059096720521,0.014304787997886996
2016-05-18,-0.0003389757486649548,-0.0015124381928436743,-0.003965567574290559,-0.005201840693347624,0.007606793922366534
2016-05-19,-0.0021964735489112186,-0.005697930318315848,-0.0025990612870343717,0.00033538645234790145,-0.005611310405214885
2016-05-20,-0.0002041080298606241,-0.0006328866631931515,-0.00012203059852441923,-0.00022446599856133835,0.00387420616606945
2016-05-23,-0.007488137013812543,-0.006504212114599913,-0.006734967466134224,-0.0050248908313675405,-0.006190798008834456
2016-05-24,-0.005486531733048959,-0.0062975029935209825,-0.005471209687714364,-0.0019282953517755028,-0.01096645292453445
2016-05-25,0.009135569242200037,0.012263112848522831,0.00882320976675177,0.004366673833659072,0.015085935844452147
2016-05-26,0.00242632251329408,-0.0013090437335845262,-0.003929088471757157,-0.0026547634344058217,-3.294088832616082e-05
2016-05-27,0.0008944044983473879,0.0014576673423320444,0.002222776819551085,0.0026500055180449533,0.005378745931087831
2016-05-30,0.008076725722905152,0.005449293884830223,0.007389811346536991,0.0061739248549723515,0.010377631561585162
2016-05-31,0.003138345622428391,0.00498326548809845,0.005642704045543888,0.004498189160942408,0.010374074013870268
2016-06-01,-0.017152491198712646,-0.01394072503547027,-0.013765912714360885,-0.01022176355493624,-0.016858807368179927
2016-06-02,-0.009911146382058172,-0.014163531812092787,-0.013600972015168513,-0.010416971817630787,-0.023089854999158912
2016-06-03,0.006228151196325443,0.007020090051525745,0.004040531554864266,0.001565666712877073,0.005064198358385034
2016-06-06,-0.0007388099644939344,0.003203663213561549,0.000813753370768867,-0.0012195264251440613,-0.0018985727859341156
2016-06-07,0.003765937544425647,0.0038424042766738945,0.005391742060154666,0.0010049365996077958,0.008094693394099095
2016-06-08,0.009059478264647938,0.012007783267258374,0.010443033159869884,0.006335005561915293,0.008787517717325511
2016-06-09,-0.0008480218912383754,4.496147738138664e-06,-0.00020205636176602853,-0.0035465490633581993,-0.007120296908252413
2016-06-10,0.0011144812998218432,-0.0056544378329844635,-0.0011411296938989538,-0.00020977175928439288,-0.00807558928062478
2016-06-13,-0.023451815970260824,-0.03232211056639422,-0.02724187077993949,-0.01963877507415886,-0.035432556474038424
2016-06-14,-0.010450741106905201,-0.007139821337512321,-0.006673181542673011,-0.006946715761980246,-0.008736283265730213
2016-06-15,0.000642092692929599,0.0003353839729753442,4.367448215287915e-05,0.003153909977234779,0.00040635992136376736
2016-06-16,-0.023256366612496342,-0.04465981832610812,-0.020181845699849738,-0.002139965649576057,-0.027869048968115463
2016-06-17,-0.0011409848955411855,0.008442599959609295,0.009603996935707178,0.004064652698219452,0.0063763247215253335
2016-06-20,0.014125560713457734,0.017135535690652227,0.016369468490486073,0.010977462783671177,0.024408055065261773
2016-06-21,0.01629878226280992,0.010053602298577224,0.011215524009380355,0.0060838461424615594,0.011387209617699541
2016-06-22,-0.003654475939351997,-0.003202578771981365,-0.0025000289210403877,-0.0029173224888651783,-0.007769396768282914
2016-06-23,0.001644359509150985,0.006608427985604884,0.004080937056526156,0.00470832195089539,0.013262283522598853
2016-06-24,-0.04755028785691779,-0.047131987031933456,-0.04353902387155599,-0.0325961899701124,-0.07375210813158262
2016-06-27,0.029597403090576804,0.012025924094548238,0.01945318222469499,0.01673951562668011,0.013410162208346201
2016-06-28,0.008247508241926434,0.001050628889432101,0.0002083246641065964,0.003110491092445586,0.0005651759045198223
2016-06-29,0.005673107184103562,0.02023490343821082,0.016999276900200477,0.014935902882918888,0.01847606560774979
2016-06-30,0.0025798804474421308,7.574115694845406e-05,-0.002441264035408482,-0.0038161923510363696,0.00037662809627659867
2016-07-01,0.004183208796907912,-0.000510912838295758,0.001794404346789717,0.008695588673400308,0.002033958319236621
2016-07-04,0.021532908918496494,0.013197942729837616,0.013153050703010717,0.0060991801069694524,0.008831199314010328
2016-07-05,-0.0024869550712246866,-0.0048776565238950985,-0.003578323157402758,-0.003914844817727778,-0.004284311866336805
2016-07-06,-0.007473041070722065,-0.020801657713127565,-0.00950453363080124,-0.006370021255461551,-0.020823444638380307
2016-07-07,-0.0029243376573675492,-0.0049231523015460625,-0.007499578606645907,-0.01688019481896539,-0.0068043227712088735
2016-07-08,-0.0071298149361569635,-0.016212488333634034,-0.014027837981186371,-0.0032851119320994114,-0.01615683599351459
2016-07-11,0.0,0.0,0.0,0.0,0.0
2016-07-12,0.05608564584587631,0.054130899983741515,0.058464041694440076,0.047616787998792626,0.062148024884368235
2016-07-13,0.0020141759513092527,0.01041658397979634,0.009569711916471237,0.0020591439566363563,0.01400310937490349
2016-07-14,0.01295416463676753,0.007850219274415319,0.007915232066326123,0.008612905968382887,0.006467402165409301
2016-07-15,-0.008486658955885502,-0.0017152015428213837,-5.010812185867993e-05,-0.0030815798874344338,0.011757701697148076
2016-07-19,0.0003144504829605899,-0.00277424777654598,-0.0011258765628559633,0.0013466803784635839,0.004835897392503742
2016-07-20,0.002471963699862442,0.001967088512547226,0.0014238862182793604,0.00511710746941361,-0.002171380661672668
2016-07-21,-0.0006349663864036579,0.0017696701244182746,0.002684865312655082,-0.0036929457266660073,0.007999546325753275
2016-07-22,-0.0010098407738979545,-0.004357895537621838,-0.005157875292664154,-0.0030348005027704696,-0.008472960576396023
2016-07-25,-0.005459643490623906,-0.006971105492670711,-0.0051086608411602605,-0.005371259325563836,0.00028353988451994895
2016-07-26,-0.006169077559406315,-0.008377074121356836,-0.011057028956681043,-0.0043081883996694366,-0.015353103425477336
2016-07-27,0.007208226102795852,0.00578038845165316,0.00868782914093505,0.003252131481573943,0.012009812498884595
2016-07-28,-0.010587986538654857,-0.006135041317368903,-0.007156716217573606,-0.008636349290083743,-0.013831180854231294
2016-07-29,0.003530116779784734,0.008669038875725826,0.008275734989862782,0.00321374067554099,0.007572791458828292
2016-08-01,0.004981678676640283,0.0061535644253977815,0.0030841496556368786,0.004052050990267823,0.0015895122078703591
2016-08-02,-0.005721704607239652,-0.011951634357776748,-0.012822915697491437,-0.0012555789867787646,-0.017335393600262494
2016-08-03,-0.02576103234632281,-0.017232781276212625,-0.019691437549198804,-0.017371539238691728,-0.022878521181984836
2016-08-04,-0.014502106876977235,0.00475215602612721,0.004156046159425112,-0.00781451269602934,0.01085222455121027
2016-08-05,-0.01093669423849143,-0.001325473810457526,0.0011074356583635533,-0.007862770591351938,-0.0015488388749581104
2016-08-08,0.01714324803324783,0.012128695489440204,0.009498425546561084,0.01033290380604935,0.025687569048038983
2016-08-09,0.00904333769938614,0.015323827971231307,0.012363872166931338,0.012048437251553573,0.008497223518694844
2016-08-10,0.013720368984504152,-0.003792909030024796,-0.00701579452444475,0.008757428277346685,-0.0014059048744988146
2016-08-12,0.007009576293247836,0.004075211085383602,0.003325553356633006,0.004233730828873767,0.006885513445974695
2016-08-15,0.004580619135586685,0.006276351289287743,0.004107102218385329,0.007808405419259636,-0.006354459244132931
2016-08-16,-0.013189477708568806,-0.01141855659556254,-0.011337985151807482,-0.004811806319022064,-0.015431579244741851
2016-08-17,0.001858217422495058,0.006140478474434909,0.014729960159409477,0.0024593187450534246,0.015417870952591582
2016-08-18,-0.026508471684590397,-0.011974701103912123,-0.014117111398906868,-0.011400450704545359,-0.017398763128460264
2016-08-19,-0.006939695954009527,0.0056604285806472875,0.0070558297379796405,-0.0018155844945085418,0.007941544165793641
2016-08-22,0.0015300317399337764,0.00118503478495076,0.001612955589075015,0.002693275632603998,0.005539667397870387
2016-08-23,-0.006460328763572162,-0.002467250011328877,-0.0065845738014287504,-0.000985202184759873,-0.002395355350766125
2016-08-24,0.0018049132085919592,0.007034674144561136,0.00824736823727131,0.0027706786079213976,0.005425821582495822
2016-08-25,-0.006262237961865796,-0.001428585425376835,-0.0011005139522228258,-0.003235566015931576,-0.005591969213873111
2016-08-26,-0.00693498021146804,-0.009126948465273666,-0.008285749223871874,-0.0057556778868082786,-0.01127158272210121
2016-08-29,0.014229453422670726,0.013756111820486513,0.020538327975832327,0.008296380295657834,0.02116722918785849
2016-08-30,-0.00021128355254981042,-0.0017162988213775834,0.00010762303481583278,-0.003467694549888396,0.0008695226227065275
2016-08-31,0.015185638290472713,0.008022172831714865,0.010478505545915695,0.004336943727718544,0.01559841928449463
2016-09-01,-0.0007205295369312294,0.0021106650778758953,0.0026813501580482514,0.004612045641846111,0.00572579130196952
2016-09-02,0.0009351416495414556,0.005899212520344641,0.005174597526670897,0.0006101550267675104,0.006111037142955696
2016-09-05,0.004128779358876343,0.007689632671048424,0.005062990838312138,0.0034372280917841455,0.006347086532816368
2016-09-06,0.003989542489491008,0.002494503746181974,-0.0007370302306319921,0.004323738993380043,0.003915144299557129
2016-09-07,0.0023276612115984813,-0.0021214932787338527,-0.00611497809253125,0.0014614084585108393,-0.0024286843366550025
2016-09-08,-0.006970419500805553,-0.002444772338393617,-0.004746976581805387,-0.004167903086060722,-0.005446588640390016
2016-09-09,0.0016268793214967922,-0.0028067034936924895,7.510899189639564e-06,-0.0010363471145437354,0.0002272958560935119
2016-09-12,-0.014107709798155942,-0.014636736603480638,-0.017361424555690355,-0.00973150619247887,-0.015525577026181965
2016-09-13,0.0006036246373159087,0.0001896281996924495,0.00131334491515535,-0.002502449063056225,-0.000960159762404602
2016-09-14,-0.008086958607226368,-0.008775441555248262,-0.00799275152628083,-0.004320133596954928,-0.006418388339148211
2016-09-15,-0.0028931993730429524,-0.005426321571122639,-0.008682804418561238,-0.0041149956731520035,-0.01260907167894188
2016-09-16,0.007914679321564913,0.0002713274131155438,-0.0016259101164276116,0.006402689710144582,0.006035069518186749
2016-09-20,0.0030460462439131277,0.006790885029284558,0.005165708481239878,0.00690747371943724,0.0036741779317118707
2016-09-21,0.019484291184916777,0.019580151959271635,0.022724450661325616,0.012452657124089434,0.029302421064841377
2016-09-23,0.018421617555009245,0.0042661056142800895,-0.0013566549331913234,0.004228575402118518,-0.002626977270477823
2016-09-26,-0.010653764017136521,-0.007762580025778685,-0.006022931651293126,-0.006956851127655773,-0.011461474616022812
2016-09-27,0.01348648772718273,0.01186245919336035,0.01173198267396045,0.005211132182656067,0.009947069362752565
2016-09-28,-0.004740315683024322,-0.00028560886970834323,-0.0052539239633300925,-0.0045838019663783525,-0.007099888653598944
2016-09-29,0.015020464908318001,0.02689945653720002,0.016600028745373665,0.0060987753104953125,0.01384391710865289
2016-09-30,-0.003277685961136091,-0.009171798437653948,-0.015379890935644411,-0.005446378509598086,-0.012345723942253622
2016-10-03,0.011202093779582,0.010104858033974934,0.007948912647348948,0.008810248572177716,0.006326024812571911
2016-10-04,0.006393417750714286,0.003834602471026897,0.008880082641027682,0.0021187281664095613,0.005647036836787317
2016-10-05,0.0014733851225785604,2.0314620026147187e-05,0.003927628524928072,-0.00032744985794207714,0.0031843965014414135
2016-10-06,0.008498442038220585,0.0053165384660863796,0.0050228698277384465,0.0028189808443907093,0.005360477929735102
2016-10-07,0.005932079099851333,-0.0009805963422170288,-0.001977874522537612,-0.001019332348563052,-0.0033693052324374508
2016-10-11,0.013355639410876186,0.013185603202031453,0.011417076377234155,0.007514592924638222,0.006803971126165426
2016-10-12,-0.01092258738769375,-0.006938054466182918,-0.01155834720199412,-0.006796497519923414,-0.011758332299140386
2016-10-13,-0.006965328714443433,0.0011481506863589952,-0.000986565237113351,-0.0007886201074126648,-0.00267019930696921
2016-10-14,0.01098461862667846,0.008472730580263136,0.008971482037340599,0.0058847887375121435,0.00581538634201173
2016-10-17,0.004294871092606418,0.017991102497831903,0.019573571210973636,0.0019768849325863752,0.003024131787928307
2016-10-18,-0.00203334753718063,-0.0005766277725891024,-0.0026369595457557274,-0.0003932220503985684,0.0026378032738227854
2016-10-19,-0.005402903518248993,-0.006059806806463164,-0.00737771312958137,-0.0037054635533039456,-0.0008955168313420141
2016-10-20,0.005679870487232678,0.0033044601148667545,0.005546198401665028,0.002543581237410408,0.012596913458663461
2016-10-21,-0.0028341384452263063,-0.009007762862065213,-0.009105041659248393,-0.0033669692486986754,-0.0023639652497704153
2016-10-24,0.0014692054246253524,-0.0002899478010450877,-0.002000522767809513,0.00027196084776880873,0.0013016986256737877
2016-10-25,0.0007552978104688789,0.0015758393292348706,0.0020770049291355553,0.0007274782169952613,0.005888336245603267
2016-10-26,-0.0007027408179517546,0.0016794419876811125,0.0023455683082308962,0.002109311386309707,0.0032323721220699595
2016-10-27,0.002365567853004111,-0.0017303681114882966,-0.0007881058473421783,-0.00029535083121813544,0.0015453815452935351
2016-10-28,0.006327946339263414,0.0012687505888543732,0.005280084937652953,0.0031931832284196795,0.00709138509485576
2016-10-31,0.004365969809108914,0.004105423858689476,0.0031319305934938944,0.004711880474759092,0.0004410107253649847
2016-11-01,-0.001896126945826577,-0.00010739061689974509,-0.002547062952002267,-0.0011971172413271526,0.0023104764942064003
2016-11-02,-0.013778703203949116,-0.021296916512308382,-0.018694804033534036,-0.022440849836008255,-0.018031373635335336
2016-11-04,-0.012160999660081075,-0.014791740398560037,-0.016939231827861997,-0.01706433516415245,-0.016261251390808903
2016-11-07,0.007500198655373724,0.005121608852846928,0.006742125581202139,0.009076462383034738,0.010936129057902328
2016-11-08,7.299017017602821e-05,0.002177572155095079,0.005781962287141324,-0.0015706928187940515,0.001328525990791822
2016-11-09,-0.038036866700338796,-0.0328939820929552,-0.04063791879996059,-0.04860620785255454,-0.0459496095099918
2016-11-10,0.06692895504768914,0.020820146856557333,0.048016077938038595,0.048108120998430495,0.06224050753148973
2016-11-11,-0.009817077318052515,-0.006882514502499084,-0.0033178119718389482,0.016275178747260477,0.007818967007491642
2016-11-14,-0.0005926400357153068,-0.0013599810837871327,0.00014673790071018008,0.005236194739635678,0.014846374395581579
2016-11-15,0.001675260139397946,-0.0008524722928252351,-0.0007462045291108763,0.006906913221731276,0.003619635734178239
2016-11-16,0.009628787407086507,0.007416514969854889,0.009337860682143463,0.01358158015671065,0.0114683454897143
2016-11-17,0.004756087433385249,0.005088811220066113,0.006033379273831675,-0.0016378399854133135,0.0017963982704759082
2016-11-18,-0.000843199399628897,0.003441327958387065,0.004130765245486728,0.006133509177300262,0.001876910391805397
2016-11-21,0.012593471230961434,0.010186283160369571,0.009011534685227316,0.00946575281480811,0.011007178107127341
2016-11-22,0.019966433939152994,0.0073262435687096675,0.006478563210881345,0.00023155199509898323,0.00499624826947153
2016-11-24,-0.004201596414581944,0.002981743495740579,0.015490364752098099,0.011201445809388016,0.010885773683491067
2016-11-25,0.00010451960903573804,0.00123101791214204,0.00177522257974949,0.004297501984858969,0.0031349954232284555
2016-11-28,-0.0010532702755733972,0.001023164745922978,-0.0019966243842355473,0.0005251074103880763,0.004893228749416491
2016-11-29,0.002408336310544066,-0.0015205255241637604,-0.0032305216655125067,-0.001663808860818752,-0.0007591221511021132
2016-11-30,0.0010316275391895034,-0.002093682765553942,-0.0030708829034083907,0.002184314574736869,-0.0024188689667572635
2016-12-01,0.019823810759909914,0.015489132060531884,0.010637660866114321,0.018505270420261215,0.01372416783684667
2016-12-02,-0.00720606265601271,-0.0074813200464199005,-0.007900242051276186,0.010889558473635756,-0.0018853400748990575
2016-12-05,-0.0035290767207096702,-0.004997491183489701,-0.0061903628430046015,-0.007934412402125444,-0.007853827642130495
2016-12-06,-0.0020145182660165004,0.003598552622836557,0.01900170629564803,0.004302238927317751,0.009157549932565146
2016-12-07,0.018882745424992017,0.02099628893673607,0.03394246990814823,0.022842588415696218,0.009181978565733736
2016-12-08,0.025040427304795988,0.011625589537089058,0.01146624847005187,0.014439409623419212,0.019058688449207963
2016-12-09,0.005603279711011519,0.01236632583932043,0.007788078367273563,0.00806411884357761,0.010517451544264929
2016-12-12,0.0059857623390079185,0.003293020176023991,0.004816099088701496,0.003716455342066634,0.005308272590793794
2016-12-13,0.03402598312989319,0.016763433665281262,0.00047387642427056814,0.019412807854802965,0.006664644410917041
2016-12-14,-0.006271257597366892,-0.0017269851235168412,-0.0009410615713730423,0.003638570044283397,-0.004359466108568941
2016-12-15,-0.004631546010093961,-0.00031470136990783035,0.0010679239971812615,0.0034704960335560577,-0.0008591511259378683
2016-12-16,0.003439594754556187,0.0037596441529987807,0.0029502349247324967,0.005014159944598966,0.004400643872360636
2016-12-19,0.005289835983719759,0.0017440515257834432,0.0016359628505875508,-0.002928945939308406,0.0005209916620795415
2016-12-20,0.006204499201634081,0.003578385798053314,0.003928831091181717,0.0007751254424412392,0.001029717285818705
2016-12-21,0.01348783111779145,0.00017800639305727708,-0.0005097379132430594,-0.0029013003547581837,-0.003672628491246671
2016-12-22,-0.0001188560983083057,0.002537195977015258,0.002487392326760591,0.002060886692222161,-0.0007166608794519304
2016-12-26,0.002797413690065347,-0.00456036563657571,-0.003895791414662233,-0.008888440168659077,-0.005463198419586502
2016-12-27,-0.0016357373264544515,-0.0007215948440648175,-0.0018959644778943092,0.0017188666421860386,-0.0017309908514968391
2016-12-28,0.002089890706374496,0.004250539297273217,0.004116329862253272,0.001712191463160877,0.002046441766308655
2016-12-29,-0.003801911798685796,-0.006134853096781516,-0.00689216963326799,-0.009876149290645793,-0.01048034054661276
2016-12-30,-0.0007772874506011951,-0.0026882383786242664,-0.0022070273746820275,-0.0023545337141199366,-0.003710967186354822
2017-01-04,0.01180066374421245,0.016690995594180514,0.017124315418731127,0.020986580673800638,0.02596527792782603
2017-01-05,0.0011629750861976047,-0.0025404276123121485,-0.0033720001623423626,0.0008179552782160292,-0.0014046864664099012
2017-01-06,0.005256369120475657,-0.0014948854778992415,-0.003025021739293412,-0.005258756605489521,-0.0028850873294599642
2017-01-10,-0.00433085605101596,-0.0036717719362628787,-0.0032678930758363997,-0.005754558073748708,-0.0097109080649106
2017-01-11,0.001899450549951893,0.007852983710012005,0.00945584402937148,0.002451909928472974,0.005754010386116335
2017-01-12,-0.004498320883803188,-0.0025691530074728706,-0.005668720958397425,-0.0017451957579181466,-0.006597717866347385
2017-01-13,0.007284883868333138,0.0061707457009940155,0.005154964066401973,0.0059418521831679704,0.007949197145190353
2017-01-16,-0.004728854050092855,-0.0043467484208466415,-0.0062066352118583315,-0.005857634560105718,-0.010770430922321774
2017-01-17,-0.00883061741909549,-0.010384371658451906,-0.009439426410351864,-0.011396816447543102,-0.01331222295725448
2017-01-18,0.00038390710459203085,0.0029792065717293348,0.003152460095672354,0.004365566659983378,0.006586316109344729
2017-01-19,0.001987984959562766,0.005050069726016839,0.006312843137686164,0.00784304333477412,0.007468561822041214
2017-01-20,0.0044865897836598575,0.001705686134275585,0.0005394490560787726,0.004972850990601928,0.004004928847579865
2017-01-23,-0.005549591076974059,-0.007912964991896858,-0.008638355299214607,-0.009838428429843185,-0.012562179425234537
2017-01-24,0.0016583447407457564,0.0013771594107814765,0.0002476581025451566,-0.0029210796357743212,-0.00683352388389806
2017-01-25,0.007922816546005775,0.009757217915838879,0.011481232060681421,0.008490838662456182,0.008352114590298172
2017-01-26,0.06588808013611575,0.03855446572847979,0.03850449928485695,0.03915988092372861,0.013404623577101505
2017-01-27,0.0024557189411906154,0.0030478781287872478,0.0019676321157713304,0.0036215607968113654,0.0036845172075963663
2017-01-30,0.004401872659787651,0.00210762582427785,0.0035855310952101005,-0.001607246284760518,-0.003429907008107087
2017-01-31,-0.00894447180954941,-0.012613223096712945,-0.012006883950524185,-0.009723831746455708,-0.015080780731825233
2017-02-01,0.007406949729236773,0.003925415436350344,0.006082645944796178,0.005188939545932754,0.004514386552233665
2017-02-02,-0.008999065990908247,-0.0051659950276467465,-0.008974931987488784,-0.0043158378621842835,-0.008482413283009391
2017-02-03,0.005188496542455636,0.013711908026010163,0.015016069747527278,-0.000369143554687915,0.0035402277271628117
2017-02-06,-0.00045082774306233204,0.0025798604057263403,0.004014370448354919,0.006312806152477384,0.00268991572047971
2017-02-07,-0.004642480924611033,-0.0005932384093618386,-0.003012578039356644,-0.0023650386467055752,-0.0006566595242238708
2017-02-08,0.0070608557316965545,0.01912281478095132,0.015712763772159282,0.0003928593478354659,0.0024437747278039236
2017-02-09,-0.004625061565085772,-0.0027702006253471434,-0.006007161301331297,-0.005423964917961401,-0.004158466744718887
2017-02-10,0.014796942406191116,0.027079963218743366,0.03112906774035776,0.013304823928252971,0.02291150148672713
2017-02-13,0.010064157547101214,0.007971661094862439,0.009563867622316619,0.003040252928580233,0.005550781391631052
2017-02-14,-0.012756785531498041,0.004139066563782775,-0.009588341730849397,-0.0067501040565268785,-0.007677438383108683
2017-02-15,0.005567768672386381,0.01049607308422312,0.005164874728100035,0.005576313268468182,0.010375718264317081
2017-02-16,0.005052138955209439,0.0033782694664830078,0.0030544917611312747,0.0003505405196897413,-0.0006200822309792368
2017-02-17,0.002456676140047554,0.0002660443355623432,0.0018352172339186922,-0.005829353164205165,-0.005186773801011284
2017-02-20,-0.004016638381404726,-0.005883928143350941,-0.00489681611148804,-0.0020125168479053135,0.0002879452249534238
2017-02-21,0.002748242530136156,0.0025782588928227657,0.002536931211809804,0.006052668078546544,0.006129540651620037
2017-02-22,-0.0009577482844715423,0.0012404524844684154,-0.00033131444336072013,-0.0013868258780250205,-0.0002671146444825607
2017-02-23,0.002286916412810116,-0.0028708293691794714,-0.0011506731368708546,-0.002428389204862293,-0.0023611657851299803
2017-02-24,-0.002965911863824316,-0.007134039831904668,-0.0033120020351673825,-0.003131652656584512,-0.0047960957420974575
2017-02-27,-0.006956427718246017,-0.0052173027514022165,-0.005967776234294525,-0.006527516595188086,-0.010782378190754775
2017-02-28,-2.5886657882603675e-05,0.0005972479121302648,0.0008480545399938113,0.0016236541308450713,-6.04259445871733e-05
2017-03-01,0.010571945517579348,0.010403017849157706,0.008700646396871676,0.008880251517711534,0.012863811932104403
2017-03-02,0.007472599204648971,0.011550961548692317,0.007613800404771444,0.00639464329252659,0.008622897739160949
2017-03-03,-0.001360592526017604,0.0012684158859638667,-0.0006245196047254724,0.00012495070269013435,-0.004149979291928536
2017-03-06,0.005083328284012689,0.0005854424566182236,0.0035362328344650303,-0.0016117133778865002,-0.0017782661489654358
2017-03-07,0.0005171953645061888,-0.0008518638921007907,0.000702530821140959,-0.0002466587776002243,-0.00032620949739057533
2017-03-08,-0.005310785775833095,-0.006642066191368451,-0.004995020069020127,-0.0011844469348455502,-0.003680803029989175
2017-03-09,-0.002223600494190674,0.004658374708621559,0.0011860349388559486,0.001597489753087173,0.0007777600049952241
2017-03-10,0.039479847191078124,0.07023455434551756,0.043434110806378025,0.0737246276525542,0.011847010107637534
2017-03-13,0.003003125986032286,0.0021888705849278556,0.0008439637053096305,0.0003579330354180817,0.00376588419764183
2017-03-14,0.003313010737335112,-0.0007007047086052914,0.0020767781333059852,-0.0006436765672967004,-0.0007481425519927125
2017-03-15,-0.005701532448510918,-0.0037545582156261557,-0.0038993324731577753,0.002216087713902224,-0.0030040117619557862
2017-03-16,-0.002211067212866159,0.0007228950757027213,-0.00024096442751212223,-0.0018327037892932388,0.001023750343454181
2017-03-17,-0.005117849959406406,-0.005136308043309412,-0.002678288781483059,-0.0029556649133248873,-0.006341578399971147
2017-03-21,0.0030241606446156574,0.0006027798557529812,0.0008007863944556979,-0.0024346649206452584,-0.002048103892110792
2017-03-22,-0.01378020197108661,-0.014382532995494418,-0.013768343673440991,-0.01852846309879578,-0.020417771189166045
2017-03-23,0.006959205596856267,0.006116247630495144,0.006045227435451775,0.0014511219812220785,0.0041148255402194125
2017-03-24,0.00398776417203262,0.007768662959628855,0.004294122717479425,0.006302119202063001,0.007457626958547609
2017-03-27,-0.00977221257151981,-0.009126805259125525,-0.008828903958373378,-0.011437929157789248,-0.013682798415932744
2017-03-28,0.01056685288383966,0.008762333220690253,0.007886341946296489,0.006878420051182295,0.011365384136752962
2017-03-29,0.00829892427257125,0.019867750418785343,0.01059120255949269,0.03738797836043292,0.012428071335923436
2017-03-30,-0.008346301748164229,0.016340010795832912,0.008826160680339515,-0.007690693789263293,-0.007238032044858178
2017-03-31,-0.006677225652034343,-0.010799608518677924,-0.007314106022070947,-0.00279135002029411,-0.008832803602257204
2017-04-03,0.0014635961973426496,0.0008358762375560081,0.0020902887571594936,-0.00016191371209102814,-0.0012619717938571827
2017-04-04,-0.0023538024210680145,-0.002603275771216621,-0.003043263236560689,-0.008061350723857802,-0.005311413430654359
2017-04-05,-0.0018801854509366877,0.0025689714968235985,0.0033892722420405526,-0.003266982655126105,0.0006552515850594132
2017-04-06,-0.013869286919028867,-0.01735536673287701,-0.014809078010225456,-0.009867850352605944,-0.015647566274057546
2017-04-07,0.00897973571967526,0.006082236595018142,0.008755435126580826,0.005054145178598318,0.008437081275781536
2017-04-10,0.019887921576594764,0.002862648075137967,0.004257486651444128,0.0053853105006325935,0.005851768352566724
2017-04-11,-9.176233089506472e-05,-0.004946164567439217,-0.0021588452024873354,0.0007181363899897545,-0.0020432343864551354
2017-04-12,-0.00781633474701878,0.0023190605710949825,-0.0049809278680561855,-0.00650369068828291,-0.009096099464830988
2017-04-13,-0.010676544421452277,-0.002496304904937756,-0.00827840447486377,-0.005244681121900154,-0.010150984403705272
2017-04-14,-0.0021226562687931133,-0.007484155747284075,-0.0037301117069874195,-0.0020545261609660843,-0.004731643108423488
2017-04-17,0.0010418764077913412,0.008881325480968282,0.00362997623139979,-0.0022215873363066446,0.004398528519465722
2017-04-18,0.0009921952737194162,0.000632840270787092,-0.0012358325355277422,0.003110046902739042,0.002076337417637773
2017-04-19,-0.0009291789523136587,0.003244378917630015,0.0015425290562483167,0.002088121910831456,-0.0027962922177680125
2017-04-20,-0.007182466571453457,-0.007898406493095136,-0.00653249735856756,0.002347397409554376,-0.0015465656670133603
2017-04-21,0.00930806482670251,0.007146080722770315,0.0015353358847750534,0.009654562987374929,0.011204326468682968
2017-04-24,0.006714646387385212,0.00947480943089609,0.009362623116837086,0.010282520195794956,0.007538721220669349
2017-04-25,0.005536388313849315,0.0028872996381440557,0.0038813498513199695,0.008507302137433191,0.011245659536453305
2017-04-26,0.010946019806869958,0.004488199747118931,0.00731093345627089,0.012573754400944158,0.011242342411881143
2017-04-27,0.0006760053373007274,0.003808219575709164,0.0028388026166939724,-0.0018392995380833769,-0.001066035472886413
2017-04-28,-0.004817079857368709,0.0018932660068679862,-0.0027106873603748496,-0.0030394887269456473,-0.0026774008734008047
2017-05-01,-0.0023390404681795617,0.003011674332017966,0.0031918306197786235,-0.005048810875651602,0.0009982430565735128
2017-05-02,0.005153695190573479,0.005301124192516354,0.0060242444992581684,0.007027727168216653,0.007611774990682234
2017-05-08,0.02142393462122392,0.022528280126091177,0.02660119141832141,0.020231437078199077,0.023577313198347844
2017-05-09,-0.0009159140131558097,0.00037216443634671426,0.0031298464285730797,-0.0059772292343282275,-0.0032163021024484593
2017-05-10,0.004115442191961779,0.00032526980894774765,0.0036897668360890584,-0.0017561971379441658,0.002330095234644347
2017-05-11,-0.002533096644542004,0.0027935978048900245,-0.0018586951048028808,0.0005910739507844248,0.002733700758887981
2017-05-12,-0.0032282967525527825,-0.0022320965362598467,-0.0036018272901509802,-0.005505863120025627,-0.0049295330518557496
2017-05-15,-0.004298873298718416,0.016098948584297355,0.011068141266213055,-0.0022272036984356987,-0.0025743088104222336
2017-05-16,0.0047959750646156575,0.0022113283866734934,0.003312420704440428,0.0002568986067554914,0.0012685127963963274
2017-05-17,-0.017072848649618895,0.0007954432509747802,0.006618443761403327,-0.007004757511827603,-0.007821801028766855
2017-05-18,-0.010992735402498087,-0.005899073817962105,-0.013682898577474723,-0.013114740293124507,-0.014638190981576609
2017-05-19,-0.0021177051242890067,-0.0018150068980049379,-0.0036912626526838742,0.005538897050868528,0.003577293366320208
2017-05-22,0.0005158672248666977,0.0011245837450671028,0.003069901487107572,0.0022163862841940063,0.005747663814411379
2017-05-23,-0.005248142312460764,-0.002517514827772315,-0.006701766996080907,-0.0027688810662846158,-0.004085301532872966
2017-05-24,0.0029541755830160507,0.0027996029071694333,0.001771083097093297,0.003880887306945749,0.0059405383088716
2017-05-25,-0.0027763983307757378,0.0011816008591175383,0.001459123466069138,-0.0012439453891850542,0.0011567444638166564
2017-05-26,-0.00464343216486824,-0.004230399645288835,-0.001710329552917981,-0.0061474353256752625,-0.005582812571397127
2017-05-29,-0.0006164689927385083,0.0017339414630083913,-0.0002256877419605789,0.0005515761219504791,-0.0011926506792878416
2017-05-30,-0.00021969754048106846,-0.0020491886330937324,0.002097307925884637,0.0007539425545687235,0.0012673596177346048
2017-05-31,-0.001744219052478302,-0.002725174135993569,0.003385344820200086,-0.00563808155426453,-0.0029646708485789046
2017-06-01,0.010183032556697568,0.012513718589905135,0.009758617983113612,0.007498452315460169,0.00927396177975339
2017-06-02,0.007836047567832466,0.008901439263074476,0.006157296047047281,0.022929924579139775,0.019071836258072437
2017-06-05,-0.0013459767092573339,0.016608519462504395,0.0022307826599569885,-0.012543336801017931,-0.0054903393511848315
2017-06-06,-0.004989642752962778,-0.006401705630741122,-0.008235076484661565,-0.005892103680717652,-0.008896257819871583
2017-06-07,-0.0018084091661641015,-0.004541624171857308,-0.0014243582663067739,-8.282941406132772e-05,-7.985053174633655e-05
2017-06-08,-0.007591341785253963,-0.006018033651736637,-0.005537577121309374,-0.0035529090060124084,-0.005319745899314392
2017-06-09,-0.003914081330441093,-0.007246506353283119,-0.008378200662505757,0.0051603735495695455,0.0015124435303349552
2017-06-12,0.0032597344123123694,0.003677926748415658,0.00015785187920250385,-0.0013748152224430637,0.0021538809724379842
2017-06-13,0.004663398521827697,0.0031590465795095176,0.0022008513759426977,-0.0005706866089575397,0.003165660245420275
2017-06-14,0.0003546460170782687,0.001556843454791382,-0.0020226950567994047,-0.003172070393103077,-0.00184577248224833
2017-06-15,-1.8600423620167934e-05,0.003306196794380289,0.0019956659494239893,-0.007062591779054671,-0.0037042279735975303
2017-06-16,0.002658105802399809,-0.0005142721611177186,0.0005065064781452891,0.005994901564001489,0.004999663618378871
2017-06-19,0.002545354670281953,0.003262824747648447,0.005594476338802494,-0.001480746821588291,0.003832916043307734
2017-06-20,0.001761589891709006,0.0006411343514437536,0.0033224386143364264,0.007712166722964023,0.0038976332775334413
2017-06-21,-0.0020500067203228093,0.000677700047577455,-0.0017086638859686212,-0.004573695827744413,-0.0040038211233813905
2017-06-22,-0.001224621206201768,-2.5877028174617366e-05,0.0022079298199632782,-0.003181323122454993,-0.0030810384778322823
2017-06-23,0.0019149950454379469,-0.000426260774753114,-0.0011853602227780446,0.0029467205774557055,0.001724485608075013
2017-06-26,0.005089903871327607,0.0013122032315924697,0.0038066791354368795,-0.0010760197771483263,-9.025028949775017e-05
2017-06-27,0.003550633081507979,0.0029904556389374792,0.005521068874478711,0.00735531310683054,0.005677952715969725
2017-06-28,0.0029142959691643576,-0.0016018036308711617,-0.0027494915107821403,0.00424570795877605,0.004111745091632151
2017-06-29,0.0038992794655848205,0.002161576744477831,0.007605092386255404,0.0029449617415344908,0.006285683067035579
2017-06-30,-0.0027305255257333494,-0.0072583787699412195,-0.006666165131716282,-0.002469367620627237,-0.006440915119182928
2017-07-03,-0.0016150542064056737,0.0005352539243392374,-0.0003884756920783975,0.003264356053362085,0.002756376411706484
2017-07-04,-0.0022323396702032304,-0.002750166387790418,-0.0034918457274224234,0.00506760528547471,-0.0013251689299950762
2017-07-05,-0.0015219063538393911,-9.159788173267072e-05,0.0043444148342773724,0.007326385959867563,0.002343292739244113
2017-07-06,-0.0022891757566231557,0.0015078783577837668,-0.0008665781366599592,-0.004052998472145768,-0.002191366850676063
2017-07-07,-0.0012744939328136686,-0.0069064920281668276,-0.0031689350368307796,8.397583020814932e-05,-0.004743701007378779
2017-07-10,0.0009419602941890967,0.003810565733447414,0.007548058320116918,-0.001154398846754989,0.0032725934821323365
2017-07-11,0.01122656569161893,0.009634377473388264,0.012058450761447615,0.0019920809071575928,0.005992641921715053
2017-07-12,-0.0009975735376975478,0.0001365525816363095,-0.0012541490398197753,-0.005295300775216279,-0.004233116956134386
2017-07-13,9.721281965974302e-06,0.0008739332481404858,0.0012795481736059067,-0.0038599257346749656,-0.0026946615739249827
2017-07-14,0.0033274908800747112,0.0020144949237631293,0.004994637418877543,0.0018186410113928313,0.004295627531955307
2017-07-17,0.0,0.0,0.0,0.0,0.0
2017-07-18,-0.007061902487787528,-0.005641349155526365,-0.006257601192244467,-0.008291483666419547,-0.006155564214579199
2017-07-19,0.0007259733072346957,0.0016713812840916183,0.004034065316025191,-0.0037561393098990217,0.0008245605705010563
2017-07-20,0.010948728259607486,0.008069929676670034,0.01286260705730857,0.004042667617998976,0.006517181115889858
2017-07-21,-0.004579410329051477,-0.0018454922292164477,-0.000612194781691541,0.0002996378390827158,-0.0024506117560023784
2017-07-24,-0.005757257120700622,-0.00475338852922202,-0.00910835326413607,-0.00645084561305832,-0.007735618464085539
2017-07-25,0.0007980527022631773,-0.0029787219914542743,-0.003411785733727289,-0.0011872030347587674,-0.0017989899159307422
2017-07-26,0.0046524156887753874,0.0007274104403186151,0.0006100506410540512,0.011443083672396239,0.004828615265893086
2017-07-27,0.0003994726418239324,0.03266619848644832,0.030984231424082524,0.0025821797938934805,0.0019496375918897058
2017-07-28,-0.0008266383312725779,-0.0018571140671996636,-0.005405174453216594,0.004700580037232005,-0.000263432504209166
2017-07-31,-0.005104355196341413,0.0011286288398829189,-0.0004390836608108182,0.001932508547160328,-0.00010736249129801835
2017-08-01,0.0045949632299947035,0.0064856576406199275,0.0015382605790664175,0.00758556998986425,0.007483150022444391
2017-08-02,-0.0035736117770497327,-0.0007400364236100152,-0.001638098809952404,0.0031697806576076425,0.0019819903993366444
2017-08-03,-6.64643074005793e-05,0.0021280194835743916,0.0009491398027225464,0.0024527933782310762,0.0006359104418692872
2017-08-04,-9.428742642710085e-05,0.001128763806165535,-0.0008809921139115692,0.0002832100555348199,-0.00360626998523479
2017-08-07,0.005192353784159294,0.002335064965604532,0.006337967785102897,0.006862727652209541,0.004983435735089843
2017-08-08,-0.002535147791482424,-0.0003414135084348444,-0.0016834745312856725,-0.0028513060262935564,-0.002937394284220273
2017-08-09,-0.010430265658860832,-0.010889180564312565,-0.00336248330402802,-0.019877320764341663,-0.007093973377869392
2017-08-10,-0.0009357948324273153,0.002686463390509913,0.02051146989818713,-0.0021162631942260946,0.0019394285576112807
2017-08-11,0.0,0.0,0.0,0.0,0.0
2017-08-14,-0.005697210474446804,-0.0034317198365346425,-0.010309915874692557,-0.010592053028255687,-0.010363797078082248
2017-08-15,0.005051735458296123,0.005975009971862014,0.014008163420828189,0.010410850139274558,0.00911856192394656
2017-08-16,0.0019237974728633065,0.001958657341398545,0.0033247971016793316,-0.002054261729458471,0.0008996283317997215
2017-08-17,-0.00405128465296613,-0.004027094964184992,-0.000328079305426502,-0.0012655118684568587,-0.0017576298982959673
2017-08-18,-0.006143991349038512,-0.008279265676679179,-0.010293797538189783,-0.011131610553887906,-0.011502762520210064
2017-08-21,-0.003855615114221299,0.0004412020386522284,-0.002006304729749732,-0.00359245781949219,-0.0011026265118485284
2017-08-22,-0.004447609914916381,-0.004608137604644865,-0.0025584748106312867,-0.0020493169779047995,7.528937585903905e-05
2017-08-23,0.0009968501734808441,0.0013183092899572944,-0.0005889452669858885,0.0002960599744939674,0.002439199754189346
2017-08-24,-0.0009336436614341,-0.0021892270623579276,-0.0038849500168253014,-0.004883673025250346,-0.0033509484194046576
2017-08-25,0.0033180716474789317,0.0014263571828107395,0.00479181071714875,0.004612819400327963,0.0032393167482631766
2017-08-28,0.002120244528159795,0.004354816974084519,0.004125284725426707,-0.0005141488340977069,0.00157905134422663
2017-08-29,-0.0009029727946815466,-0.0006544135637216373,-0.0005829403209097512,-0.003358215651102565,-0.0024006734768452346
2017-08-30,0.009567738250498793,0.005869764606601929,0.012170280231339673,0.006636968953253934,0.00703186417858668
2017-08-31,0.011363493540027768,0.005928856886382399,0.011938868858627594,0.004874884220078303,0.0076900781112337
2017-09-01,-0.001869799618034594,-0.004179775901273199,-0.003037066211801901,0.001100416083747249,-1.3717604479145623e-05
2017-09-04,-0.00802632946402467,-0.007403599824154139,-0.007047615816122505,-0.010287621143592088,-0.008635907339207738
2017-09-05,-0.006788511681178335,-0.004941482113385997,-0.006945256661568855,-0.0013872163688180665,-0.005326381329206785
2017-09-06,-0.001299047484015945,0.0005204997845210294,-0.00028115293592503507,-0.004368343323915436,-0.0014655220624753757
2017-09-07,0.0023753027375425185,-0.00013903466180626822,0.0012381756636187457,0.003504775390837101,0.0023543886419528856
2017-09-08,-0.005291096780088118,-0.0005504667992106461,-0.005097145634234498,-0.0022143943451016002,-0.004683000765563784
2017-09-11,0.009110060669427315,0.011300519603359961,0.008694215213963942,0.010269679643668343,0.009482324988142847
2017-09-12,0.005093727348291756,0.003597545565084743,0.009651164557380427,0.006283520797517549,0.010063138343752888
2017-09-13,0.004620039959240261,0.003870518870220459,0.0020378289594912093,0.007578329524581692,0.005186299382096073
2017-09-14,-0.0030628992772229863,-0.002555436679287504,-0.006344247425333973,-0.0035951480568063836,-0.003965508501055577
2017-09-15,0.006234402150653676,0.00037662172818103234,0.0016547293760238817,0.007073626558828814,0.0022745474665005847
2017-09-18,0.0,0.0,0.0,0.0,0.0
2017-09-19,0.012183935529371416,0.01263687522356795,0.015368384595792182,0.02085769839155599,0.01865744395868886
2017-09-20,-0.0022018157040768647,-0.0042524775827477886,-0.005301053977430324,-0.0010406909850913032,0.00031685839188010616
2017-09-21,0.00533587957070456,0.0008058562875086641,-0.004814268992958821,0.003988687725675041,0.0034203048872218944
2017-09-22,0.0017618311653806958,0.0016670157251422676,-0.0025336244470667004,0.0004916467099455466,-0.001096540499336535
2017-09-25,0.0025128174204748655,0.0029260279381014215,0.002729027273300893,0.002526610540853874,0.003978107644870594
2017-09-26,0.002988943396377444,0.0014417848047198535,0.0017366360435753332,0.001618540816558443,0.0009396198825291123
2017-09-27,0.0014866502084648582,0.0014288542585415445,-0.0009866565919872462,0.004788978020405469,0.001937683361072508
2017-09-28,0.006673318529526989,-0.00020592776564035738,0.003226327400923694,0.02086103286538681,0.004137037115611047
2017-09-29,-0.0025131274488165494,0.0014674465517221808,0.00423621950367449,-0.0005511678360303815,-0.0009271112589891526
2017-10-02,-0.0009560084884090142,-0.0010999382005200658,-0.0006820816505717189,-0.0033528024542633554,-0.0026213231772798584
2017-10-03,0.004183613339530577,0.006863008332681142,0.004762982548573697,0.00684397854419559,0.009445688517664527
2017-10-04,-0.0012375894837560486,0.0028366883133702295,0.0005224167310240667,0.001481090005891691,0.0010616597905270721
2017-10-05,0.0171837071457629,0.016736794957215265,0.01926562917493565,-0.0021931699884597,0.00023641988988028898
2017-10-06,-0.0001666311118778661,-0.0033519507168159168,0.00016238391248426203,0.0047044116460429886,0.0037729973671712567
2017-10-09,0.0,0.0,0.0,0.0,0.0
2017-10-10,0.0014525088442902498,0.003922702996208368,0.001740132783466426,-0.00038798977266123094,0.0006217373290030102
2017-10-11,0.0011158166998502409,0.003989973131330896,0.0027098895224483984,-0.002630631680090062,0.0023494555958167482
2017-10-12,0.000491997723178116,0.0029488761338888007,0.013570535791925086,-0.0024759124521462304,0.0009162436977294751
2017-10-13,0.0011802480472147443,0.007933935204502827,0.00809276974112083,0.0035572594147821016,0.007118268562612017
2017-10-16,0.00489197913302938,0.0033226531672230367,0.006421356976356077,0.00708382091917498,0.00818788827875265
2017-10-17,0.0037820881407322786,0.0036508555141346695,0.003853990744082002,0.001978383622831708,0.003869258045933737
2017-10-18,0.0006557844131088229,0.0014093314264548278,-0.003529333235746795,0.0015956527783835281,0.0015443855950247212
2017-10-19,0.003783174625014823,0.006219350934422918,0.004885941810175055,0.0031566394722128965,0.003849131317282858
2017-10-20,-8.542978471945861e-05,0.0015771349398639848,0.001098574769795573,-0.0008821967936314693,-0.000542422256703902
2017-10-23,0.03745768735763107,0.006237478960014081,0.006254793328335,0.00580082460516976,0.0075599781605757395
2017-10-24,0.0048699237482095915,0.0477690839231821,0.004231529281945904,0.0069026025654258,0.006688461514276962
2017-10-25,-0.004576629701828533,-0.003470651279130754,-0.0031201497178883182,0.0008706257431336853,-0.0016233358079084299
2017-10-26,0.0042897540891159575,0.0020952535144933802,0.0006957971999008599,0.00040673467388688495,0.002248843238378249
2017-10-27,0.006544092066572439,0.005335826079945649,0.007451068075223306,0.007761901686460388,0.008650369729564943
2017-10-30,-0.001188054865528199,0.0015479210674432735,-0.0019335636118786418,-0.0030212428311038905,0.0005396443105113947
2017-10-31,0.0005817903715073986,0.0015628497023496587,-0.003975939421196933,-0.005453459827550379,-0.0031478702060874896
2017-11-01,0.041925988229947794,0.011143413181192482,0.005544437861623472,0.03354951092183055,0.014129064728328707
2017-11-02,0.006012009873877969,0.005768016459923911,0.0018371192498418294,0.006238489653505918,0.006604347855489998
2017-11-03,0.0,0.0,0.0,0.0,0.0
2017-11-06,0.029284407742330876,-0.0005515499570402384,-0.000493047488652674,-0.0008558950178398095,2.591441791838125e-05
2017-11-07,0.012848922204636286,0.007840412335492906,0.008222187788287089,0.009720779936379202,0.014920229146871572
2017-11-08,-0.0015422983808630964,0.0015795848717716908,-0.0007483847873703463,0.0013852471351679227,0.0009926977081705494
2017-11-09,0.00020492120836486984,0.0012031732144603038,0.0032274647076143384,0.01150038620422599,-0.0027074620096877206
2017-11-10,0.004001853509049006,-0.004929739779652987,-0.0003924795217565271,-0.006433455960649393,-0.0047355159132016055
2017-11-13,-0.010933991954710153,-0.006521271817602184,0.027334792253021187,-0.006695911166913512,-0.00930257114164827
2017-11-14,-0.0024590458121829554,-0.0020759926624711695,-0.0010614904510096658,-0.001165233579100366,-0.00270929576205564
2017-11-15,-0.017313157538656178,-0.015805284295923153,-0.013159784781530902,-0.014485945720351986,-0.01899997998978729
2017-11-16,0.00818878292151186,0.007010772637082767,0.012050599150742285,0.004360962315750083,0.007382392579904952
2017-11-17,0.005709913262015861,0.030234883132265522,0.030911288836947742,-0.0005772730398702894,-0.0003984166519367437
2017-11-20,-0.004728399504380296,-0.003168992667894643,-0.006183508467733469,-0.0022009578631248957,-0.004243769813241145
2017-11-21,0.006638494467196336,0.008536657885967535,0.004952613491048353,0.004758483266009011,0.0069481241464347185
2017-11-22,0.005923073415677795,0.0004508691031170375,0.0024060737471355755,0.00329286972520651,0.004624481190440024
2017-11-23,0.0,0.0,0.0,0.0,0.0
2017-11-24,0.00024592286556731106,0.0014763346029018289,0.00238166237456578,0.0009797217653030625,0.0004427179229675443
2017-11-27,-0.005541297311764803,-0.007662015813746117,-0.005710366557998837,-0.0027953286532309126,-0.0032259315510735852
2017-11-28,-0.010051994005504022,0.002649760554186009,0.005743613814146129,-0.007320058313453283,-0.0022953597445277262
2017-11-29,-0.0023166039650334043,0.00039596187288633023,0.007328675053966322,0.007011845310460579,0.009169845543692556
2017-11-30,0.008416880331862215,0.0026986918129965768,0.013755094068465753,0.004568923478541354,0.006879365312597013
2017-12-01,0.037847090623003427,0.030001975776598803,0.03133401352853847,0.001031216817914585,0.003441718225501157
2017-12-04,-5.489425477545176e-05,-0.001868858405353867,0.0009343554624913548,-0.004896089064114163,-0.0025215669760886446
2017-12-05,0.0011916760184427701,-0.002012924469909604,0.0046464292286740976,0.006546817594590484,0.005425193511069831
2017-12-06,-0.012327078456343118,-0.012613940932199237,-0.010130114370633674,-0.010303591604140678,-0.01601210593419723
2017-12-07,0.007486740750861838,0.008763501151812923,0.006594217216289861,0.004529712760849183,0.007524673629547255
2017-12-08,0.012923427701211295,0.010964631527180604,0.010042392785203696,0.007781873687668481,0.011211000640744635
2017-12-11,0.019931632526252296,0.009620226282391335,0.008647368035078378,0.005665469904464273,0.005249371096986326
2017-12-12,0.0044604327244388,0.002124743875577486,0.002341943012142913,0.0016433764440322036,0.0031912645226793994
2017-12-13,-0.005289849837920254,-0.0064791348533794054,-0.0021350268868096265,-0.0010063183156804002,-0.0016641960010507326
2017-12-14,-0.0012339744727890428,0.0035502354455936753,0.0017735289544645835,-0.00702858205725799,-0.003062820075993268
2017-12-15,-0.0033012881669901113,-0.0028096491072752503,-0.0025967255923339387,-0.01259965119785145,-0.009397880315949892
2017-12-18,0.010621986498014307,0.009656909493291527,0.006931850933923667,0.009425681212421285,0.012794438611667581
2017-12-19,-0.002174148107257727,-0.0022074980776122404,-0.003883990708210083,0.0023353001751796336,-0.0009925336149032287
2017-12-20,-0.002847775753056645,0.0037992774691018184,0.0026036031929250925,0.0013644273396997391,0.004079008532692124
2017-12-21,0.0013020738444894573,0.009143769014144282,0.0016686086913057982,0.000603368281760302,0.0003251229183433013
2017-12-22,0.01610477994308535,0.006509089287112177,0.002763262719759782,0.0020611985261189576,0.0069061432597016595
2017-12-25,0.0031708340381046327,0.003627663481152266,0.0032951453018373227,-0.0005307794497056755,0.0017694697169320787
2017-12-26,-0.0009193514788803767,-0.0024281275066640124,0.0001230829414549074,-0.0028509342974556225,-0.0029554457953085652
2017-12-27,0.005054075857326992,0.005346601506616068,0.004127695397298712,0.0018846493693990619,0.004518751329666961
2017-12-28,-0.005214963479056551,-0.003285387048210571,-0.007775914727784184,-0.004097858479120469,-0.005245436326507557
2017-12-29,-0.0037773974562029192,-0.0033821084184940385,-0.0024244707369157864,0.0007556514875535802,-0.0011341640543834014
2018-01-01,0.0,0.0,0.0,0.0,0.0
2018-01-02,0.0,0.0,0.0,0.0,0.0
2018-01-03,0.0,0.0,0.0,0.0,0.0
2018-01-04,0.03480441378252692,0.022443598551921386,0.019939465172298197,0.0194875442038546,0.02744452021746846
2018-01-05,0.00840449243291624,0.008766932545472233,0.023734372368431712,0.08478016106838578,0.010616367858308783
2018-01-08,0.0,0.0,0.0,0.0,0.0
2018-01-09,0.0062201504797438035,0.001201696126245478,0.006986159471066915,0.018231148485100903,0.006125150552545675
2018-01-10,-0.005291743877182107,-0.0014285609778714524,-0.005828252721911587,0.003923203205898664,0.004261862061893324
2018-01-11,-0.004331666393729971,-0.010578060900595683,-0.0072448924147192496,-0.002804593897405382,-0.0018513107302964924
2018-01-12,-0.00814916842503165,-0.009292978871473463,-0.00685178949081908,-0.008055748141579498,-0.0066861388621073424
2018-01-15,0.001102530427170625,-0.0011634319696674773,-0.0018585381116458946,0.006166835219237067,0.0025623121085737058
2018-01-16,0.005134748110465139,0.0037958297188378557,0.004032538724141712,0.00534040647272723,0.004739438508424714
2018-01-17,-0.002170741910535997,-0.005484359122036971,-0.003421275695431378,-0.0010614703899109765,-0.003152837137685878
2018-01-18,-0.0033535208087183462,-0.006203916687965586,-0.005577721301830009,-0.018686356713144843,-0.008015591562366139
2018-01-19,0.00964882316474665,0.01085493600197548,0.010341158821603209,0.0022189513639134435,0.00801419107610631
2018-01-22,0.005677495435978196,-0.00042237359571518717,0.0026157394691010225,-0.002001134353969983,0.00014692006344837972
2018-01-23,0.004522411998486786,0.007182789255840662,0.004004936546037687,0.004603241185740596,0.009183123348672023
2018-01-24,0.001563844996276965,-0.0035564618976686793,-0.0034091335081197502,0.0005000528401025756,-0.0022291236570232283
2018-01-25,-0.0023513369282071486,-0.0006812670422434606,-0.003070264442105235,-0.004968522921560229,-0.005859860433073144
2018-01-26,-0.007216204816281503,-0.006080680760815453,-0.008589165991184058,-0.005087990621056656,-0.008245902433262127
2018-01-29,0.0031529828230230867,0.005054487700901026,-0.0014839866201262443,-0.0014162300934191887,-0.0004312706663712011
2018-01-30,-0.016378741487539452,-0.01678455580925235,-0.009797071967302092,-0.007353677518042072,-0.012474123850882961
2018-01-31,-0.009046252434109397,-0.012308520112504216,-0.016862651277947,-0.00999046352087884,-0.014070643169724428
2018-02-01,0.04482683824343565,0.01721136164201577,0.05783290558961512,0.013997433027329236,0.020864016392727683
2018-02-02,-0.002873754604107396,-0.004275700584650371,-0.0013331066561221069,-0.00041859558670746095,-0.0018703827942922544
2018-02-05,-0.020941923366299478,-0.024188354459133442,-0.022986468011732722,-0.011222812159537474,-0.02045933127285901
2018-02-06,-0.022536881449142388,-0.03738748775104217,-0.04079352283765103,-0.024059394089694142,-0.04073592329816282
2018-02-07,-0.0021202170308217212,0.0010045267316267231,0.0029597796143260987,0.0029752232388841377,0.0058033263231084264
2018-02-08,-0.0010013358650874,0.007683679556319161,0.005281333760559381,0.0036073100717820463,0.004468752647729634
2018-02-09,-0.004450277863793117,-0.010490074251327289,-0.006981178895466003,-0.0015232754164044597,-0.022058257621921696
2018-02-12,0.0,0.0,0.0,-0.00015,0.0
2018-02-13,-0.011521749610267189,0.006480331129500854,0.0043288148791574286,-0.029733782359233872,-0.010253470522820898
2018-02-14,-0.004558500662780404,1.3670233252845772e-05,-0.00439841219284369,-0.004411634412783173,-0.006936303856173341
2018-02-15,0.0015523332858833022,0.007875477018973263,0.007170632725931405,0.0031631933807124975,0.007983372034641063
2018-02-16,0.017771556219255084,0.011491309035037414,0.01827590791128291,0.0029738872675623526,0.011507055260372292
2018-02-19,0.01283337384083908,0.014204476029322807,0.014251822618771608,0.010313720482307493,0.019580098055014195
2018-02-20,-0.013728245563712937,-0.013174691972409884,-0.012719974015060174,-0.003484114131870699,-0.00865007973797632
2018-02-21,-0.003608193458209886,-0.003822188839319391,-0.007476536937589768,-0.0042810888792022845,-0.0047449083110863615
2018-02-22,-0.011480504630329774,-0.00837414408299875,-0.008780055790113664,-0.004404847507925865,-0.009340305114488334
2018-02-23,0.008973350183126836,0.008743173344516155,0.008041802280671126,0.003348219205643077,0.010137087815971753
2018-02-26,0.007535627687248367,0.005581782416561661,0.005067696363076918,0.00756887394934762,0.00830821250770698
2018-02-27,0.008276665556444738,0.013241140414845944,0.011152536068380941,0.004087781051254588,0.010046604896481862
2018-02-28,-0.020864931761346982,-0.01718407292422799,-0.01747514603608013,-0.011867832439885824,-0.016413468462434237
2018-03-01,-0.026743420048986406,-0.008320879418758653,-0.017695553276371893,-0.008336187604483845,-0.017335275994512223
2018-03-02,-0.016319775244762903,-0.01025806939340027,-0.017760917312681593,-0.01329047496134677,-0.020510868109157917
2018-03-05,-0.014641152948477497,-0.0006988544193637709,-0.0028499251233871418,-0.0049705078779489625,-0.005493126672275234
2018-03-06,0.015542548900147689,0.01009173682527594,0.011529614203137575,0.0038606480856273424,0.01103804165285526
2018-03-07,-0.008208396165231032,-0.006898940499022844,-0.019966556413867145,0.0009482411526948336,-0.00913342417437005
2018-03-08,0.0019497943286567194,-0.00037341101989294556,-0.006805059027936892,0.001937907596644273,0.0007401410172119032
2018-03-09,0.002518574649324274,-0.002457708056281225,-0.016118342981185314,0.006337629656556057,0.0023813901784962305
2018-03-12,0.01582456080014789,0.013913696267285357,0.019665011781202422,0.007784658609974486,0.01686726326569439
2018-03-13,0.0012338671272308361,0.003276786950952833,-0.0011377477985510301,0.0028522750278793915,0.003987684292636931
2018-03-14,0.00031867606590251895,-0.004177644594509795,0.0011982250646383737,-0.002635523285782377,-0.0033954649084144695
2018-03-15,-0.00519899073892996,0.0005610381300788457,-0.003548227744824919,-0.0013228054322090101,-8.69147805443797e-05
2018-03-16,-0.003310375017665413,-0.0029515834213971024,-0.004741979505193997,-0.001078397557710071,-0.0037158294284262046
2018-03-19,-0.011898608323123295,-0.009363834330091443,-0.010784002106116485,-0.006167439173443579,-0.009210667587264632
2018-03-20,-0.0010156618902087172,-0.005369082920891926,-0.002060267911830859,0.002061541558985654,0.0019449453762790316
2018-03-21,0.0,0.0,0.0,0.0,0.0
2018-03-22,0.005303908210050514,0.016653123811846936,0.012040435033286783,0.001986033203226827,0.0066049212109935244
2018-03-23,-0.03358215380165337,-0.04297349375885264,-0.0427204393805112,-0.023110303512447517,-0.03467149987957923
2018-03-26,0.012988053665006973,0.010999716293029083,0.00963009731851634,0.015547382188644147,0.002791458047888432
2018-03-27,0.027912093614838616,0.025294723506368355,0.028739961403624184,0.028237113955005992,0.030304407999269756
2018-03-28,0.002393756791490131,-0.00815240196843613,-0.0004029005908145742,-0.005101162044416748,0.0006401484185150118
2018-03-29,0.006766185264086876,0.004096242459302725,0.0062195364296189146,0.0008840376569573095,0.0019470974266095223
2018-03-30,0.004744379059103254,0.006236363130553562,0.006201629913426262,0.006334565022023946,0.007040020161397951
2018-04-02,-0.002517491067894213,-0.0025426808378425764,-0.0017723183925544544,-0.005613157719856486,-0.004028964552744017
2018-04-03,-0.005479656401461582,0.003580187715650149,-0.005300337630535557,0.0005531047242194285,-0.0017611921956347705
2018-04-04,0.0018846413753806366,0.004026214688672134,0.00459218322079941,0.0009294098332568515,0.0004154562665695043
2018-04-05,0.0060292174659253754,0.010571559913494446,0.007404588981777934,0.012740301976912796,0.01105442308445514
2018-04-06,0.005423575066442514,0.0010313122869533055,0.004268067438501444,-0.001535927416161687,-0.00213560590530757
2018-04-09,0.0013373711550520116,0.007036951187799537,0.000750893419289976,0.006489663392746344,0.004055076807459641
2018-04-10,0.0018513397975832033,-0.0024498461101736427,0.005044183120167162,0.003950363730700831,0.0064844306473601536
2018-04-11,-0.008471300789600787,-0.00955269282712866,-0.00761309395607443,-0.004956587713515152,0.0003508379352050815
2018-04-12,-0.00040358507567161,-0.0008170876386383119,-0.0011896930653091222,-0.004569212226996599,-0.003380955258395263
2018-04-13,0.002594966978167368,-0.0010003815199307819,0.0049977521702795034,0.00700047276460584,0.006945635811016434
2018-04-16,0.004830099875269745,0.00941097181119718,0.005158789767975409,0.002692888583066127,0.0018282349410940562
2018-04-17,0.0011288864502689514,0.005811142627052854,0.0014348392355546086,-0.004414544268763405,-0.0023111425846248563
2018-04-18,0.00264102814111553,0.004160470353188683,0.000641483628750593,0.008418629804804584,0.009958747256535325
2018-04-19,0.005613977092849779,-0.00019416793558779547,0.0048387167363526705,0.004168954138316917,0.008453152850992853
2018-04-20,0.0003227602909740906,-0.004264299161047993,0.0026023035713504733,-0.0035642170173334035,0.0006817982463565694
2018-04-23,-0.005007094834139316,-0.002107896861059605,-0.004080646707859152,0.0009700353015133373,0.0010365864186922132
2018-04-24,0.008201099505290778,0.0018976393141206175,0.010427202574273159,0.013115234343931309,0.011181333274523565
2018-04-25,-0.0004800849591868323,-0.018822802281683156,-0.002491529796249872,-0.003948149925579941,-0.002242321617591747
2018-04-26,0.004615413376857651,0.004113322632902115,0.0011594316142711906,-0.0020557561673587195,0.0013429759544472447
2018-04-27,0.0060239468013684894,0.006409527642320885,0.005344987099299746,0.005797002436349577,0.0069735466132331255
2018-04-30,0.0,0.0,0.0,0.0,0.0
2018-05-01,0.005692420871833117,0.00041625284223863684,0.006528401942729102,-0.0035243734572234287,0.0023121099617923603
2018-05-02,-0.006604735340540347,-0.014042404081468066,-0.019196613865917887,-0.00999620978646007,-0.006551598666532572
2018-05-03,0.0,0.0,0.0,0.0,0.0
2018-05-04,0.0,0.0,0.0,0.0,0.0
2018-05-07,0.006948265762115088,6.121389263791688e-05,0.005432537003552769,0.004363812258116775,0.0038973196949743803
2018-05-08,-0.003596701891399421,0.0016348211409560743,-0.00217035954573725,0.003058902880982445,0.0024871696888508045
2018-05-09,0.0016654521418090038,-0.0001629143326869623,-0.002905986210143481,-0.007484021112901916,-0.006976427705028872
2018-05-10,0.007534361520813552,0.004111999915436615,0.006031099893969457,0.0045432172481733625,0.0038723234093122018
2018-05-11,0.002052998097448613,0.005532273622053327,0.005935341385435833,0.010866659255323206,0.009236515258859757
2018-05-14,0.003097911971186434,0.007718452418222766,0.007386999320853034,0.02050544706581531,0.008796045842651845
2018-05-15,0.003475338242135877,0.00020869012490878696,0.0030561532664634757,-0.0023448809513054083,-0.0007252591494146026
2018-05-16,-0.005437645922047514,-0.0011705134748530809,-0.005210027418769531,-0.008093627271238066,-0.004415542269053039
2018-05-17,0.0052384342856790205,-0.00010213550583353234,0.007307115179302771,0.002690235544768004,0.004932879666193003
2018-05-18,0.0040843932008624885,0.004663561318163057,0.005984752636423867,0.0022651152922358946,0.005416433020903466
2018-05-21,-0.0014264195524567678,0.005096230675762231,0.0020273960481028575,0.0002828216446046489,-0.0020621511543356596
2018-05-22,-0.004812037098271432,-0.0027547671754313504,-0.0052778054410619925,-0.0015870125282021945,-0.0028923229527489935
2018-05-23,-0.013388830789408246,-0.005333392225717533,-0.013319450591914425,-0.007435481365631933,-0.011430288632241166
2018-05-24,-0.012413019399773515,-0.008528468975747163,-0.015224916186085645,-0.013926424204249516,-0.014155908623483685
2018-05-25,-0.004523323649476998,0.002436859789951223,-0.00431419831797103,0.001120887547592949,-0.0038070628305647797
2018-05-28,-0.009102582273493358,-0.008855181069947447,-0.019156075241402427,-0.0021618631266787434,-0.002172234146108042
2018-05-29,-0.0026278726959728235,-0.0032729541653959008,-0.003777408751622569,-0.0032357815847150933,-0.004750480970678842
2018-05-30,-0.024864915864493915,-0.012899502835615265,-0.029022463617106125,-0.018206142280271103,-0.015192393398811059
2018-05-31,-0.00019025374134017272,0.004917854527206316,-0.002409698715511904,0.0008670574220898052,0.006701910429439457
2018-06-01,0.0013319710703661052,-0.006144964211614337,-0.002824912009611278,0.0041702939932780105,0.0006641225976857637
2018-06-04,0.017730522598589916,0.011935595324820981,0.015441250090774673,0.014375002574373486,0.015298550820294932
2018-06-05,0.003361792145157214,-0.0006952338271761705,-0.00042181559401982776,0.0015845796198567554,-0.00016605072914936217
2018-06-06,0.003947338329109783,0.0019175049196684388,0.0033671029867958133,0.0030869309105755827,0.006476129839408613
2018-06-07,0.006432888857111208,0.0068001272193028975,0.0037092182897621537,0.00458167492255164,0.007967972916616696
2018-06-08,-0.008405192156332135,-0.0005322882830397667,-0.008129299362847259,-0.006627797563030292,-0.005652626161683947
2018-06-11,-0.00235604378085118,0.007294763509242986,0.004783552315123371,-0.00555231907090714,0.001987637197869273
2018-06-12,0.0066252571200735265,0.005331896559034696,0.00402940344872881,0.00439322570847765,0.0032071184238621864
2018-06-13,0.008575478921472417,0.004540295854612568,0.00493010337472229,0.0024861179750835876,0.005067613840931203
2018-06-14,-0.010218710364079325,-0.008761334216753222,-0.010806093956757905,-0.008823816437904437,-0.009224619116891479
2018-06-15,0.0061670729976723,0.004750129165501536,0.003796233906303115,0.00041674761287348284,0.005590499546196697
2018-06-18,-0.006281830541395312,-0.007475423565407119,-0.009612333281662819,-0.01717870287619818,-0.012527810367036098
2018-06-19,-0.02687124864661701,-0.015719141678777884,-0.016980807681879383,-0.027295252958895604,-0.015468173241728302
2018-06-20,0.005886813205680549,0.010887206969367237,0.007905241820571137,0.003745647397074639,0.005432907191207433
2018-06-21,0.001032445483081655,-0.0021954835131202124,-0.0022339877383347004,-0.0041762952318839175,0.0012924128505975314
2018-06-22,-0.0031951929420214738,-0.0057872659436119505,-0.006364555555192245,-0.0035062347342410755,-0.0050020993387612095
2018-06-25,-0.00475770896884481,-0.00485376090550313,-0.004364513685981555,-0.007501676922130231,-0.0061609307131739914
2018-06-26,0.00346494256163379,0.006048441607203131,0.004225193953128756,0.0056492135285298554,0.003426645093061007
2018-06-27,6.941179068400082e-05,0.004693105108053499,0.0011225217044132545,-0.0018562846535924282,0.0033254324406903554
2018-06-28,0.0026495730678613577,-0.005065648638602664,0.00010241988489868457,-0.0008023267344790046,-0.001682373513994068
2018-06-29,0.0037366183931635145,0.0035411117635027814,0.0053749047561927376,0.004323744579170853,0.001618420019096788
2018-07-02,-0.022729436891725893,-0.03016885323093884,-0.04162574625097185,-0.021217087803638304,-0.02049978859000756
2018-07-03,-0.006243624070007393,-0.003772294166800236,-0.0021138852457371657,-0.004022317158466166,-0.0006919677221964783
2018-07-04,0.005716167864054478,0.008646148721119223,0.005759350133468922,0.007072376245718752,0.0036001572856061512
2018-07-05,-0.014442869171934866,-0.004234688569320939,-0.00900614658189778,-0.01025998103702563,-0.008544756247516654
2018-07-06,0.009496964825472536,0.0015630990229503258,0.007116981186696635,0.003026583506409726,0.006794148158729844
2018-07-09,0.013721807273691183,0.005180331027187648,0.012982359519097564,0.010431047312413892,0.010896104194038357
2018-07-10,-0.002759967298808344,-0.005560949633712491,-0.0038718870635982444,0.0008230380790665243,0.0047496760410956585
2018-07-11,-0.007477136052074547,-0.008013091653227968,-0.005791678142171867,-0.008575583008086583,-0.007358608366567508
2018-07-12,0.0036373914655456526,0.006358677301426233,0.006256399623025457,0.00014953304046810834,0.0038832323675425
2018-07-13,0.012422732843674867,0.0069170575304558085,0.014588247275615716,0.008620454781256047,0.009677275563212366
2018-07-16,0.0,0.0,0.0,0.0,0.0
2018-07-17,0.010803658949205035,0.014392186754061313,0.011005690579698508,0.011553828721441426,0.00769267834506949
2018-07-18,-0.002795875750871723,0.002903510730706021,0.0032713427730681846,0.007458086295533752,0.004967475829256783
2018-07-19,-0.006205012531707502,-0.011260017181109458,-0.006906039501956125,-0.005390998037669776,-0.0010398008254061642
2018-07-20,-0.0021671686064839834,0.003959927694969023,0.0008953857902060499,-0.003556639995625187,-0.0014624814725798796
2018-07-23,-0.006977133343805567,-0.0044395316645287515,-0.007077617601994046,-0.0004737857190704447,-0.003515565978498186
2018-07-24,0.004560850498866239,-0.0005840967396129873,0.0014529262352247618,0.005782648165428869,0.0072773699432496395
2018-07-25,0.006831173502190247,0.0013812774439999646,0.003813923991572914,0.004688416661725225,0.00536486812714516
2018-07-26,0.007965508144194727,0.011054225718930968,0.007838396627215529,0.006491764499847863,0.007546081752966841
2018-07-27,0.006027037798578363,0.0073458944381959886,0.005829530852099619,0.0038007582258392757,0.00569815440630978
2018-07-30,-0.0068462622706044135,-0.005224125145531614,-0.00732256080750911,-0.005150714942745406,-0.006043542676153717
2018-07-31,-0.005969799048875008,-0.006333092401448156,-0.006874339221285755,-0.005400279045965946,-0.0073661023948804905
2018-08-01,0.006830173445808098,0.013658990836658252,0.01697847721134974,0.009535807925219285,0.009752694598292174
2018-08-02,-0.011815692194141266,-0.006810875379819557,-0.008859800564169521,-0.010556110394308944,-0.010726724913104885
2018-08-03,-0.011010321500607519,-0.010944834947773879,-0.011943138273488214,-0.008425065458463596,-0.007127343408160983
2018-08-06,0.000469374214411529,0.0009030507911976762,-0.0017383830829693521,-0.00016961943958381111,-0.0015049632452275852
2018-08-07,0.007040360456289858,0.005879790319732615,0.006299588496536111,0.00524177769047891,0.009363421584381276
2018-08-08,-0.013552201918248144,-0.006609393507103003,-0.007039801864062522,-0.021221850010457743,-0.0026205142687609063
2018-08-09,-0.008716871081736424,-0.003268272125521678,-0.006521114062411074,-0.008382088240287498,-0.004995934183318832
2018-08-10,-0.010419418255877182,0.00174795894833581,-0.004755783827955514,-0.008838034817800525,-0.010832995400194419
2018-08-13,-0.035082468305786214,-0.019493972754168865,-0.03548410833612524,-0.013270372069766249,-0.022496361509814874
2018-08-14,0.014056420323078387,0.013536323592731856,0.015316799278003182,0.007633137443660137,0.015475022241213105
2018-08-15,-0.007546331613460547,-0.001822497586377921,-0.003944709093133875,-0.002982665790904482,-0.00635177687767378
2018-08-16,-0.01619068066394182,-0.000662460207441368,-0.001111563724649055,-0.019607915234091753,-0.0035878330648041923
2018-08-17,0.007981349130035467,0.00594550438422178,0.0078524039437383,0.004621897464138836,0.004045702907633834
2018-08-20,-0.0045137096751410605,-0.0015372636114410242,-0.005013955235852334,-0.0032053057060791638,-0.0035126718373920903
2018-08-21,-0.0011003914487029492,-0.000498552583185017,0.0015765989982157995,-0.002562853522064818,-0.0034189866015309836
2018-08-22,0.009386063159410925,0.003857642358321778,0.009944406865853898,0.0019501212674737135,0.006438052682808328
2018-08-23,0.000587449710803857,0.0015889112829902124,-0.00022601696523213868,-0.001116910456984966,-0.0011790100249881748
2018-08-24,0.00572483291456837,0.007995602801826382,0.0062299815012878765,0.0027372013581574927,0.005114513463355901
2018-08-27,0.010235942125484992,0.010753661913090944,0.010526730604945607,0.004893993241514768,0.010057411414443197
2018-08-28,-0.001825859315347735,-0.0014963782010551558,0.0015515842674831714,5.7636044021554755e-05,0.0017838120185804031
2018-08-29,0.005458962520515763,0.0013162768408056826,0.009201560588789846,0.0008657852334855432,0.0030837509008483756
2018-08-30,-0.0008970405680844859,0.0013914230439660428,-0.0007127659741670185,-0.0015801295728114122,-0.002399994409649971
2018-08-31,-0.003972163376253532,-0.0037612223487186484,-0.00421835838846782,-0.003233569971146499,-0.004660416878094696
2018-09-03,-0.010788606045938528,-0.004493458482215956,-0.01005470353355507,-0.00393246538324973,-0.007690725120803109
2018-09-04,0.001460049204726716,2.6345068035027583e-05,0.0014476516562400327,-0.0024600321098384834,-0.0014998744079971417
2018-09-05,-0.006699414043606767,-0.009723369454813604,-0.006916581962095148,-0.002845417602515058,-0.00909136953612014
2018-09-06,-0.005423824240234721,-0.005308323779854624,-0.0037726886043332355,-0.0069423185222749675,-0.006282593429056131
2018-09-07,-0.00832733846365475,0.0024733011438227695,-0.002224576151057616,-0.006221523053719028,-0.0024823783009527067
2018-09-10,0.002490458380337097,0.004351624073496142,0.004339437324315021,0.0014392432233004467,0.00346607712323883
2018-09-11,0.011072791578582115,0.011198209411303723,0.011763554963531103,0.005313287790269424,0.008146075076511333
2018-09-12,-0.000618162609735841,0.0007911289898879595,0.010993045490811273,0.0004098615405802657,-0.0007968634378787741
2018-09-13,0.011758205353938983,0.014031498167052098,0.013223203230870416,0.007685234378730128,0.015892851556946155
2018-09-14,0.012994112366041397,0.01573055366830196,0.015450867015405798,0.007248988081329991,0.011203619397523701
2018-09-17,0.0,0.0,0.0,0.0,0.0
2018-09-18,0.02254693729908912,0.022114560002385902,0.020197563499770903,0.009810256658002546,0.019455065228839684
2018-09-19,0.007507841535106037,0.012033520970524712,0.013913730779526264,0.007074731165998101,0.013300501928318052
2018-09-20,-0.010715378103151058,-0.006458849452636695,-0.007337926979401256,-0.0018942501130025592,0.002964623977360671
2018-09-21,-0.0002899395886308367,-0.0038503210457129663,-0.0032272059418812903,0.002926564793376924,0.012746887338725022
2018-09-24,0.0,0.0,0.0,0.0,0.0
2018-09-25,0.014986831232942187,0.0245676373287885,0.0150218533049985,0.004682165883502699,0.006026164892183482
2018-09-26,0.02445236881898646,0.0098658117944689,0.02377742621961696,0.002665255070744614,0.007764283201695476
2018-09-27,-0.011799616644733236,-0.00831803095899657,-0.011540465784440273,-0.004613789729641752,-0.00961280287702738
2018-09-28,0.00977946547142898,0.012975809719495149,0.010602028456194098,0.0006433794723976851,0.01031014770209839
2018-10-01,0.006183131576473284,0.0005072088094952347,0.0021413993262685434,-0.00035477900371372003,0.0015498719679806184
2018-10-02,0.010988641080654928,0.012401372393661878,0.012983969076450073,0.00462708147636203,0.004584991069997099
2018-10-03,-0.01628815614555234,-0.010476496759913429,-0.016136949943059316,-0.006435774971431021,-0.012082999776201751
2018-10-04,-2.231231229456968e-06,-7.643726011020212e-05,-0.0019873122916681464,0.0021238616327505927,0.001963109227344311
2018-10-05,-0.0032962387454320116,-0.0024422135144482613,-0.005670711155207241,0.0005106809108332438,-0.0023515902258514666
2018-10-08,0.0,0.0,0.0,0.0,0.0
2018-10-09,-0.017662563323378136,-0.018164652029199445,-0.016707939565420445,-0.007411279636302718,-0.01443359424175866
2018-10-10,0.0026967810821542995,0.00404272596354161,3.3901839318202856e-05,0.00032782422681260364,0.0034160637901290165
2018-10-11,-0.03149672070865594,-0.028591752640713796,-0.0294139910776436,-0.016062672251146617,-0.03281848423784093
2018-10-12,0.002888779452825266,-0.011746868352844494,-0.004333110172334422,-0.009270412502628425,-0.004052162025633556
2018-10-15,-0.013832412291407753,-0.009732505286469838,-0.013009192909041147,-0.009433988123834478,-0.013755799953716103
2018-10-16,0.0034378065634302875,0.0016652673016365057,0.0061241867693183055,0.006977842043017113,0.013550591851510307
2018-10-17,0.012060894319645658,0.011957681229485494,0.008618814919383915,0.0075305197602984235,0.0125840386298685
2018-10-18,0.00594281689939462,0.004198160151118044,0.0052082971763064735,0.002091719515939458,-0.005057093520346044
2018-10-19,-0.007715377364441157,-0.007269994548219322,-0.006650564999177594,-0.002498304397289523,-0.007261040675353333
2018-10-22,0.0051579710225144295,0.004959081959848478,0.002468079911738954,0.0008163999433661744,0.0018281748088320954
2018-10-23,-0.005007617280392751,-0.02148584543869237,-0.007351582269737884,-0.013271565617180368,-0.025858027126379815
2018-10-24,0.0031600551829593917,0.011851014151492364,0.009050777617494324,0.004990569713690924,-0.0007173864277802215
2018-10-25,-0.020141577260396247,-0.019495018948918738,-0.019054807905274567,-0.019695980160170733,-0.02580263120155302
2018-10-26,0.003991188987506153,0.0009312484569277835,0.004214765854910665,0.002988585498825203,0.0025922858562886786
2018-10-29,0.003381822800121677,0.010885243033949492,0.00786963877095053,0.0024745389309124943,0.007500935838077231
2018-10-30,0.003161208261273989,-0.0011207190908032192,0.0004218640082128298,-0.004791979445166879,0.007405148092828398
2018-10-31,0.014678579737012186,0.006583870069590348,0.006345127344159302,0.011192272719152983,0.015986841731414552
2018-11-01,-0.004841509778871658,0.006171316918695412,-0.013765950328474148,-0.019880893872920764,-0.010532004963074134
2018-11-02,0.003957653440770707,-0.004314929280534329,-0.0054567182602565205,-0.0015550355252229912,0.0137389102775316
2018-11-05,-0.013344766910946958,-0.010448274776697207,-0.008047657639979626,-0.009283487681510785,-0.0108317389214552
2018-11-06,0.01997512871726713,0.016888663053306722,0.013325018214452826,0.012415804045705666,0.016455346413195276
2018-11-07,-0.013853320835229738,-0.00972215748268547,-0.01225850509331524,-0.0101272311697938,-0.008458912488538068
2018-11-08,0.032098679273236105,0.03247125408842225,0.03513251978060515,0.017618007302280213,0.024192736793320853
2018-11-09,-0.005598960743156467,0.003753969506100771,0.0005667824942321576,-0.00205336528284316,-0.008245298350398928
2018-11-12,0.004739212403360601,0.01898291856551866,0.005626917962142124,0.0007376674706511259,-0.0014974007022790752
2018-11-13,-0.021261971121497702,-0.018110210230681753,-0.019577548716048693,-0.016120857199775615,-0.020805986934496652
2018-11-14,0.0016288841817531634,0.00893977613485808,0.010035765462316711,0.0015561102363468712,0.002603682257047757
2018-11-15,-0.0033046325872494262,0.006746039085998238,0.0006899035715422803,0.0016756054955723394,-0.003325286827241486
2018-11-16,0.007365162101720909,0.0030403992201587992,0.0038338776177194328,0.00289455140196902,-0.0024759217501957942
2018-11-19,8.916729842089015e-05,0.0005274078697970264,0.0004276674690664164,-0.0015866922460137031,0.001143947307584986
2018-11-20,-0.0017131805058039937,0.01583737540104883,0.011601285397281412,0.010844779075689984,-0.0007343128751116613
2018-11-21,-0.007620007038204012,-0.005884563849538977,-0.004682760231068813,-0.00931609792217107,-0.009452383063504334
2018-11-22,-0.006581562115371101,0.008229574820274857,0.006800777169311375,0.0029326736688494327,0.005489709524434294
2018-11-23,0.0,0.0,0.0,0.0,0.0
2018-11-26,-0.005944997062109844,-0.004601202698459879,-0.008976245143801017,-0.004444634517414221,-0.0005197596183073768
2018-11-27,0.00672423442548829,0.004105204669657605,0.010597125770994633,0.005643426336643193,0.00763762304774155
2018-11-28,0.0034175008507644888,-0.00041858838560272576,0.0015247589087013344,-0.002265413758763079,0.004421156098570098
2018-11-29,-0.00493604380485836,-0.006235213849742101,-0.004194353505610383,-0.0020313006368230806,9.590631149293456e-06
2018-11-30,0.0031085763669680116,0.007727924680157673,0.0025454076743485674,0.01036160287168413,0.0068060134459961424
2018-12-03,0.015205414009307458,0.007057638865214038,0.011333359369461737,0.013193315845250197,0.0128236764893032
2018-12-04,-0.019620805755676703,-0.020108355577646893,-0.019628257396791717,-0.023808559709443206,-0.023338522298061617
2018-12-05,0.004354915123625999,0.002758151898444359,0.0024303021632621114,0.0010862913788328747,-0.002360612726441681
2018-12-06,-0.014908361730188306,-0.0076045297676125695,-0.010564063506917255,-0.009028624877119463,-0.01511132716573936
2018-12-07,0.0064923010041119085,0.015806323817163237,0.012237715064313247,0.0071835864797319075,0.005457884472825136
2018-12-10,-0.02533532941790924,-0.012635195764227003,-0.01446418460105291,-0.011044872632760624,-0.01443495741085615
2018-12-11,-0.0076596920534478495,-0.001875292334824139,-0.0025329944735625197,-0.011485703270381049,-0.009652368120212777
2018-12-12,0.019420834195599344,0.02898445082269927,0.023439444409699115,0.023117351366014928,0.01939277424002677
2018-12-13,0.001288913851985086,0.00018553280822418698,0.0006397951398833629,0.0006852913377886026,0.005932320809329068
2018-12-14,-0.010601986550540139,-0.018077419470905926,-0.019467915927678898,-0.021050488975465693,-0.01074050142652794
2018-12-17,0.009254759864150797,0.012328086459816345,0.028363701338087143,0.021262118760947333,0.003970172829650901
2018-12-18,-0.016751690170515372,-0.01584361962209888,-0.01427753859276533,-0.0156218549449925,-0.017362627686992666
2018-12-19,0.0003828521627243129,-0.0071451284937387605,-0.004169647833377749,-0.005014912592626734,-0.008566259715610086
2018-12-20,-0.015645052609504325,-0.006773368057086955,-0.014041961083438617,-0.010117196058210114,-0.01901606016844513
2018-12-21,-0.03178298920336667,-0.02283779194542811,-0.02250615510300724,-0.013895224534335698,-0.02026873763690366
2018-12-24,0.0,0.0,0.0,0.0,0.0
2018-12-25,-0.07744249099940387,-0.03759335419075095,-0.060692181894542924,-0.06892019601228093,-0.047728073343580014
2018-12-26,0.010505933977548077,0.01401781603405245,0.011537794232907045,0.008532547851371202,0.009354385192124044
2018-12-27,0.057891279345300396,0.047054427262960316,0.05548315161696037,0.04902210765540975,0.046298297099419086
2018-12-28,-0.00693715012091301,-0.007059878617979181,-0.005085236074615134,-0.0069758996734143675,-0.004688177338598777
2018-12-31,0.0,0.0,0.0,0.0,0.0
2019-01-04,-0.024019374807766728,0.0029936298035391413,-0.0006883074875056901,-0.02219242561746997,-0.00823838098191185
2019-01-07,0.019263509799236828,0.020122526454054993,0.019313551256306898,0.01887980695718641,0.02537319318954477
2019-01-08,-0.0017395632594752511,-0.007217101127448436,0.0010028848200527487,-0.007116661271706454,0.004924026244406511
2019-01-09,0.013268196671241215,0.013264020809095287,0.011957789762515282,0.0105177635909882,0.01115757201002706
2019-01-10,-0.013848651587679823,-0.003677026865251164,-0.003958169124853334,-0.014378806452574153,-0.006740077446804345
2019-01-11,0.005154237165411115,-0.0008124012478499457,0.0023972741250846688,0.0007011487676233744,0.006600813768995792
2019-01-15,0.009186063057368023,-6.767438352628722e-05,0.0024448604225295375,0.0022353613886949278,0.004600064004787105
2019-01-16,-0.00634784389023181,-0.006411574496492452,-0.008314866275244406,-0.003764283011042068,-0.004356342657387554
2019-01-17,0.0010094713959343839,0.001048385191568582,-0.0004116528073006647,0.002073445643600197,0.0031978671078399974
2019-01-18,0.009462991517108043,0.008675464965050542,0.01034233085871328,0.00539293603918684,0.010061414881095337
2019-01-21,0.0009532173664324729,-0.000944475235839382,0.007604944064048541,-0.0029876905423284706,0.005963285292942899
2019-01-22,-0.007697785803327629,-0.0017598946855490066,-0.006632330788264038,-0.0007572150107333834,-0.0067284732345095615
2019-01-23,-0.007139963376745998,-0.005043050638006056,-0.006710499878932804,-0.005386790481514759,-0.005327715473626705
2019-01-24,-0.0009775909917112133,-0.0047878038050836015,-0.0029044354379836722,-0.003126133808317264,0.0008386815996536624
2019-01-25,0.007303594178773515,0.00104423413718889,0.006345374986661045,0.005447061086256129,0.009188263000654534
2019-01-28,-0.009661538011859998,-0.010075932242070615,-0.009981486767718397,-0.009196293418242263,-0.008967609609854162
2019-01-29,0.001030973110087216,0.008952929477068708,0.003109691922551093,0.005905395660718769,0.0018019306303366713
2019-01-30,-0.002732949357737412,-0.0038371821247748595,-0.0035931922646359844,-0.005105073590069268,-0.0028102639271613905
2019-01-31,0.014262617549331105,0.008274121334997987,0.010451430138781201,0.010377097930226847,0.009380024064968774
2019-02-01,-0.0048507963480868424,-3.448075397983856e-05,-0.006156071877498458,-0.004981485878859699,-0.004756403578369645
2019-02-04,-0.0022047602913818696,-0.004230349382203181,-0.0015389742689989095,-0.0032883704644701404,0.00747370908270991
2019-02-05,0.002770662175716104,0.00479857166359792,-0.00023535747281644556,0.00913597171743847,-6.614560199348994e-05
2019-02-06,0.0029718513501315732,-0.0026160450487659626,-0.0026055557121086453,0.0017229290545635043,0.0013161786061645718
2019-02-07,-0.01819318213345197,-0.014545764158922244,-0.009149384175849493,-0.016185450071357754,-0.006924422009634497
2019-02-08,-0.005947487219351483,-0.0010578947238065422,-0.006192242885303241,-0.005809226573177355,-0.017146197813639193
2019-02-12,0.014483432190571357,0.01227608682788808,0.011345422439557369,0.017185848108103596,0.016055799428558427
2019-02-13,0.01222845532670997,0.0018801493373600147,0.0071972578663775065,0.008210784871906043,0.011557439242308178
2019-02-14,0.003298847982866354,0.0028319105163416127,0.003043570102219044,0.0015227762406098575,0.00108069853708791
2019-02-15,0.0005815936173912562,0.0002547672701794628,-0.00039159386657935794,-6.135470368921281e-05,-0.005783653768529548
2019-02-18,0.014177065047290842,0.01050208898065386,0.014383597658638793,0.009981733604249601,0.015925684198846712
2019-02-19,0.009507413692541626,0.009185564812191129,0.011461700017762462,0.010102474236796383,0.0060484984491881175
2019-02-20,0.008890636753417244,0.01140226354242024,0.007814972461245281,0.010620546224480453,0.006430897792154385
2019-02-21,-0.0009244595546483038,0.00594910321350929,0.0014502923262934926,0.002287036628032483,0.0012079694864963633
2019-02-22,-0.0030233315019678898,-0.0036644811282117665,-0.004139518198542788,-0.00451125990748034,-0.002856458116916213
2019-02-25,0.0030785437466894165,0.005560156324236888,0.0032549035789852174,0.0029681059519358877,0.005534071500751866
2019-02-26,-0.005204080741977159,0.0011908034716710896,-0.0012131611814835096,-0.0007315641994493833,-0.0018152400373383417
2019-02-27,0.004613443234496308,0.004019788539515565,0.006131409490403604,0.00039421167977671137,0.002747909216626348
2019-02-28,-0.006505233929196955,-0.005943126682463906,-0.004967056301876589,-0.008573888691591411,-0.008244323770478687
2019-03-01,0.004442646219260072,0.0007944636855581594,0.0012900870066755183,0.01908507968927051,0.0038671751038619044
2019-03-04,0.008237704575468506,-0.0027740065681235025,0.0032896805716573184,-0.00017933310578436743,0.005872697985931869
2019-03-05,-0.0014228920470285471,-0.000806521743411937,-0.0034255036415947833,-0.0022946706832365736,-0.003201070658191329
2019-03-06,-9.282192023864287e-05,-0.0021627916186830617,-0.0011005100924547837,-0.0007297936607368544,-0.003573448005001918
2019-03-07,0.0010044799573618688,-0.0012784079522023307,-0.004953483245514872,-0.0012123349125719135,-0.00645129099859293
2019-03-08,-0.016312985374019616,-0.010432627700720646,-0.014357579428763907,-0.01442099950207584,-0.017276363249877892
2019-03-11,0.006366890713127771,0.00957273840690383,0.009582656721213067,0.010373265195786437,0.008588182208700558
2019-03-12,0.016082129044710576,0.015967804001579204,0.015341088237543182,0.012010703049301602,0.01595882998800388
2019-03-13,-0.009202148801566477,-0.005758507133197206,-0.008583290290974889,-0.006912463041861901,-0.010013329160469821
2019-03-14,0.002972800540527702,-0.0013675124416516146,0.0030033617463930255,0.0007659360373558631,0.003536687749228934
2019-03-15,0.004144977977466305,0.0047238255520833956,0.005976402053343305,0.005703121970614961,0.005091703157720309
2019-03-18,0.008171862358292833,-0.0012844738281083843,0.006010514370633407,0.004068413051398209,0.004641605312679853
2019-03-19,0.0037604312989962287,-0.0038659156795436416,-0.0009858221507668386,0.00044954242778088996,0.0022846790516558623
2019-03-20,0.00022151068085716086,0.00013984465042757852,-0.0008544466136684693,-0.0005804310780010077,0.0031934246190790825
2019-03-22,-0.002888929648002941,-0.007377785207814453,-0.00014703227875696332,-0.007866877022489768,0.0019356202319689196
2019-03-25,-0.03203568673663141,-0.029448547755930202,-0.028791540931328456,-0.023567128694364985,-0.024525045193350418
2019-03-26,0.030895145304563984,0.029255976525752504,0.030088129374029014,0.01855728666304827,0.02436792510405013
2019-03-27,0.0015132566644536973,0.004172801691169606,0.0012604651219453923,0.0019154311425548277,0.0022553861161150246
2019-03-28,-0.0017815257392046254,0.00236311991374104,-0.000672510826463097,-0.012025998009137739,-0.011997106495154689
2019-03-29,0.00521750839985832,0.003589934921370357,-5.686944657629263e-05,0.0067348799210810665,0.003089922056394659
2019-04-01,0.025398604554625198,0.02790776862136141,0.030549787560979046,0.008824103180951597,0.017193382516137903
2019-04-02,-0.011170676519636649,-0.011999223459341079,-0.009644008824615696,-0.009248801240941447,-0.0016331579484549557
2019-04-03,0.006475337577411483,-0.004976222238095376,0.006391312396913436,-0.00048299520763380366,0.0021205043292260887
2019-04-04,-0.002314743673617625,-0.00489489721076889,-0.004926468613909575,-0.004424135723764394,-0.001867849513074193
2019-04-05,-0.001734211901181963,-0.001534040879546544,0.0019175486650010395,-0.00017644709585727756,0.0015497509364616022
2019-04-08,0.0019021298244395381,-0.0003969430556802952,-0.0004657117205411311,-0.00011572377539329105,-0.0024907389971609148
2019-04-09,0.008568532976110444,-0.009688869561736755,-0.006706598126857697,-0.006972838887836919,-0.0020676339476606146
2019-04-10,-0.0059258108941611315,-0.006204752864639835,-0.007792568043420897,-0.0036983552448016715,-0.007057354182312284
2019-04-11,0.0006821768314117851,0.0017131386309301088,0.00213249687994956,0.000966785094123852,-0.00035923693509504087
2019-04-12,-0.004383377448466941,-0.004302304574435791,-0.008223889367501899,0.00281017761144668,-0.0025003479256605317
2019-04-15,0.0038173532509647836,0.00240426262255274,-3.703947619507729e-05,0.010227888255091001,0.009984499293905776
2019-04-16,-0.0030986402295883186,-0.005111108230842344,-0.006423044529385979,-0.004396709895290737,-0.0017301964225860595
2019-04-17,-0.004635724337839101,-0.005385963054082931,-0.0016586110433908846,-0.003468698875371853,0.0018438443879294202
2019-04-18,-0.014794374518092627,-0.02470927584856384,-0.01242526459704984,-0.007691179301634207,-0.005954058371665238
2019-04-19,-0.001442244370458217,-0.0023741125233455963,-0.0033378782306386807,-0.002708385640698053,-0.0031288373822428474
2019-04-22,0.004154986316374577,0.0047519514957668225,0.00503001805996257,0.0037356336398373102,0.004013745633709994
2019-04-23,0.00615919530017651,0.009539042979603547,0.009087460466196016,0.004852536874250162,0.0050664018431814005
2019-04-24,-0.004088409385838282,-0.007005290599386109,-0.009971438889599829,-0.007065350494434903,-0.011764585768053462
2019-04-25,0.009854432928345543,0.010718743157370638,0.007419316430714936,0.010951120122021943,0.0039006177806779597
2019-04-26,0.0008497506829272406,-0.0007993767340942659,-0.00036232847515630436,0.0025001350223093116,0.00023819350738604696
2019-05-07,-0.008048765654558688,-0.003994708603226101,-0.004570339779849336,-0.0016217058502334058,-0.01003330761316415
2019-05-08,-0.014042535967513363,-0.00981512932384783,-0.014086216716044027,-0.01842783141201531,-0.01728221682081065
2019-05-09,-0.008320554465191473,-0.007281184132302534,-0.016977001965933644,-0.002785386483523907,-0.01405466703857718
2019-05-10,-0.00714100325011312,-0.003953260240654638,-0.0025767577641661746,-0.0073120894801536294,0.00042671540657913655
2019-05-13,-0.0003224913477005466,-0.0005244942560815179,0.0031816767289866324,-0.0016498134411974202,-0.004796372592238767
2019-05-14,-0.010354082043922888,-0.008575882375199257,-0.0027478573300878184,-0.009233602775780168,-0.0017371504393589436
2019-05-15,0.0073780305053534456,0.004953744290919332,0.0031453747932042356,0.007254402901122668,0.00690708973066085
2019-05-16,0.0011110167159892644,0.004004417300919545,0.002800056359818829,0.003122430672050123,-0.00328342669381381
2019-05-17,0.010120509600005732,0.008911073415330442,0.006954871486790462,0.007221750497397275,0.011238695873280897
2019-05-20,0.0022194399480515363,0.0007584565681184948,-0.0029420495203161673,0.002925496243768322,0.0034167150350546175
2019-05-21,-0.007707533648425672,-0.005211591166941555,-0.007536844139989291,-0.011735962006488751,-0.004980297637926297
2019-05-22,0.0010711956076514262,-0.0033929280868470707,-0.004526678222309646,0.0018571167396286166,-0.0011931522089804214
2019-05-23,0.0024543020517178256,0.0037723315471030966,-0.0016541922191776683,0.005585138520334033,-0.0047091471131583875
2019-05-24,-0.005839267457144078,-0.006534116454208816,-0.004866925132588813,-0.0004291926423511975,-0.0024541427144130932
2019-05-27,0.0020235496188506404,0.0026053639905854837,0.0022455683810143883,0.0010466697903391859,0.004707098502411321
2019-05-28,-0.005462676870890707,-0.006013854057685481,-0.0035762613954727343,-0.0015654008217808662,-0.00024248967013967292
2019-05-29,-0.0068934676757809775,-0.01032618569253614,-0.007112433653033099,-0.01954844302927629,-0.008414204836223444
2019-05-30,-0.00022588172930148041,0.0028234987708931703,0.008444580070533265,-0.012688032010702052,-0.001609200174738445
2019-05-31,-0.009872075431332774,-0.01653472370826431,-0.019346298212906104,-0.01307621329883538,-0.016392530365081256
2019-06-03,-0.0006641249792705746,-0.0027065104648283,-0.0031943662496728966,-0.0003139910163678949,-0.005600613352344859
2019-06-04,-0.004532801180257031,0.0005351072280574095,0.0002590068450302053,-0.003167793048807865,0.0025311709494294597
2019-06-05,0.013332906920826459,0.017679213485818374,0.016642142527470746,0.008168683082310276,0.017948249819270932
2019-06-06,-0.0007385381165452671,-0.001451471551475545,0.00023213747489332192,-0.0012078869190857446,-0.002388989964126274
2019-06-07,0.003834629354605768,0.003763813653388615,0.004637868039028658,0.0038664836122473192,0.0036628163010745105
2019-06-10,0.014925548841364008,0.011665617001174388,0.013653835108253742,0.012536778123164258,0.011154982025114543
2019-06-11,0.0025117541115157005,0.003801833803246982,0.004415991007856345,0.004166811577908952,0.004480502482986405
2019-06-12,-0.0005282701692647571,-0.0016422996717795518,-0.0032513211312926666,-0.0002286622872635025,-0.003945072409691722
2019-06-13,-0.008257465163391872,-0.00913927545441752,-0.009468931579835825,-0.006586840113860131,-0.008035770034892285
2019-06-14,0.0014676759734606687,0.002546090290561019,0.0019791705255542114,0.0025726368817269004,0.0038327190132538213
2019-06-17,0.0016504439679260706,-0.0003862519981730066,0.0009650098936236957,-0.0025388086908038456,-0.002036877867562424
2019-06-18,-0.005557329244713516,-0.0022671422061394464,-0.002696211436053077,-0.011973643644214731,-0.007172277091391488
2019-06-19,0.015298780992132386,0.014246303640567238,0.01480270037303773,0.019277374825369994,0.019876278850746058
2019-06-20,-0.0013226552368252216,-0.004704238149577305,-0.0021231487487282886,0.002235589489823356,0.0009307890289457504
2019-06-21,-0.0035670746009311234,-0.00425196555116843,-0.004514394588097516,-0.002264609960364674,-0.004845369838851761
2019-06-24,0.0010662406023401727,0.004105492613572445,0.0045203502494983155,-0.0030023509133382167,0.0002887664516340953
2019-06-25,-0.005875096880533907,-0.006725057905755996,-0.006544655477853061,-0.001869298284791856,-0.004839464088415876
2019-06-26,-0.005998978308933084,-0.0019299361741283555,-0.004742009699775235,-0.00748560346192271,-0.004061219660829431
2019-06-27,0.01036459711980897,0.004870671547995992,0.010555116720391416,0.011289214890648592,0.010891033520894173
2019-06-28,-0.004145318047949563,-0.0017025511227447446,-0.002107999933565285,-0.003506855563180704,-0.0023598359122474406
2019-07-01,0.016660534035012838,0.019529665547968124,0.02236938848047172,0.019937715382039794,0.019084327233029674
2019-07-02,0.0017453283893118835,0.003832640870558051,0.0014824226920924569,0.0024437066927057135,0.00015733251652799382
2019-07-03,-0.005896362821543938,-0.007814170720943956,-0.010266537074802028,-0.00817829844659062,-0.0064943796309839845
2019-07-04,0.005847274443907856,0.006294900422046245,0.006293836065041061,0.007139368990004027,0.006687826513125891
2019-07-05,-0.00507009872238473,0.00013296829320147177,0.00039532196626640046,0.00125246057242107,0.0006939446206865411
2019-07-08,-0.0069029538105585524,-0.006765724246595563,-0.006518938089017238,-0.009311102638865747,-0.008706730090132916
2019-07-09,0.005376800997484251,0.0061389294157180785,0.0005276168705525389,0.0021228995078070977,0.001119195519334819
2019-07-10,0.0005334979449783132,0.00027867348819792957,-0.0019091040519127877,-0.003919292797576898,-0.000789761003227193
2019-07-11,0.000671300251063628,0.001571968289117365,0.0032716909250374735,0.0002580530286284819,0.0036943001257194676
2019-07-12,0.004249575802246456,0.0034373949480925015,0.0019153651106968929,0.005898386671758876,0.001496699632739682
2019-07-16,-0.007150622978389182,0.0003070703457187994,-0.0006036267148832034,-0.0012616976907371363,-0.00546852845605822
2019-07-17,0.004441290160156982,0.002681802145138611,0.004095284967337214,0.002240886140258019,0.001446463645809675
2019-07-18,-0.01916320554185598,-0.017402208744053006,-0.0181690019973,-0.019721634109603578,-0.020082173573788487
2019-07-19,0.01648879252087814,0.016400571189308006,0.018408918280046902,0.021145387110078802,0.018993757804995473
2019-07-22,-0.017951128173567928,-0.013605735307661146,-0.004576617429700964,-0.01643747169894418,-0.006451199105385504
2019-07-23,0.0047146628709353045,0.006849813700146898,0.004584415158015974,0.005093871112010953,0.0056151146703164725
2019-07-24,0.0016768181929153242,0.003313349659205536,0.006432855095096143,0.0002669925157229993,0.0015703451746237002
2019-07-25,-0.0005800952185299701,-0.0036968261404492723,0.005620486048065698,-0.0011029554394803003,-0.0008287148500564441
2019-07-26,-0.0009242109018429452,0.001166643588437896,-0.00372999492805962,-0.0006067946424503402,-0.0035609614279684156
2019-07-29,0.0037908088329190776,0.004082128697483046,0.0029805439181658064,0.0029411886604702184,0.0002337100552061961
2019-07-30,0.0027481140094698137,0.005769957379049591,0.0014258852311888372,0.005950156418576724,0.004268674175114288
2019-07-31,-0.005489531211274292,-0.0048564719086840544,-0.0068299461268456485,-0.004343198125191842,-0.0058225568345314825
2019-08-01,-0.003541602692071892,-0.0007350283492127284,-0.005030160702231749,-0.004466691135249995,0.0010656364592002644
2019-08-02,-0.006853874411738988,-0.01781410801975596,-0.015925951861428488,-0.01546820891820841,-0.020517505119439665
2019-08-05,0.01247214635658186,0.004583959494561993,0.0028691100623848375,-0.017350451077062564,-0.016563143942289308
2019-08-06,0.005926432299433423,-0.003902357943464825,-0.008854083625874413,-0.01238699863473948,-0.00331807027746717
2019-08-07,0.0007713934334376102,0.003347941225350989,0.002725557665688816,0.0006143455023701803,-0.00029681238334139707
2019-08-08,-0.016496656818000974,-0.017298375012199125,-0.016041137209726466,0.0025956784546747264,-0.0034721564933052405
2019-08-09,0.013560165828553987,0.002999360128208057,-0.00012293357385895632,-0.0008727855366636021,0.0029998332462542543
2019-08-13,-0.009040072697432105,-0.006687011671167968,-0.006849783275164025,-0.01660385317801068,-0.013764142259093051
2019-08-14,0.006346037158925058,0.0011449632973555266,0.004629199480961759,0.0025525169768365616,0.0064274662578987715
2019-08-15,-0.007118244515339693,-0.005821849311522721,-0.005977523661718298,-0.0048131020447754105,-0.010752003697426913
2019-08-16,0.004706985296711586,0.00347487611915723,-0.0004295086786606794,0.0010261149615313951,0.0022412210252694556
2019-08-19,0.006610830129915816,0.007444363666231942,0.00654891912101851,0.0011468523683527093,0.007706393537519023
2019-08-20,0.004543649592047191,0.00402120752575974,0.005372162570024357,-0.011469387038656263,0.005141107414336172
2019-08-21,-0.004994968908353641,-0.005712731702527498,-0.006799738478968877,0.0001675746799425417,-0.007647425641905417
2019-08-22,-0.001688507889257733,0.0010022609511246127,0.00025863781470591594,-0.002286491990895979,-0.0009054842905917761
2019-08-23,0.0032316085653259453,0.0017541053868567363,0.003132412922614013,0.0029780904124059875,0.003382631072652447
2019-08-26,-0.01195195104767121,-0.008861044039174941,-0.02474523041381573,-0.011298013708044747,-0.012958806619379454
2019-08-27,0.003006749267940323,0.0029869472677551316,0.002155662221112754,0.0036102328992434272,0.005311933900128161
2019-08-28,0.0005364485317978368,0.0018388593317507703,-0.0003033339412084141,0.0010504939982280345,0.0032223883735006007
2019-08-29,-0.0003352909038763742,0.0016144347357988664,9.608031830865289e-06,0.0007051421171899649,0.0023072139848470054
2019-08-30,0.012558370666196805,0.009978793784013727,0.011091802525255353,0.0074732788060591195,0.013511306029478904
2019-09-02,-0.007457464217853376,-0.006487848069252795,-0.008428751011005691,-0.002739877168980577,-0.003278070502680076
2019-09-03,0.00347448621187059,0.002157291880578181,0.006036245859968363,-0.00033276751148326436,0.0038393743915284394
2019-09-04,0.00036949482322835066,0.004601384060597439,-1.8503711902369746e-05,0.001068283831818285,0.00023843237885860764
2019-09-05,0.014765587767204815,0.009551664483302778,0.014623468491825048,0.011971318824326328,0.017006469366547563
2019-09-06,0.008719726414923634,0.00394378809202137,0.00880013460240488,0.006374192987755392,0.0018323908869916476
2019-09-09,0.010333890115367792,0.011891783389715697,0.010325330421576205,0.00600816282453181,0.008140187241660901
2019-09-10,-0.007772073165098736,-0.011464204120963556,-0.00814862217726358,0.00014807133897864013,0.007173762055940647
2019-09-11,0.01548989278910782,0.010868209763320171,0.013686468384561617,0.0012328391422819504,0.018230303270707578
2019-09-12,0.012490790671483043,0.007196999051931513,0.00860704582056371,0.005964991660553823,0.007940156668829901
2019-09-13,0.009921352782687269,0.010567085664059998,0.007587431578395486,0.01021529949371063,0.009646932887472605
2019-09-17,0.011561042369925618,0.0035176687918726476,0.016145381703755877,0.0008495500612899168,0.0075537112145846255
2019-09-18,0.0023299737893339853,0.004339661511110233,0.00512267922576123,-0.0009613065649857795,-0.006781522283083936
2019-09-19,0.007986446917873735,0.013135002358333134,0.005517268825509336,0.006414061336360237,0.004876652159626999
2019-09-20,0.0039768955993056835,0.018986755695357325,0.02078649910520805,0.0029895944846473296,0.0013246172302956852
2019-09-24,-0.0008924032836484801,0.019034853993096585,0.0011188402852734159,0.002015095311122363,0.002511896679262433
2019-09-25,-0.008143109830728409,-0.0005175841924545718,-0.004952794244274787,-0.005368974669790789,-0.0015845628162719722
2019-09-26,-3.019819061896717e-05,-0.0035300898784948655,-0.0015212700019830282,0.0024447389834281984,0.0014895950815990906
2019-09-27,0.0027632179344447647,-0.00239624639225288,0.004476424814258788,-0.00024444542306471275,-0.0022870748492804576
2019-09-30,-0.01402806415857513,-0.016423914303467114,-0.011469298171679581,-0.007760294655061124,-0.012825743723146129
2019-10-01,0.0011285354465040349,-0.0009013651364459629,0.00022323407278284022,0.004275018591377708,0.007139682467791423
2019-10-02,-0.0017419061218933145,0.0031070881762870622,-0.0034696334188150423,-0.0077183567093214835,-0.003422351746313537
2019-10-03,-0.015650276305821387,-0.01338717807883443,-0.013857841864939147,-0.027527350414548846,-0.016923481204862395
2019-10-04,0.007264123481450317,0.003396283332001029,0.004481519623145663,0.0035464877254346764,0.003414031575890965
2019-10-07,-0.004951851151712099,-0.0013934959060993514,-0.0035238767958922093,-0.0017708654428548881,-0.0018813636140264764
2019-10-08,0.004555086126154845,0.0033400175338783623,0.0055436098728946104,0.0029821872873302367,0.005666666646358984
2019-10-09,0.005259522057144695,0.005193470270328513,0.003911182394009095,-0.002507215205520757,-0.0026597890134928176
2019-10-10,0.00020228754308714115,-0.0049362795566146875,0.004177666971085994,-0.0013287750370903123,0.0025778706050613993
2019-10-11,0.007246723247984372,0.0056670072661617705,0.005815415385486443,0.0044883931074231505,0.01083818159294851
2019-10-15,0.021976135940785714,0.017297526945363306,0.017316820763498327,0.01100800301486464,0.01608761259087761
2019-10-16,0.001415308036108985,0.0002030307167416674,0.0009156501360201181,0.006350447208274592,0.004754344099982441
2019-10-17,-0.00528406141668199,-0.006710696001208477,-0.002584959244029319,-0.004076255250405249,-0.006116233412935772
2019-10-18,0.0005335371149773937,-0.003517174625733671,-0.006778352019675987,-0.001567645886155088,-0.0003273893826914508
2019-10-21,0.015195951173143247,-0.00043246555329388373,0.001877874712647777,0.003540904280210187,0.00556967318899318
2019-10-23,0.008955812560450289,0.009980243396674006,0.007285979407839308,0.006415241535784761,0.006054532559353779
2019-10-24,-0.0003638721564018809,0.0015548262845097292,0.0014864700011903674,-0.00014159379081217873,0.0033942823771221224
2019-10-25,0.004777283167970721,0.006022320164433736,0.005051611852684321,0.005369544356332613,0.002038119900692605
2019-10-28,0.00998391299629577,-0.003245861183798305,-0.005365189412810875,0.013685041886452684,-0.0009803062937922056
2019-10-29,0.006710524640854576,0.0040072449578832815,0.007308020699820843,0.005216963198803277,0.00904155164203896
2019-10-30,0.0009246928054998734,0.0032003179141686182,0.0027509322955527613,0.002211267891857497,-0.0035210402051619846
2019-10-31,0.001658541738337699,-0.00020880527823239833,0.002199317466941718,0.0025413169947477022,0.0034151331651517923
2019-11-01,0.00348853038946914,-0.00038197823311411226,-0.0038596161278904974,0.005075222177852579,-0.002223527900545041
2019-11-05,0.009632039888896955,0.005342389736280095,0.02583721699570684,0.011517285080640038,0.018244679565616526
2019-11-06,-0.0053022222322912085,-0.003081348551824004,-0.008360815563973572,-0.007795102530582757,0.0014307636767669208
2019-11-07,0.0008185378318757788,0.01843204709902873,0.002440116174846708,0.0019779152180768493,0.00042534471646524187
2019-11-08,-0.0028415740163089277,-0.0006721349780575386,0.00018335300522747417,0.0030173181572530398,0.0018208364152950335
2019-11-11,-0.0002773560271084981,0.0013563599710544934,-0.00016106042852336217,0.004917541672160857,-0.0019509169416626626
2019-11-12,0.001324780776332561,5.034455636830003e-05,0.0018853509044734183,0.0023849882048328653,-0.0003333831603865687
2019-11-13,-0.006674281066566969,-0.006435421334884178,0.0012559750183135446,-0.005074369022437712,-0.007140859205954914
2019-11-14,-0.0069820416938144066,-0.005129689276254144,-0.004136168995735298,-0.006091820665617232,-0.009440580598997567
2019-11-15,0.0059348417564169,0.0047310635735630276,0.003917067701436936,0.004829229113398709,0.0050238374173765575
2019-11-18,-0.000771888696516266,-0.0003460064330116886,-0.0019150583923346024,0.0014217768099071733,-0.0006403816266355064
2019-11-19,-0.004334505513130048,0.0009887360886170864,-0.0010645869400194648,-0.0029597647433959205,-0.0038337898605013392
2019-11-20,-8.198531922547279e-05,0.0014088976448762025,-0.00022719127129623056,0.017097221202893892,-0.004617692932396046
2019-11-21,0.004056956804298408,0.004617983323322946,0.0006781257321474027,0.00015160533019249856,-0.0002058204001264737
2019-11-22,-0.00024681193836335945,-0.0029966969962610616,-0.0006864986345292028,0.00205008429114663,0.0013034519015478136
2019-11-25,0.005475994810325477,0.005624430511357416,0.005433940575338338,0.001720685370534071,0.008811905432089392
2019-11-26,-0.0008298458181675418,-0.0014557929904685633,-0.001986983469230152,-0.0004443831319887471,0.0005204472285139432
2019-11-27,0.0018600059654757318,0.0003437993437456511,0.0016967710420023934,-2.5290495240757295e-05,0.0031671132591134456
2019-11-28,-0.001122005907221891,4.5490466567468715e-05,0.0008892055821347081,0.0006298102905785076,-0.002056681986539391
2019-11-29,-0.006748917241281414,-0.007482269291907819,-0.006524160449088204,-0.004356207466691829,-0.0051439427850004885
2019-12-02,0.011205130675300668,0.009342852014764327,0.009760244180102375,0.00870424435829071,0.008347152294048548
2019-12-03,-0.004655372208193529,-0.00597796021034902,-0.003836290015159934,-0.0027654093277322944,-0.005880960698246354
2019-12-04,0.0012125166273250479,0.0008974662800278711,-0.0006806432021846373,4.2253776692227586e-05,-0.0018765443037551198
2019-12-05,0.019740216361552525,0.018547966643546233,0.003916087932787773,0.004776092622631238,0.007352947245533213
2019-12-06,-0.002661921672359294,-0.0025983650928018487,-0.002016951991313182,-0.002597557350225567,0.0001278834619491518
2019-12-09,0.0011422082836638349,-0.0007081877823437895,0.0020296504476496305,0.006523627541248188,0.007091789222674006
2019-12-10,-0.00061925326267215,-0.0012711822655336338,0.0006824409118723002,-0.002742759837457374,-0.0018405325268514114
2019-12-11,-0.0007787198039250187,0.0017124913612000647,-0.00023693667467361416,-0.0006507786471193133,-0.0009254486909632047
2019-12-12,0.0023595267367771634,-0.0014326178616996931,0.0014689545069312552,-0.001396209838216516,-0.0008218485934271547
2019-12-13,0.01902709981351522,0.012910578569548432,0.013928786900932745,0.017489473201967153,0.019338805094355878
2019-12-16,-0.006592493176770209,-0.004235797985427494,-0.0036273809218379037,-0.0026998628910414016,-0.0026710818967897298
2019-12-17,0.004129675426583615,0.0050651963347603975,0.005309086544990642,0.0010695521199873968,0.005417734618192982
2019-12-18,-0.008818983453795089,-0.005430080089373832,-0.008281354984701127,-0.0032969732415264836,-0.0044986500539537675
2019-12-19,-0.002552561133540857,-0.0009392347479661017,0.0020959345391417007,-0.003931616568517838,-0.0021785767649493692
2019-12-20,-0.004114938287428451,-0.0035593467935852085,-0.004592315716215138,-0.0019327798818937047,-0.0026548183620627927
2019-12-23,-0.0002412060072312425,0.0014832207915140899,0.0006552154805993637,-0.0013267341243932721,-0.0029394360648552454
2019-12-24,-0.0002813632385405604,-0.00122049701328751,-7.638307231288465e-05,-0.002653405928268961,-0.0021242205767800543
2019-12-25,-0.0006267559205542946,-0.0009537174567337082,-0.001073192184974233,-0.0008112955636568294,-0.002743490279134729
2019-12-26,0.006163047792925866,0.005017305926226854,0.005134739685955181,0.0036937435993927253,0.0045930846900020875
2019-12-27,-0.000814131220815396,0.00026314406803553043,-0.0008538896753946668,-0.0004217237571788591,0.0025393080380718227
2019-12-30,-0.006531769518081203,-0.005963738660950595,-0.005484467378577384,-0.0038027139300237014,-0.007167910988518126
2020-01-06,-0.013196386549417651,-0.014160306692325531,-0.013892727088864222,-0.011533695222129948,-0.011330635277414089
2020-01-07,0.011108765173093841,0.01087942452897718,0.016084882541135437,0.011426137286158659,0.013182255704845335
2020-01-08,-0.008701072801996708,-0.004890425134251619,-0.00718581605608199,-0.006632679489214687,-0.012145699197277132
2020-01-09,0.01348490739805165,0.00970206369929886,0.030732361090720615,0.02270744639231626,0.013629475613251282
2020-01-10,-0.002298891681151929,0.0003649761343626891,0.017436248869182474,0.0015439921506271703,0.0006811433823001257
2020-01-14,0.006352480125015906,0.0029733706578078866,0.0033199052398122414,0.005779027046748052,0.00526294563744153
2020-01-15,-0.006344137643671575,-0.004290414686433043,-0.0034653181602385765,-0.004881569832115721,-0.0057714646882144624
2020-01-16,0.005464184625018521,0.006659959774546269,0.004051107248335232,-0.0014063062742343498,0.0003790743015487989
2020-01-17,0.002011485746578507,-0.001670621362967958,0.001161592837511207,0.004854645882120119,0.005477019929843784
2020-01-20,0.00449192272321795,0.004404192490190113,0.0011549932502959836,0.0053641402445503295,0.004987584118671469
2020-01-21,-0.001456909085545589,0.0006727566467683258,-0.0013765066613673261,-0.003007965194806556,-0.005591615455828664
2020-01-22,0.011714940313158385,0.0058651621823698685,0.011133920505882584,0.004330029340246025,0.0025133415172036372
2020-01-23,-0.0035340426728290688,-0.002239701010050453,-0.0024191494077908555,-0.005614815623857402,-0.009632918914629326
2020-01-24,0.004408909704727141,0.005189329750664722,0.003559895135357762,0.0016663378176003693,0.0009595098283295748
2020-01-27,-0.006991339188344284,-0.004830771810735531,-0.004468527796771867,-0.009863025024544987,-0.01089440825117713
2020-01-28,-0.006144175186048659,-0.002605803758593889,-0.004020723334719063,-0.00946299274874897,-0.007340859293604975
2020-01-29,0.002898490988765529,0.0008153866977182135,0.00044015376159871095,0.003016641337687149,0.005115792175034509
2020-01-30,-0.010066277847592554,-0.006363496580377871,-0.010768044857459507,-0.009677142486608864,-0.010980116591064862
2020-01-31,0.008422599808339138,0.005534093531919466,0.005856072284088648,0.004234069733578758,0.005596889016842184
2020-02-03,0.0004214924301048057,0.029051126407532414,-0.003942005058599048,0.024046506862749423,-0.004327987533145487
2020-02-04,0.00619685836328922,0.010574340779835639,0.007670719111106693,0.000690471900356728,0.006356884002061887
2020-02-05,0.010711613802725905,0.005475284779913797,0.0037758723964453006,0.012066849871639454,0.009429080937569912
2020-02-06,0.014106664824518665,0.009716014616203516,0.008422670761196165,0.029937261589678722,0.019741972758717443
2020-02-07,-0.0013541344163280184,-0.0029539157415194458,-0.0011438789916981534,-0.008328294201416155,-0.002891244394659184
2020-02-10,-0.006077822961426506,-0.005046126454927776,-0.005091747596431922,-0.005138570040110091,-0.00662846813728847
2020-02-12,-0.0037814196967063513,-0.004809472501072773,-0.004522651108696226,-0.0008390533473350772,-0.001580152637095527
2020-02-13,-0.004220922708479678,-0.005455697977827585,-0.0020854636250081824,-0.004869459029403751,-0.002208274891212817
2020-02-14,-0.008829579891527026,-0.0088626461142012,-0.005999898447315192,-0.0057423267884764055,-0.0072100282221663
2020-02-17,-0.0028383684381495062,-0.008757926762923125,-0.004413982065140333,-0.00390868678937745,-0.004568571896228819
2020-02-18,-0.010729953776974952,-0.008793161467754213,-0.00952446170501041,-0.008135093307780089,-0.008904706470565616
2020-02-19,0.006827529688192829,0.005494849396887656,0.0045572720180330015,0.0033814723522269737,0.0013277408459829482
2020-02-20,0.003427994811321056,-0.00039247094832159954,0.0008176026877429799,0.0031025460400390045,0.0013831926515640667
2020-02-21,0.0014170641986357216,0.0019490391420605247,-0.00046182172283992936,0.004624549291384742,0.0023151848150979593
2020-02-25,-0.03246447646257549,-0.032596200079483814,-0.023120600582663995,-0.025448952164145604,-0.030741944103988672
2020-02-26,-0.006208528336913882,-0.00963085108486714,-0.00574348865844886,-0.003400251458653865,-0.00960207723486985
2020-02-27,-0.017295324304481142,-0.018418112459986185,-0.008923486321259525,-0.011507606973929585,-0.023484250510437166
2020-02-28,-0.02732145004534862,-0.03925341000920056,-0.02352656890097346,-0.0311258322829314,-0.034161085183386376
2020-03-02,-0.010801226006168585,0.001413493203883153,-0.0017804421617001113,0.0019023261862047692,0.0011086251682220054
2020-03-03,-0.007901874275764277,-0.011940368912534022,-0.010185857520733189,-0.005942396950811422,-0.012399654992949033
2020-03-04,0.0019264800405073956,-0.008488397962676772,-0.002947457652838757,0.004859573814148039,-0.001700206352592179
2020-03-05,0.007868407027738888,0.006520510127593974,0.009838469778632264,0.002467355250942049,0.008373299984352375
2020-03-06,-0.01507937010450949,-0.023663573222157817,-0.006914379036357805,-0.011906657579333119,-0.029490177056893767
2020-03-09,-0.0118629794407772,-0.041596705681859907,-0.038263008995309246,-0.0075249682571024105,-0.05919909720668391
2020-03-10,0.009638652301018524,0.006864007960321607,0.01439519400570905,0.0066567934928253815,0.009601824819256385
2020-03-11,-0.014405347127206768,-0.009174202921618914,-0.009654299333614948,-0.022395206359541897,-0.012673601637899563
2020-03-12,-0.04933580438367788,-0.06554850280973588,-0.045327613135859604,-0.03141846695532081,-0.03963178166906227
2020-03-13,-0.07599331150704722,-0.07075080847367578,-0.06397628669887404,-0.07097405861569407,-0.05790591489485735
2020-03-16,-0.035224505283113904,-0.024356883813723532,-0.035616015487923584,-0.04382598983027668,-0.016145201233531626
2020-03-17,0.00716002049384728,-0.006784467402437245,0.006286306912894554,-0.010815603241886785,0.015740641902121943
2020-03-18,0.006961825812058623,0.013593861843052007,0.015752501599214593,0.015184905516407138,-0.00476848063707417
2020-03-19,0.022236432830453956,0.03118936625396178,0.02809760465207277,0.020625544646169367,0.00919959584678291
2020-03-23,0.00045397654069643904,-0.010891079690596965,0.0015229625884538613,-0.005322239966031959,0.01133873800769604
2020-03-24,0.013126683848591308,0.027055323830562805,0.014766370637503447,0.027251427496676427,0.04264009613049654
2020-03-25,0.07307471199102022,0.05750044104617861,0.07154591184547762,0.07642344344250511,0.07581378268458557
2020-03-26,-0.029936608951719106,-0.019442829021156585,-0.027096932816497846,-0.029381204337227147,-0.027566726845740106
2020-03-27,0.04381483141882403,0.033891229850659066,0.038754761150325306,0.034266264899258686,0.03529955560378047
2020-03-30,0.011701448075881415,0.004180442256827291,0.0022252625540690103,-0.002030355999269051,-0.0006012526042448349
2020-03-31,-0.020946711321576314,-0.015143093765957827,-0.021491133890452926,-0.02922946366640143,-0.024075134392610054
2020-04-01,-0.036941968135129614,-0.040466813600705136,-0.04234932507949233,-0.03651705480111215,-0.03383247833500946
2020-04-02,-0.01563800741209929,-0.012167441254930342,-0.015660569024410497,-0.01570165790612895,-0.015956630567060887
2020-04-03,0.0012849841546617364,0.00246709299037469,-0.009305146338667091,-0.004810549881930385,0.0017052564626416204
2020-04-06,0.04206884849819695,0.032801643800343346,0.0381555626537709,0.03586160059265524,0.04130326241884432
2020-04-07,0.006435253951663921,0.016174556713489135,0.010650650521568052,0.013466574604238935,0.01639768788841131
2020-04-08,0.022219524695216143,0.010371858243768472,0.02477087122005125,0.010544824460957797,0.011934082386719846
2020-04-09,-0.017815494637942356,-0.0029882340182227464,-0.011365472605977697,-0.011117619829466286,-0.006034693875307363
2020-04-10,0.0064893750680516905,0.008050652674867485,0.005094073759417934,0.007743769396804349,0.011006614004621813
2020-04-13,-0.014140870479721544,-0.0161144496233651,-0.016512026878769924,-0.014524185135139232,-0.017234019394367216
2020-04-14,0.0127182558269193,0.01700710353526686,0.01693905952888194,0.01749752252547535,0.019756136119560633
2020-04-15,0.003807312057651938,-0.002357720357940438,0.005081267881796504,-0.0006048905019718118,-0.0034332935496106387
2020-04-16,-0.012839319349193405,-0.012918804361174834,-0.014541144591603723,-0.013497968199030187,-0.015875645353901985
2020-04-17,0.007057273775960526,0.010746559376576415,0.011766450786184131,0.010832771998919044,0.015539493450925628
2020-04-20,-0.017559989670538702,-0.013042922459220145,-0.020212463303639967,-0.012624112505852074,-0.00977131670642768
2020-04-21,0.00043447110421894816,-0.007842428880044333,-0.004934279836449102,-0.004753866934402727,-0.011215981127752135
2020-04-22,0.0033067341333118875,-0.0025714575173934793,0.00253888975054361,-0.00305866900041794,-0.009393445294019328
2020-04-23,0.009334283071649676,0.015193781408632786,0.008531039582419771,0.012688162961839092,0.018441327996265244
2020-04-24,-0.0016880088397424478,-0.003156736733824104,-0.0003182013709863809,-0.00484126199728523,-0.0042768340157041005
2020-04-27,0.006309510842926579,0.012561428999365095,0.006031896695566378,0.013798662254914065,0.021051306471616568
2020-04-28,-0.006301865752392081,-0.0038435617203279706,-0.003786987210182137,-0.004455648147120972,-0.005624037414460564
2020-04-30,0.0019345283250585036,0.009212135601273189,0.0036649757812190972,0.012409800757263369,0.015273960293662533
2020-05-01,-0.016557603737139413,-0.020391630776355384,-0.016311781318181052,-0.024296903949383015,-0.027897120168488557
2020-05-07,-0.000563072438423447,-0.000638543040929009,0.004712834860644379,-0.0037426441402927954,-0.010689473632413442
2020-05-08,0.022359374080627083,0.026211907369045474,0.01876831105725171,0.024691304009530925,0.02993738549654914
2020-05-11,0.008437974313353299,0.009003271032373195,0.008330274939192632,0.012331868822127475,0.021674286216490674
2020-05-12,0.00409779612954608,0.0027636590398355866,0.0022126292787719593,0.0009613879962925606,-0.006987675021231776
2020-05-13,0.012889303851021255,-0.0018845130044015095,0.010198355497931105,-0.0021860313026494183,-0.004908621523727022
2020-05-14,-0.014742541455849564,-0.018048325223533102,-0.01146380194023554,-0.02063017184361928,-0.018465794611678788
2020-05-15,0.004073431842480424,0.0065612082069971735,0.005129084098878576,0.004750194017894036,0.0015996241953851024
2020-05-18,0.012447910382683924,0.011239709928705481,0.010234783912488521,0.012793136527742369,0.004736586407675777
2020-05-19,0.012354293031582789,0.031689935417753966,0.011940161941228399,0.018245137877259603,0.02137482139896172
2020-05-20,0.013806666366406513,0.024569762848899498,0.026677475308708693,0.023571159241826917,0.005220995869561966
2020-05-21,-0.006608128110552707,-0.0038842377456252417,-0.00577414831979363,-0.00820542601761782,-0.0036921472219521743
2020-05-22,-0.006959870782649649,-0.011124157313045228,-0.00699600045346566,-0.009856983498726815,-0.010846348708677178
2020-05-25,0.01596481318130708,0.013895756846014046,0.01436877710381602,0.012700172197547727,0.019477459630599735
2020-05-26,0.022528882939570755,0.017019039695287643,0.021483739173992857,0.0180145153413493,0.027387087422418143
2020-05-27,0.011394504123321351,0.03197116534369279,0.012020455383604087,0.01608752763112436,0.012854600514368202
2020-05-28,0.012962012050613952,0.025397158113941228,0.029677390221463526,0.019159153279130967,0.018220922065461373
2020-05-29,0.03846761371124741,0.006731838273511736,0.03784680989196424,-0.010269543028632252,-0.01143702058837992
2020-06-01,0.0029435486456008296,0.0013399795443569907,0.002343386950502178,-0.0007720856511713159,-0.0008368008902914563
2020-06-02,0.01617784619474912,0.00809509471462717,0.013531265834106456,0.013565393063212696,0.013202829887497018
2020-06-03,0.047315971444043356,0.007064308326636499,0.0057701923873794666,0.021039298574798745,0.011980604201768955
2020-06-04,0.005917168689395778,0.0006312394015290198,0.006344975679863314,0.00719242321875649,0.00012123073624136684
2020-06-05,0.00540167462098329,0.003994404223959975,0.005441635383502778,0.0059221110435146804,0.013119891975953032
2020-06-08,0.005417517789584356,0.005035871411483221,0.003143851755864757,0.021297185205563847,0.01973718017327932
2020-06-09,-0.0017318981831247076,-0.0037139326754179504,-0.0005537185255191329,0.0013793252327519356,-0.003362716282786154
2020-06-10,-0.0021655367805887755,-0.0049242096203502075,-0.00286148824211526,-0.0058630960196879075,-0.008819044929090794
2020-06-11,-0.01643519766641386,-0.01705672030090962,-0.018185235312477625,-0.019443856628591674,-0.028568909114420744
2020-06-12,-0.006712578287014452,-0.00291719562704016,-0.007694440947788487,-0.009446240021699805,-0.01055199675997935
2020-06-15,-0.017288176434432454,-0.015600640061413934,-0.01929901660955729,-0.01929143583363558,-0.0269066950607884
2020-06-16,0.03172591209777072,0.024762919942402956,0.03418802607998894,0.029702332465140212,0.04314866064912795
2020-06-17,-0.0084044750575705,-0.006002291336280369,-0.007940259091905221,-0.004826049247945763,-0.007670311236965018
2020-06-18,-0.0013760701795251173,-0.002896589882264608,-0.002382057098725938,-0.004058642449142006,-0.00737508585121775
2020-06-19,-0.0029776112798581833,-0.0022614279246428214,-0.003013123030901949,-0.0012281669849398382,-0.003975012592666647
2020-06-22,0.00019890920866435396,-0.0017571516717987852,-0.0011808489362930426,-0.0021423301851667006,-0.004358031236833836
2020-06-23,0.0039011377656364226,0.0010098914087215644,0.0038256686745665007,0.0016661514559398968,0.0025552206953571377
2020-06-24,-0.0028797278702872974,-0.004292954321762331,-0.0017043630278422935,-0.004017044767250752,-0.006675448358876947
2020-06-25,-0.009631301574561735,-0.005206572817044668,-0.010280006596496433,-0.011936629988363319,-0.0184827881446893
2020-06-26,0.0045201335704393684,0.004800723102991621,0.017381558282524547,0.006780313024295053,0.010528914560079627
2020-06-29,-0.01674005759097508,0.0006970250041592526,-0.01651340847129608,-0.012663323145217148,-0.018158812764522064
2020-06-30,0.004926379840477666,0.00511779495924369,0.00568657498796849,0.021597696461999723,0.010276559789702749
2020-07-01,-0.009790549639412931,-0.008208762957970525,-0.008397390889457755,-0.01042590472925859,-0.011879029768025358
2020-07-02,0.008359740690021397,0.005437443305972119,0.004132378917705929,0.0051844375980617365,0.007004932532913026
2020-07-03,0.0007993084769229497,0.001531372735025589,0.002240750098409405,0.00025360952651629727,0.000905199137231882
2020-07-06,0.008934488079793058,0.009683805038620001,0.00882032634381177,0.012723008753129155,0.015514924751849242
2020-07-07,-0.007354996714801035,-0.004940880024743906,-0.0066536192814946864,-0.004329234615903324,-0.010158939154177236
2020-07-08,-0.004867898506730767,-0.004418575583925329,-0.003729744218918624,-0.005862967774962492,-0.00793696173343965
2020-07-09,-0.0011232081629969342,-0.00018368064034892046,-0.001040971315691694,-0.0016226338055376347,-0.0029855186855502467
2020-07-10,-0.008552915979501679,-0.007187976866912913,-0.008604762454967517,-0.013195138891265421,-0.01591198447762669
2020-07-13,0.016902021804453316,0.017537245432453226,0.014891411194369993,0.011381404577796513,0.027977436010744077
2020-07-14,-0.0017770311308625128,-0.003218960226756183,-0.0034567900914010395,-0.0011861320060098889,-0.002843016911103773
2020-07-15,0.011248486153449056,0.043540093834558806,0.01184978767077935,0.008009333915500096,0.020013291515019238
2020-07-16,-0.006325525791529685,-0.006185834039231155,-0.007212394265097179,-0.0023378526886084034,-0.0001735155981369266
2020-07-17,0.001295948856903513,0.00028461146164354657,-0.0012183472953319699,-0.0031150840421145867,-0.005987978042261673
2020-07-20,0.0008783804835080559,0.0017206865301517135,0.0017650191407302485,0.002300846301503936,-0.001999193807910863
2020-07-21,-0.00262512615758352,-0.0018154783341233819,-0.0006768696007837553,-0.0019030536212751178,-0.004170022141297178
2020-07-22,-0.0070134667659576344,-0.007008318465616537,-0.007084729976031795,-0.005332882341210363,-0.0047196605699728585
2020-07-27,-0.0002436052454093147,0.0012737174735858534,0.00026698843740435824,0.0032956201775261565,0.0030995236224649015
2020-07-28,-0.005476312711117618,-0.009485028620547847,-0.007172599959088501,-0.004019533757905065,-0.00677889298312141
2020-07-29,-0.009651112232922667,-0.00852402185825002,-0.010330061992258851,-0.01009884057066816,-0.012374952693001946
2020-07-30,-0.02172078952087054,-0.0072291965970285085,-0.020708455153926945,-0.018198119349176024,-0.01107048640869691
2020-07-31,0.004029639213770159,0.0006507086360262426,0.0006411699691470927,-0.007506785663373765,-0.03494912395022621
2020-08-03,0.015561323538772053,0.011262907491263246,0.013693281760772983,0.007844186357126456,0.012757445470789884
2020-08-04,0.016894843580341164,0.017269146886783826,0.011442987822432485,0.005098110451500034,0.029359401792906675
2020-08-05,0.007406824287622395,-0.0024854227306009076,0.004722975195921051,0.0075666151666067966,0.0007954844773216777
2020-08-06,0.0055423179880951514,-0.0006300349713137762,0.0021385297233090786,-0.002279563505759442,-0.0020398408327055775
2020-08-07,-0.0043504662104715056,-0.0007916992366699604,-0.004883392081611501,-0.008620344025825441,0.0017030347468537748
2020-08-11,0.01973552206502503,0.019863755041258976,0.01952533200954891,0.020774092379689517,0.03777640500747177
2020-08-12,0.012776150639550093,0.004123649726167997,0.009294212722536707,0.006155675750075033,0.014788437168561732
2020-08-13,0.00376826769453853,0.009440819395008494,0.005206522964392255,0.0035209941553591886,0.0050505892375560454
2020-08-14,-0.0009416013160255323,-0.0023914286413542966,0.0006912800916253259,-0.002124317107673878,-0.0030394239331595733
2020-08-17,-0.005748728200869122,-0.008908809509075053,-0.00833503494364022,-0.0026210504189348866,-0.007321190154633869
2020-08-18,0.004300198017275157,0.0014561393475061332,0.0036040089886740984,0.001862239597208446,-0.004578172311007588
2020-08-19,0.0022655261662348006,0.00850716610330265,0.0019182061310397485,0.0012460410202527147,0.003967314780725333
2020-08-20,-0.0049290947986945855,-0.005280182069226286,-0.004379206812536184,-0.005790550400703321,-0.006216002064971538
2020-08-21,-0.0030552006678264973,0.0016540353930347635,-0.0028938815857289485,-0.00015947120407944877,0.003161715626362206
2020-08-24,0.00043771028939823683,-0.0007224691915555553,0.000174066786035486,-0.0005204207545825112,-0.0013906010609668524
2020-08-25,0.040112996579990075,0.010752547233086595,0.007882355554572616,0.00864413787373217,0.016675246736654194
2020-08-26,-0.002749136038844157,-0.0026212154030329942,-0.0048235304928585096,-0.003258159388958,-0.002344655508085378
2020-08-27,-0.005093798144613036,-0.0074519744884959235,-0.004417226891945123,-0.004872336852893024,-0.010016184541665219
2020-08-28,-0.009913523440090069,-0.007660679223608609,-0.010109447895306154,-0.0050141723989148715,0.0015805770393011302
2020-08-31,0.01467901299591041,0.025369423973093913,0.00010753035369512559,0.002766388219350188,0.010810023924974863
2020-09-01,2.624519096870487e-05,4.168742920755155e-05,0.0012718164000731418,0.0016385397833220965,-0.003762330720893575
2020-09-02,0.0015507148057854869,0.002422258784030306,0.0019260233721905902,0.0022453513074108893,0.0006293477240775399
2020-09-03,0.004893363387367993,0.00041772398150826783,0.0033089955224044915,0.002829353085727764,0.005467339793678122
2020-09-04,-0.00319363819844028,-0.010752626284830544,-0.006859461594404651,-0.0021607033728885156,-0.003720072521220038
2020-09-07,-0.006676329904961341,-0.014748868569599302,-0.00671889467503355,-0.0020532860645421907,-0.0025566148521080777
2020-09-08,0.008538157127169925,0.0040310430211636,0.00907671839484384,0.0007558597758055528,0.0061620194109141555
2020-09-09,-0.007486201799711988,-0.0037729086010835754,-0.006236286842911455,-0.004139359234324357,-0.01025590176713606
2020-09-10,0.009247145931601626,0.01145534875469921,0.008675846488007271,0.005301033278888743,0.014370243221464199
2020-09-11,0.0020835053747694982,0.007719131608133422,0.008949214866042781,-0.0007194243862290166,0.0048540200301476
2020-09-14,0.004177768090482367,0.005999725164716244,0.005214984592938528,0.0026397540755863716,0.009522959185205777
2020-09-15,-0.017619266947713635,-0.012954301858420026,-0.015353752872995237,-0.014075065716018187,-0.010781283991021014
2020-09-16,0.00016358970640565403,0.0002526242675652304,0.0020998301467388177,-0.0034811007547802327,-0.0029625307143841
2020-09-17,-0.005133713992727553,-0.0067197215983882865,-0.0034030079433810417,-0.0022622266128808416,-0.008511954123072154
2020-09-18,-0.00039136522289293357,0.0017700909656938307,0.0018977297409424232,0.002107590479747674,0.0018293039946522419
2020-09-23,0.0004317651397408123,-0.000660415210890166,-0.0018473656340680556,-0.003620351322785589,-0.0034787329867838994
2020-09-24,-0.009228274274670918,-0.005118695020260109,-0.00919212396417853,-0.008942298040266921,-0.013376315604094299
2020-09-25,0.0016072308002291536,-0.002233285984492087,0.0038058492457733904,0.002724194055072813,0.00018207072824073502
2020-09-28,0.008792950465173246,0.011240141082840093,0.011886668036119546,0.004731527361005,0.014623167590535346
2020-09-29,-0.0017939175020604576,0.02498672621346708,0.029142119994819603,0.03104179432101886,0.0007954477336803369
2020-09-30,-0.01977412735864829,-0.022258588625114116,-0.022405495209322182,-0.011349579632448146,-0.02390104276413991
2020-10-02,-0.013910231886700763,-0.017957397798593032,-0.02049449092513401,-0.0073500086676036545,-0.008714130595825154
2020-10-05,0.010533613716734048,0.016066351235584763,0.013286522878528252,0.0076719736561729,0.023503490726518653
2020-10-06,0.006811904750019799,0.008068706439445107,0.007532425416391393,0.004648664921733452,0.006962099417952502
2020-10-07,-0.005010564039857176,-0.00582595856418756,-0.005868635891441769,-0.0014407638564970847,0.000266358991460364
2020-10-08,0.00456118311505451,-0.0015846774940295482,0.005487130462119092,-0.00027317472795889764,0.0013239279850361064
2020-10-09,0.0006424881346365316,-0.01545057421386105,-0.0033723031046307534,0.006446682419550766,-0.006866035613549105
2020-10-12,-0.01582629152438551,-0.008598750407368787,-0.008985456291494054,-0.0027060655811490765,-0.00336070147129188
2020-10-13,-0.0019623712403008583,-0.005137215081954671,-0.0004649017508042356,-0.0009128040565591408,0.0016434711514262592
2020-10-14,-0.0029273650467178326,-0.004002142639581674,0.00021479943425673962,-0.0030653479476895713,-0.006568774309252934
2020-10-15,-0.004582316489385211,-0.007758768500657504,-0.007462643989266834,-0.002160378954280559,-0.0038068063614415315
2020-10-16,-0.009717323894730723,-0.009551621534927213,-0.008331955664819741,-0.0032368299200374747,-0.006716424123834826
2020-10-19,0.010121310202986187,0.01176813896065072,0.014761482027223584,0.007250048457546812,0.012031784496863308
2020-10-20,-0.008361167755918315,-0.011920347444476192,-0.005497568025593432,-0.0029524246808206567,-0.012352873575634788
2020-10-21,0.006474163424607821,0.006947427488853098,0.005841265672443108,0.0025769856561890718,0.011249873291144376
2020-10-22,-0.005519365106697713,-0.005664794087258825,-0.005000696586855801,-0.007936076743121745,-0.011690840229112489
2020-10-23,0.0018680306777407408,0.004054353512063715,0.0019305153750818998,0.007259108727491439,0.007392176814491388
2020-10-26,-0.00058938571431952,-0.001995827992057316,-0.002980607243221015,-0.004157549614127688,-0.000896226421290411
2020-10-27,-0.0012742598272445444,-0.0036381303035269846,-0.001115390220045566,-0.0018998983793294942,-0.007480215368565268
2020-10-28,-0.006904504611746567,-0.008639629261190036,-0.0034409043132765035,-0.006384912812247628,-0.013864427665617768
2020-10-29,-0.006623524218742828,-0.00595783982178421,-0.005612029458872023,-0.003283236708521425,-0.0010743950190273638
2020-10-30,-0.01737114623535724,-0.024229276874675916,-0.028752162915302176,-0.023117639602224477,-0.019902707828065466
2020-11-02,0.018091913450723453,0.008948695903027114,0.013589195990198533,0.009310304673391426,0.026257662444839538
2020-11-04,0.013581535283217516,0.008480063696698821,0.01579118724159219,0.013763649364774954,0.014319956828379632
2020-11-05,0.0046176823202423965,0.005169588300939214,0.03562482160756888,0.03870637127719698,0.004167004428725599
2020-11-06,0.0016022730722410291,0.005988335106483615,-0.0005146079167405383,-9.279482460774235e-05,0.0061241700433711955
2020-11-09,0.01326208522065412,0.01640953528653344,0.024461083997301493,0.016660019532582816,0.011585745972363663
2020-11-10,0.012067276001819342,0.00855575831390768,0.0060687399970105384,0.0048839567772216525,0.0415282795939212
2020-11-11,0.01626582885363357,0.012536662663643285,0.012580830961646626,0.01663286437435743,0.023211006517172197
2020-11-12,-0.0005367714504439911,-0.004245503159870669,0.0015264133091099452,-0.0043183195225092825,-0.010742904164562486
2020-11-13,-0.01330719976136455,-0.009238475371237195,-0.01441576125637317,-0.0038636151555160735,-0.016997791809365767
2020-11-16,0.009373329899580844,0.01251509028215328,0.016562331948275527,0.009181413791243022,0.02169249392343361
2020-11-17,0.0016309204675726279,0.001744683634042869,-0.004191238179535536,-0.0009874855602147663,0.011562295144582067
2020-11-18,-0.004273669802259057,-0.005021563255414861,-0.009341655296668116,-0.0056155889759171174,-0.01020104805796041
2020-11-19,0.001290078568995892,-0.0019923142143074553,-0.002495027916019729,0.00315410315229546,-0.0002394459593861777
2020-11-20,0.0004373674977316042,-0.00012110247440725056,-0.001943478597787946,-0.003598517510061198,-0.002995011858301341
2020-11-24,0.025899098432435774,0.01132181642988349,0.030616356583162377,0.012347993243243817,0.02008126355590764
2020-11-25,0.005723718663501704,0.008104341164973102,0.008324701846599818,0.006316544446585994,0.0056449288989914035
2020-11-26,-0.0002799059032697294,0.00023537368350924303,0.006786074830585952,0.000783138747457015,-0.00033120570853723105
2020-11-27,0.00110534629024689,0.005591738800666707,0.00795231487277969,0.002757098596527388,0.0008075414499583286
2020-11-30,-0.020119581010177443,-0.022079901695801,-0.009664933101178007,-0.0073663273791478735,-0.0280761285765531
2020-12-01,-0.006431906162730356,-0.0032344029456510322,-0.005343652157268171,0.005849176880106068,0.011601165609516623
2020-12-02,0.005377352732846404,0.007034451573589247,0.007541040238525229,0.006795197684783401,0.01037535588257516
2020-12-03,0.005696422115222488,0.009836600722856066,0.007378838495651107,0.0064836640557760315,0.0064538044958259225
2020-12-04,0.015089212613709407,0.003056152962766026,0.017793086798756207,0.016659670835454284,0.002438549417597817
2020-12-07,-0.0022620128549525735,-0.01074018815301786,-0.00731456283557091,0.00046195865668404194,-0.0056959362686946685
2020-12-08,-0.00236717182435141,-0.005594901664069522,0.0002513027935661217,-0.004699812154362342,-0.004082016218469521
2020-12-09,0.008805821672971392,0.019120331772113152,0.024707079112881825,0.006835436700134737,0.01161333555488437
2020-12-10,0.00035072509039105545,0.03083656282714388,0.02325475880610656,-0.0026805954844306965,-0.0008333257376504725
2020-12-11,0.00499900572646207,-0.005130848316347384,-0.0008309590149695322,0.000652166422449632,0.0011404752869183118
2020-12-14,0.005283558832298623,0.006782274983130987,0.006183524253521275,0.002448233516898235,0.004424561861578991
2020-12-15,-0.0015854150239761845,0.0003457793184910228,-0.006548863887203092,-0.0011459530450021141,-0.005577716415707995
2020-12-16,0.005346772749420611,0.021359563069159163,0.008800436049233846,0.0009752715407775709,0.006498416132639858
2020-12-17,0.0019852591168620444,0.0014159163728831301,0.007770897013560403,-0.005946803199922068,-0.004161049743828889
2020-12-18,0.004608607423355722,0.00880074397380611,0.001361211867487486,0.00555388989728853,0.004600539851065307
2020-12-21,-0.00415318079267934,-0.0003118856184172893,0.007106547481683157,-0.004920546186266174,-0.0027622628111987346
2020-12-22,-0.01806464843244316,-0.02371781262083498,-0.017119090813392083,-0.012554527696733686,-0.015665877947846556
2020-12-23,-3.080199802483368e-05,-0.0009205759777080381,0.0027715323363617815,-0.00015283925592928703,-0.0016723405214976183
2020-12-24,0.00793773094909147,0.007053545850394166,0.008769614348249192,0.00932950607634383,0.0099192370487427
2020-12-25,0.00454435542546688,0.0035324792113267285,0.00029711394358492146,0.003032947662017643,0.005589907675067354
2020-12-28,0.0024818000189068042,0.0038713399851201596,0.008819653260111379,0.003540914957770168,0.005636573821792899
2020-12-29,0.003982503586015819,0.01481061066091654,0.017405419036407303,0.008636754605350266,0.015749560520752676
2020-12-30,0.0027249191244636374,-0.002715374624193384,-0.005870823499629679,-0.004163765366577534,-0.006377596173329587
2021-01-04,-0.007522855000827953,-0.0021945179675805847,-0.003574013888823465,-0.006712077211261486,-0.007396350523881976
2021-01-05,-0.0034868113808149636,0.005287034207402336,-0.005633047737815988,-0.0014808780789277464,-0.00438197888466778
2021-01-06,0.0105104246508941,0.011787755864462074,0.0017879208207411661,0.008503970673216404,0.013065497700343225
2021-01-07,0.016695798767358085,0.023036532093772336,0.02229632743433089,0.02974617573872701,0.02316852529406407
2021-01-08,0.010304499502239753,0.015266318736723223,0.014981335377049569,0.012459931934686658,0.015388034412039306
2021-01-12,0.036471069054739826,0.008423806413405293,0.03312278765571242,0.010077645953039588,0.005366113788779614
2021-01-13,0.008510364564638554,0.005931127772304239,0.002509937769710579,0.0024490555924155787,0.002488303839645424
2021-01-14,-0.0005768813857286481,0.0028211693693292166,0.0013237755097463607,0.004411437710817559,0.003575118257025901
2021-01-15,-0.0013727835151287645,-0.0036087199116411907,-0.00912659511289492,-0.003920540624112534,-0.008427347327773999
2021-01-18,-0.01315023416683766,-0.006108703917142872,-0.008459082422593071,-0.009768485710503542,-0.009081377501729302
2021-01-19,0.0002968658493427396,0.009549075857011471,0.006599232245203765,0.007354410023438942,0.009550336251457472
2021-01-20,0.00023424777210324542,0.0027238138974451905,-0.007902957727460087,-0.003694183027452073,-0.0024166927177246326
2021-01-21,0.005170633792882752,0.007257165206855407,0.006292666054511374,0.003728186329232159,0.00405056957684453
2021-01-22,-0.0016511279026262904,0.0011541469380238392,-0.00887421166426652,0.001158302566776038,-0.003040142960759698
2021-01-25,0.005429506654270194,0.0029027576819527644,5.047460246136357e-05,-0.0014279420890460132,0.003450310487151944
2021-01-26,-0.009816793018520072,-0.010314030921620847,-0.02088896573059432,-0.0074194283061545865,-0.009491328336157035
2021-01-27,0.00152903831924743,-0.0041437138770838555,0.0009779569469587372,0.005039457619981258,0.0032677685526040093
2021-01-28,-0.0048776128255704435,-0.011618228402445944,-0.013654627015306179,-0.012718305701774357,-0.008137578267922075
2021-01-29,-0.010645138484748653,-0.018367143128521786,-0.01121483559015316,-0.0071947967262530315,-0.015620321915162355
2021-02-01,0.0004949539444208337,0.012627828898399779,0.013486774813889735,0.005711155033634369,0.007226345576123284
2021-02-02,0.0050861701056175886,0.004541532997111778,0.005952457851768024,0.006278888699202653,0.009542880602627162
2021-02-03,0.013615213456478316,0.004497010353054609,0.013225153624192756,0.013079177997308622,0.020586921327616668
2021-02-04,-0.006403086750462734,2.2171538432765904e-05,-0.013797987526224652,-0.0015599771642301212,0.0007417863365373048
2021-02-05,0.0050892386999960805,0.0069281298781379026,0.005069822553139636,0.011590154818424535,0.018720014567112166
2021-02-08,0.022581205746082952,0.04502312936466591,0.038089088379051166,0.018445871877558057,0.02406542828647371
2021-02-09,0.005301584333825458,0.004573981747437611,-0.0016679632839721866,-0.005064648055450992,-0.003986116045768177
2021-02-10,-0.007252771051851702,0.0040519923018248515,-0.0006858692615193487,0.010828011989275112,0.0035824925177107636
2021-02-12,0.01577810865716634,0.0010700967094142873,0.028419617393820765,-0.003366706931409879,0.00043187741880775415
2021-02-15,0.02241394331009532,0.009819396939646077,0.009198268199166752,0.010009551738455295,0.012155738059433574
2021-02-16,0.033996965250259394,0.007052637513076008,0.03722316841632653,0.0421187471380044,0.009952684019323988
2021-02-17,0.02186244859570813,0.038838412257714186,-0.002460527319761559,-0.0018324144007592033,0.0033052544882652196
2021-02-18,-0.0027431753922408124,-0.008974530855595006,-0.0016730112081686948,-0.005634572572108637,-0.011068505313213337
2021-02-19,-0.012920770981257993,-0.007798593842578647,-0.008462153991320305,-0.00523065350546576,-0.011250593669774355
2021-02-22,0.0008652308604791628,0.009305388771275225,0.0003083939420206405,0.002501023759173011,0.007374483027158644
2021-02-24,-0.008008705736402857,-0.010173954591902817,-0.01694191488958858,0.0034975831686290984,-0.007665340353749481
2021-02-25,-0.006185205474534347,0.01260341753073997,0.017317070236244927,0.013286453420614866,0.01111356358062915
2021-02-26,-0.010550768829455274,-0.018690983129776177,-0.022226184988050963,-0.02082591679004551,-0.027483633580754466
2021-03-01,0.03491477788573542,0.04262695635034686,0.008531868988663953,0.010840378451223652,0.016111352350459893
2021-03-02,-0.005156078585519766,-0.007868345920315593,-0.00445101283099629,-0.0009635474040989842,-0.006782070804335905
2021-03-03,0.016000399877174193,0.015728875353619838,0.007540598328498962,0.009778253675695693,0.012664603144188971
2021-03-04,-0.002265853987375651,-0.009220119396812589,-0.009350753751138674,-0.006397375537061128,-0.010334052973984428
2021-03-05,0.016959584452117395,0.012324366440524127,0.014532183673458453,0.004416447853636273,0.0068739541745414315
2021-03-08,0.014502785984148295,0.01279209677579378,0.006026474783220631,0.008743992373631283,0.0069135272538170455
2021-03-09,0.018695553480066116,0.013303458988707195,0.01584049320617706,0.03012039125247302,0.020642992324046674
2021-03-10,-0.007523452511871266,-0.006819871506508316,-0.009932493649465527,0.00012466584213373117,-0.003606610173171915
2021-03-11,-0.004746722452691451,0.0018243095778200298,-0.0028045688571289445,-0.00612181913749033,-0.0005601725212472669
2021-03-12,0.008292702104522699,0.0159831407177709,0.011400441802662174,0.004759029508948597,0.009629469353320593
2021-03-15,0.009910206380001813,0.0070380224311545276,0.008447406589846987,0.009799623865941832,0.011077290616884936
2021-03-16,-6.664410750226526e-05,-0.0014493883585431039,-0.00100971811139925,0.004336198495797289,0.005164888669352688
2021-03-17,-0.0015234753033709389,-0.00739835906415753,-0.006993538381621258,-0.002471081006816726,-0.0018793146856109582
2021-03-18,0.008805738178123617,0.010052994800348289,0.007962887851475286,0.003294358380509242,0.011738082999301484
2021-03-19,0.004033275110826312,-0.0011486818499891688,-0.0016812493400059892,0.0049798146207509966,0.003848849492451162
2021-03-22,0.0005888048346866819,0.007007503514581546,0.002624513897399174,-0.0037705699526946346,-0.009435744141784098
2021-03-23,-0.006028191477401121,-0.009869125239080446,-0.008000241222452645,-0.004298393669582715,-0.010557394545506358
2021-03-24,-0.02214712020726317,-0.027269458374735767,-0.025102403128425137,-0.016317057881558544,-0.027194035063477038
2021-03-25,0.013269155303865396,0.02170226044596435,0.012846407454624767,0.010344259820357315,0.01876619569898719
2021-03-26,0.011313420153503916,0.008203070677763534,0.009240962994776183,0.00890057514073707,0.014795648401927534
2021-03-29,0.005083421480385752,0.0023709635058259257,0.008170147415306436,0.0013880494487017482,0.005368436629246204
2021-03-30,0.016103181518452744,0.035281049047575556,0.003186967783898767,0.0020260470129265886,0.0025736132031243058
2021-03-31,-0.008307162429728523,-0.007823086833696358,-0.006364725169443259,-0.009824508912286135,-0.015332702288701967
2021-04-01,-0.007279767447300635,-0.005237253592188269,-0.004174171401675573,-1.550684347151961e-05,-0.0035059675139078226
2021-04-02,-0.0011298296887223439,0.0036308478919768934,0.006552200477572601,-0.0023218863735468913,0.001985234408385525
2021-04-05,0.005041634475542941,0.006432098790935231,0.005788808359402032,0.006555606982559946,0.011324526747229818
2021-04-06,-0.011777154145423123,-0.008754069866890531,-0.0100554802364293,-0.009380701297100074,-0.015517115972622574
2021-04-07,0.010400473659417552,0.006639001855954992,0.011025460658528208,0.006211755571052079,0.003506233894022684
2021-04-08,-0.010048645839442396,-0.002810812058964565,-0.004678349538651559,-0.005215935219082143,-0.010362216638704489
2021-04-09,0.001124513845593492,-0.002156874871582591,-0.00231339793537033,0.002263269211297573,0.0008309417799881144
2021-04-12,0.0010108863319325634,-0.005666954444253778,-0.0002683714286236646,0.0018938974309912196,-0.0018857914106910785
2021-04-13,-0.0030794428975038095,-0.0031413020237456265,-0.0010082688889034106,-0.00026655931807746333,0.0004673559264910249
2021-04-14,-0.0023848286016755153,0.012462120305888976,0.00160671842079058,0.012569333068901128,-0.0054219198192002865
2021-04-15,0.009281915035000437,0.011161554463524813,0.009909277623356819,0.004985781080404109,0.008839937513248264
2021-04-16,0.0002614947413765415,0.0008066322903564371,-0.0013986608720094936,0.0007343267387480502,0.0001686405623886181
2021-04-19,-0.0037060457344233826,-0.0006664872632083938,-0.003949959349809938,-0.0016486610013744037,-0.00422009618674388
2021-04-20,-0.010622472065924784,-0.009346298169050886,-0.01240126530517202,-0.012631960573702276,-0.015436628167429158
2021-04-21,-0.016931104075937592,-0.01515626436129336,-0.016117061818042653,-0.010369123967865648,-0.01885096014508176
2021-04-22,0.012723999194520884,0.01325532520860885,0.015507200282589475,0.009300152581173126,0.014578926529220777
2021-04-23,-0.004085398926114725,-0.007213413762170555,-0.00484812845003494,0.0009082837996138948,-0.001374460646735122
2021-04-26,0.00036766487521078034,0.004954595302474049,0.002935559853250937,0.001881199844731931,0.004390996776456484
2021-04-27,-0.005320870990241863,-0.0019669330746339016,-0.001297574597763412,-0.0037911333662283197,-0.0071575221426290305
2021-04-28,0.0019320273904290287,0.003583561352870676,0.0006798603660872254,0.0027710488437198743,0.004671453509837083
2021-04-30,-0.000671623236355534,-0.00039513060522033136,0.0014547136196709572,-0.003387409386446695,-0.001581976325893232
2021-05-06,0.020542207049441596,0.022587400534254606,0.019092460741857532,0.010574680190664968,0.024495839106335567
2021-05-07,0.02660872909360158,0.02195971596701518,0.025034053421459986,0.007443941125309153,0.006977288122867639
2021-05-10,0.010696131544296751,0.013580175634428818,0.011399372692494412,0.007737233313186169,0.012999823624502064
2021-05-11,-0.017100123948719077,-0.014391278917959618,-0.0230198826942988,-0.009898451736054317,-0.019414485817067444
2021-05-12,-0.0067182648359119315,-0.01864184126935576,-0.012631538603267978,-0.006628317895802581,-0.01801813912094766
2021-05-13,-0.005860880442660538,0.020999602683169673,0.021704776165182092,-1.0890437004619712e-05,-0.007004247033089084
2021-05-14,0.010266610949173633,0.004219241592752828,0.00857257127481242,0.01010183941799648,0.013721327882059306
2021-05-17,0.006260959885796682,-0.0021598588641882827,-0.003078986935476905,0.0028118275542271484,-0.0013005546638070764
2021-05-18,0.011257489617200253,0.018030108625292588,0.021909703148363206,0.015826266436324177,0.018424338075144358
2021-05-19,-0.009449453626981836,-0.011610887531949362,-0.012153991093424224,-0.004991912733448125,-0.008690820899996099
2021-05-20,-0.005266021905305224,-0.013408358587390735,-0.010843489998148926,-0.002012075015323762,-0.006162541529874773
2021-05-21,0.0013096880468356285,-0.0029372847960361954,-8.512805009851417e-05,0.0021906361667978448,-6.32665969454525e-05
2021-05-24,0.005955691066869909,0.00419519729215054,0.008270114271391387,0.0032550690724170543,0.004659779252098179
2021-05-25,0.002844623177176929,0.0037766457606097344,0.002421257863936343,0.00046530525757255785,0.0016199347874834547
2021-05-26,-0.0026907897863691996,0.006542222684913688,-0.0031867581963046436,-0.0015419992705582608,-0.0019270691653646393
2021-05-27,0.0013617652989592615,-0.0036314725346103497,0.0018974292790856083,0.005507522376499131,-0.0047633843060249275
2021-05-28,0.005688426601826248,0.01856885306485934,0.01553144664224091,0.012344092938390224,0.0213475929625979
2021-05-31,-0.007978009610267926,-0.008975653670302713,-0.010212118525369268,-0.011953644339187728,-0.013514019711853346
2021-06-01,-0.000271266074209971,0.0032647039337489296,0.0023478828469586576,0.00024903782270719086,0.0011944189219678777
2021-06-02,0.005515886296874247,0.011862301323529107,0.01371234294635752,0.022592333483270086,0.016532476437067928
2021-06-03,0.006116587588844814,0.0028260918432478493,0.005848406343600283,0.00663226806670216,0.007171691565189554
2021-06-04,0.033383161796257325,-0.00024338956657807395,0.0299091186908253,-0.000836505973762308,0.000690213824873647
2021-06-07,0.012882455228949454,0.011553823246521645,0.008790095967535343,0.002214633541954228,-0.001797413954846726
2021-06-08,-0.0001223399309930722,-0.010757655345728529,-0.008245053033158544,0.0002113252875442819,-0.00044826307152457924
2021-06-09,0.0006229916423408909,-0.0009625224379490459,0.00223427680822237,0.014831115202279147,0.0009950004722369104
2021-06-10,-0.0017744785111422935,-0.0013463483505142104,-0.0007456791197831144,-0.0013342161529014134,-0.0017718676006695403
2021-06-11,-0.004498447403245114,-0.003460223016745127,-0.004039913066858063,-0.003151115725678468,-0.003827238862446921
2021-06-14,0.0004396252748799718,0.0061796406121945235,0.001024002887465915,-0.0009514433387282552,0.0015594993997148528
2021-06-15,0.0067224239687616,0.007925019191486055,0.008558336570848262,0.009026095652930156,0.006926939042279655
2021-06-16,0.005023011491911144,0.003797234065696157,0.0055480774010224325,0.0005407842196182781,-7.995448491685041e-05
2021-06-17,-0.0028413612277808035,0.008117477257623507,0.005498739107750579,-0.004271213363008052,-0.006300323343647781
2021-06-18,-0.01229705438732329,-0.011030180412998542,-0.01574009962681022,-0.009586043797433216,-0.015873928600876216
2021-06-21,-0.019037173034691608,-0.022858611308676325,-0.02307561076884467,-0.01919730280041717,-0.024890037304585087
2021-06-22,0.03101188190589026,0.026828417309058043,0.035039059958915444,0.028257160788840892,0.03307357701796095
2021-06-23,-0.0012362424609499937,-0.001955941106160877,-0.004588650216360884,-0.005296716332638003,-0.0062049268503432285
2021-06-24,0.0016630253777623742,0.0016943708687764767,0.005302071979498846,-0.00308433636147982,-0.0013324287237664095
2021-06-25,0.01716014290730622,0.008634156861019412,0.010125660143779362,0.0052245078308611,0.011434741510370024
2021-06-28,-0.003754033336651248,-0.005364351882292218,-0.004793615689133884,-0.0016822498628926083,0.0022319159417408915
2021-06-29,-0.00954148774724804,-0.006270223249915827,-0.009426579309046678,-0.005212092582304206,-0.012543581924304315
2021-06-30,0.0004872084934049931,-0.004707714426381179,0.008691469329529265,-3.598037716925811e-05,-0.003693716252584431
2021-07-01,-0.0024621727967489198,0.0020354822593558384,0.0018127352273849587,-0.0007741040421433611,-0.0018274086284133756
2021-07-02,0.01365885378721603,0.008515078500447935,0.010199526518139,0.006705563054448278,0.009829437578221687
2021-07-05,-0.004995349572383315,-0.004052672836337733,-0.005239082468702734,-0.0031577624406569304,-0.007102900053615751
2021-07-06,0.00424007896489461,0.0079212246239865,0.007213173734322309,0.0022603779464996296,0.005286587024020291
2021-07-07,-0.01117769812515225,-0.011573339014553137,-0.008857514143395116,-0.0015382062967315697,-0.01427133145518864
2021-07-08,-0.007057970855383654,-0.006418903596927522,-0.0070414142908530935,-0.003603668598480117,-0.007427156041044809
2021-07-09,-0.0043916065288386015,-0.007016044276512482,-0.005377467206209911,-0.00572334971909697,-0.0039943517402864235
2021-07-12,0.013234272219385343,0.01899050436019237,0.018416893014258057,0.015276679928311644,0.018052042708781822
2021-07-13,0.011346970343026858,0.008926616422323397,0.011257439059960371,0.0073280039876970895,0.010122574017075727
2021-07-14,-0.0020829066834485177,-0.004272326532873663,0.00014491484850785827,-0.00017121350731854213,-0.0036442630107945424
2021-07-15,-0.00916666095955209,-0.009812180783239114,-0.011503433059050128,-0.006325274234165371,-0.011612702813055093
2021-07-16,-0.00488870675417161,-0.001594520015508233,-0.0020827212662002824,-0.0033913100857259825,-0.0033826185658294037
2021-07-19,-0.010073961226101427,-0.014403746648501439,-0.010577404225268476,-0.008966200120263432,-0.01120203858711481
2021-07-20,-0.008210377249089566,-0.0289584870038071,-0.027045060995574435,-0.008464978472072674,-0.012505249276472983
2021-07-21,0.004148468655052238,0.004115379045362894,0.005754494985127501,0.0025587646765245324,0.0052293124586635705
2021-07-26,0.006588828043717585,0.012871127404251122,0.011057574172364344,0.007824561240028434,0.00986184970294962
2021-07-27,0.004682883262924341,0.00881761236550702,0.008193625085218578,0.006648411486625895,0.008077021376053903
2021-07-28,0.0005226218620010673,-0.005797344261360175,-0.0037704312327924896,-0.005104060045014873,-0.004873009512877539
2021-07-29,0.001405555444277272,0.002094661026972988,-4.201082898141583e-05,0.001766237288706446,0.00048794673960968665
2021-07-30,-0.009753478790517776,-0.003009675559792347,-0.010484218321429825,-0.006745078751009583,-0.00983546656262724
2021-08-02,0.010564689354437218,0.020969216568427908,0.024098503165066495,0.014084014876121747,0.01617059571990008
2021-08-03,-0.005242146433788135,-0.006986378262645201,-0.006988667161836707,-0.003667005783815628,-0.005400049225029627
2021-08-04,-0.003937602738257161,0.004648952302940504,0.0024083958011006336,-0.0033444941487143624,-0.0026382079285603792
2021-08-05,-0.003830751978835205,0.0017414405144807927,0.004742725463343365,0.0023380388644001246,0.0008731827293331218
2021-08-06,0.0006852134128883408,-0.0018792349918643277,-0.0032902067455877373,0.0008473442604350805,0.0016598438258207198
2021-08-10,-0.005346050694642305,0.001387755719923606,-0.004175051986570097,-0.004820561007333265,0.0030811321643965644
2021-08-11,0.014565422627103737,0.011199104358194496,0.01460720778520389,0.013414042462142287,0.0172505893233273
2021-08-12,-0.00034805716398141604,0.0012884743463775657,-0.0039110603397543775,-0.004109848763126983,9.578039371173706e-05
2021-08-13,-0.0004920313927792583,-0.0011573160831638897,-0.0007949970656797262,0.0011343241565365753,-0.0008022465735502812
2021-08-16,-0.005038118655264746,0.019589244953449922,-0.007241486381583599,0.01894512513883449,-0.013761434003946511
2021-08-17,-0.0014922187866395265,-0.0022701487930555557,-0.0015749646104778196,-0.001274792679624525,-0.004012610483417102
2021-08-18,0.00872355471772026,0.0004900477602996106,0.0020819519634699786,-0.0007740916606062192,0.0026660192716419255
2021-08-19,-0.00041453030130185177,-0.010502939531495217,-0.013742874782075542,-0.006720569454163189,-0.015958874506117646
2021-08-20,7.357588165461031e-05,-0.01665204479517384,-0.017413158001417177,-0.003627377746671551,-0.010224759786229106
2021-08-23,0.014946668273853382,0.02358721189920482,0.01945758259140674,0.014438495524813183,0.014248981126678481
2021-08-24,0.0019882181528334585,0.0052503249270659325,0.002847705263658597,0.004798542052016637,0.007893075869575992
2021-08-25,-0.00017415630483775645,0.00213331049728228,-0.000158688787911091,-0.0015007192496212772,0.0018521558102919994
2021-08-26,0.0003160562253660534,-0.0008785192742642,0.00027803228249779,0.0008437487862699511,-1.490356408374996e-05
2021-08-27,-0.006334456920520858,-0.007579747402988202,-0.0051865759214803535,-0.0034554699687885655,-0.00451346371346909
2021-08-30,0.010998083105318902,0.009810056607873154,0.010557749702735491,0.007770917568284094,0.010846529417167416
2021-08-31,0.0008070424048618938,0.00934589093760915,0.003681084092219923,-0.0008038409468603285,0.002740046273111329
2021-09-01,0.012971962465091448,0.02613182895070766,0.026160282608617053,0.009161462614767845,0.01090065519975237
2021-09-02,-0.004988431321692831,0.0015301580719731828,-0.00315505115420399,-0.00509635328449283,-0.006655275834439892
2021-09-03,0.026487301298209157,0.031906208168928946,0.013276203852408328,0.014499044758396511,0.015897118780925455
2021-09-06,0.008083897450919286,0.011285636178315942,0.008326186066602861,0.010722190779240413,0.010227624168059774
2021-09-07,0.00806242225557252,0.006191079328013555,0.009762005464045088,0.02670998734208516,0.010476371185834828
2021-09-08,0.004057897458232061,0.002821987600863453,0.0014408807116694515,0.004901479864024187,0.00695970681483318
2021-09-09,-0.0017374237950531586,-0.0011369987288887742,-0.0007870416684136986,-0.0036294756392961695,-0.0025336356449245662
2021-09-10,0.008178989975729158,0.009303540169726551,0.009501138079960995,0.007374930352907003,0.0074806932723300475
2021-09-13,0.005161064689339207,0.0020349740069759027,0.005324875761539177,0.000887146066953151,0.0029092884873110642
2021-09-14,0.007323622210985644,0.00876737857826497,0.02301655070766507,0.007329274051526341,0.007165141319078419
2021-09-15,-0.009032603255940807,-0.009765555534676994,-0.00698747685628339,-0.007511691991891991,-0.012124613527120773
2021-09-16,0.007876252024978048,0.0002321343976373995,0.0032733246702714987,-0.0030309323973628775,0.0017287194640011158
2021-09-17,0.002165285263513005,0.0016333114931313497,0.0031247919201695807,0.0029145980290798735,0.0005447309173790288
2021-09-21,-0.008844952730261263,-0.0031162458861763416,-0.009734105827466609,-0.007344214824810565,-0.013345554209254396
2021-09-22,-0.0052151322677252004,-0.00693774770540437,-0.01120988822082938,-0.0056794572173378965,-0.006438704508922076
2021-09-24,0.01280078260960611,0.0106372912752383,0.014012242052682602,0.01392590130928025,0.020624088453990625
2021-09-27,0.007846252159941348,0.001068492453453359,0.005589848061842715,0.004878138263176117,0.006314058818968938
2021-09-28,0.0042486729990755855,-0.0020252668872779295,0.002648619838124928,0.004254978845465113,0.005279962030653439
2021-09-29,-0.003830716848178067,0.012065659407720593,0.007461034748531809,0.009080584655610692,-0.006735219932866273
2021-09-30,0.0005199225885488615,-0.0067823938887864145,-0.00879476769027909,-0.002058482281971962,-0.005281536081095399
2021-10-01,-0.01819071199915013,-0.013942200591078292,-0.016498931039379595,-0.016775678531705394,-0.02000944929749777
2021-10-04,0.002042603878117424,-0.004906367795183579,-0.0017094360810473205,0.0056503710337486475,0.0013099042441957083
2021-10-05,0.0009526690423731733,0.010886205676089895,0.0034449189584370944,-0.004474699428125698,-0.003821727941399129
2021-10-06,-0.004212849269539885,0.005469551343376722,-0.0023885367529898256,-0.010230334227548713,0.0015503111206770612
2021-10-07,-0.009626779630099521,-0.016783904036920268,-0.00494485583367842,-0.006314028903313626,-0.009148589165042431
2021-10-08,0.005192413372855537,0.009606652735582658,0.007571534332025582,0.0037216880871639244,0.009059586179690049
2021-10-11,0.012794010932355855,0.01834889645467331,0.016844529372670915,0.010878674952816149,0.018366172018641616
2021-10-12,-0.0018636446577875482,0.00019229561876546843,-0.0007933469987590895,-0.0044196416070885584,-0.0018087683230133152
2021-10-13,0.002768245778418089,0.0010496219662237067,-0.0025783900102424825,-0.0027388566171472266,-0.003346403241410166
2021-10-14,-0.0003891859614460393,-0.0017693502601291535,0.0034543121163312963,0.00028112469513031214,0.0016392185688748906
2021-10-15,0.010943003206519707,0.009415688612182942,0.01232118079630335,0.010181536934552298,0.014843675675503556
2021-10-18,-0.00508642024145645,0.00038560497638913307,-0.0009202712888927637,-0.005671531576482194,0.001465832657946422
2021-10-19,-0.004789747013651631,-0.009578834636695191,-0.0037609992482914344,-0.0030591972665429427,-0.004299468052945317
2021-10-20,0.0005768509883796633,-0.004452025126382592,-0.0005569168159013337,0.004344465700666832,0.002590383635586395
2021-10-21,-0.007074371188307008,-0.008147925525016917,-0.01059038104936162,-0.005961451891870243,-0.009217027406166043
2021-10-22,-0.005866418734433379,-0.00335742537177318,-0.0030497074383170936,-0.0039038886272868656,-0.004397367877439443
2021-10-25,-0.004501489862700566,-0.005783245750133257,-0.006696705466999935,-0.006632608384786487,-0.002291090765434756
2021-10-26,0.007827342107117571,0.01318968654184834,0.009773413656213708,0.006437762471962993,0.013308949691936139
2021-10-27,0.0006130933472351287,0.00348339700006686,0.0035392188184198265,-0.002072061170391029,-0.0020868720969616085
2021-10-28,-0.005775583686827895,-0.012883471519985425,-0.0010260175492679134,-0.013509048568920939,-0.011327752419798115
2021-10-29,0.0017178954536726343,0.005661856123653382,0.00028022709143845693,-0.0014095292582234794,0.0010530177756080366
2021-11-01,0.01854667889057739,0.018478726468837428,0.020255299443558264,0.013745900313893488,0.02136614639291982
2021-11-02,-0.010874040676656819,-0.007620771956866234,-0.009163269420719215,-0.009674238069414198,-0.008642103458045138
2021-11-04,0.007261839793307731,0.005032321768517615,0.008814528727105666,0.0025227086389595825,0.007523523761664419
2021-11-05,-0.0051853909261614685,-0.006992231340182236,-0.00822662380153037,-0.004199576296740383,-0.010307618593306356
2021-11-08,0.0013554144610314904,0.002009744412159353,-0.003971816353752245,0.0013694128890964108,0.00013945017118518324
2021-11-09,-0.007478529596996393,-0.00449130363133045,-0.007056197479729745,-0.007993138785109011,-0.007124544219252049
2021-11-10,-0.010320609222492802,-0.006376219085821986,-0.00815423376408089,-0.009452676131917163,-0.006332883783909282
2021-11-11,-0.008319823462654781,-0.015003905867886554,-0.0011168619513041616,0.0017032762985678758,0.0009558169260320673
2021-11-12,0.012618120935523934,0.01621227026800956,0.012795329441487856,0.013162983656593701,0.01352441259630449
2021-11-15,-0.0032548306974711514,-0.000663866490981774,0.0015053368306163807,0.0008687130550509414,0.00043490103493783975
2021-11-16,-0.0030202706349986355,0.002523085975609023,-0.0010835509147704234,-0.0035268963991359724,-0.0004469683272473411
2021-11-17,-0.008875587095940218,-0.0045553752184357464,-0.009805105063919857,-0.010586390317346053,-0.009109425793541952
2021-11-18,-0.005364632321002755,-0.014861131876460055,-0.005736858920416476,-0.004435074401445863,-0.00402693148775179
2021-11-19,0.0014270514031861244,0.008743956285113834,0.005721741497144534,0.0011268943645130224,0.0033365025359637936
2021-11-22,0.00021584602043717724,-0.006001248310011073,-0.002582639397249529,-0.0007204213725029221,-0.001611705055461616
2021-11-24,-0.0037454684730126916,0.0029779635487511428,-0.0038506437899811325,-0.0004264041308280035,-0.0027761970391638724
2021-11-25,0.005817236255100682,0.005865720225549468,0.007566149180561622,0.00947064063347887,0.005952265822698115
2021-11-26,-0.015609803378130028,-0.015712627551849042,-0.017505927984239267,-0.017784753741058736,-0.021233821586463038
2021-11-29,-0.016396241514890254,-0.013300181886297648,-0.019146390196397155,-0.019560135816967264,-0.021379507172910817
2021-11-30,-0.005632049492563638,-0.008381978743652284,-0.004464861158933281,-0.007297216801977849,-0.013288132129363597
2021-12-01,0.0050123490511810465,0.006622489402108955,0.006316044480017427,0.0062366109348970765,0.005830634284540722
2021-12-02,-0.003559440885922104,-0.00436767753020143,-0.003263914716204011,-0.00517784001062365,-0.004726958472604584
2021-12-03,0.012178452538132462,0.008565402418661636,0.01269491026029666,0.013426934338468246,0.016782234744881525
2021-12-06,0.0021319544281891488,-0.005104742124198232,-2.3452842204608223e-05,0.0042056773622743075,-0.0016437723752946872
2021-12-07,0.015568456367334857,0.015691099225132312,0.017000609734437552,0.017637400303656518,0.022289993688553583
2021-12-08,-0.005441381849226284,0.0017901875831808883,-0.006274423806180426,-0.00879795809842886,0.0006206926709079316
2021-12-09,-0.0033839771632389517,-0.002574046075453582,-0.004981612853509685,-0.0023955139786114364,-0.004601070784393846
2021-12-10,-0.003443509262624829,-0.0039758066442707055,-0.005127306972844509,-0.004568835762115887,-0.005646205606835704
2021-12-13,-0.002476670724019436,-0.004072590096727578,-0.0035541031559499455,-0.0027995032550408366,0.0013160545613731594
2021-12-14,0.011104776995016403,-0.0005704063202710066,0.018754086982396893,0.006739194506976017,-0.0007265025761597673
2021-12-15,0.0010965766999510118,0.004840921938645817,0.004150982326238464,-0.0004086783498011172,0.00473733211923593
2021-12-16,0.01098438020811847,0.014842432797476686,0.011387566749048629,0.008114690946846208,0.012492214006395597
2021-12-17,0.0014691344050159298,-0.0047263933102816335,-0.005011392522090469,0.0009002289584121324,-0.006743451138568968
2021-12-20,-0.018762155397294616,-0.023794849430763487,-0.022083726824828617,-0.01825297742673491,-0.024186799764480956
2021-12-21,0.00874282093450755,0.010335576374985615,0.009743704287185751,0.006874086391746402,0.011120698936643384
2021-12-22,0.0006304086173484192,0.0010609446236364774,-0.000207755613765487,-0.0015779132531602027,0.0006604073113898628
2021-12-23,0.00879383736883129,0.008615613278169496,0.011715529296606977,0.0077328502117595685,0.009494859987748967
2021-12-24,-0.005704035045530823,-0.003681064850264203,-0.006015626325773737,-0.0032126520939143094,-0.004856402478319015
2021-12-27,-0.0028007119592831516,-0.0018389569677875874,-0.0028865792095729443,-0.0030953712266235424,-0.004683002310950552
2021-12-28,0.007497260725309323,0.007407482489302484,0.009217271563045523,0.008389262276820181,0.010135888513192103
2021-12-29,0.002752923156261697,0.0018398186433628957,0.0006540952911338264,0.0012359791062023374,0.0015775110569163854
2021-12-30,-0.0012933673364627458,-0.0017577411294165967,-0.0016671316306676972,-0.001359724909844076,-0.0029026460195834395
2022-01-04,0.011506945553276453,0.014870592720668421,0.021267844489017206,0.01567932823059994,0.018893483050780705
2022-01-05,0.013364829362096578,0.009133606129273684,0.013500023468699154,0.01206092317581574,0.014391731126545721
2022-01-06,-0.003621669503360284,-0.010062201947886035,-0.006460527367977444,-0.0018675095061939301,-0.012219130976989232
2022-01-07,0.0068322189408001575,0.004359358319558796,0.006020138457213744,0.004510587676650605,0.003315875859734365
2022-01-11,0.0064398339762208445,0.005196206358646585,0.004834373367973944,0.0038324634802855426,0.002114774615177715
2022-01-12,0.010891361225479415,0.013629666929733927,0.016415210354855138,0.003910402663901834,0.01421954840646891
2022-01-13,-0.0009085701862867664,-0.0006475203831658245,-0.00044562130344808523,0.0014051620346018827,-0.0016730853446752906
2022-01-14,-0.0061225063731234096,-0.009664854030396616,-0.010210215590037168,0.0006144240994677566,-0.007551250006836725
2022-01-17,0.00599572655783394,0.02024709681893873,0.009499398072002906,0.002690160325416832,0.005582754178818992
2022-01-18,-0.0019823735050039076,-0.002741341289576626,-0.0015108615011254392,-0.011020348881977404,-0.004232110425165217
2022-01-19,-0.00949748097747145,-0.010265287806081413,-0.01485344055004218,-0.01417679934570662,-0.02031001690022255
2022-01-20,0.0013327279564798367,0.005683635335286477,0.0055027852590677495,0.035748870449193934,0.007426031030380374
2022-01-21,-0.007855851010654318,-0.008848633246201505,-0.010215291793630302,-0.002357694144691635,-0.0028565292813590914
2022-01-24,0.01241724107853531,0.005577262230007115,0.007136989635005358,0.00380238781925584,0.00387814730409057
2022-01-25,0.002430162402202347,-0.0022408144891277043,-0.0006265476647940492,0.00011462990504147234,-0.009195973049257672
2022-01-26,-0.014199132257714395,-0.01395522308878594,-0.011573279476716353,-0.006927684555789399,-0.004192018119016936
2022-01-27,-0.008013274470777893,-0.01538072664666291,-0.009572262262642165,-0.005652110273392166,-0.018207402149877205
2022-01-28,0.013615252098058828,0.019003132327771236,0.02255605439591054,0.007083246880716331,0.022751170235368007
2022-01-31,0.00494786429043133,0.0008509689044211572,0.006455252585565193,0.008215746708704334,-5.767359473356623e-05
2022-02-01,-0.005823638960615151,-0.006345683915068208,-0.008440416977899164,0.001993766422171887,-0.00041575103317671643
2022-02-02,0.007094901292959399,0.005917417578833963,0.01290869497131726,0.004574205358695395,0.014485352197595561
2022-02-03,0.007575371183229005,-0.008504906769027149,0.007518722300997888,0.00655290951780834,-0.0012207244610600014
2022-02-04,0.001274928934984485,-0.0016999651451568567,0.0005616513286910329,-0.002327132433401622,0.003787078192287364
2022-02-07,0.009412951672536281,0.005512259317079739,0.0011687842040163704,0.002365436179286168,0.0031302633651978428
2022-02-08,0.009436745685976265,0.009051528087575623,0.009205524448004824,0.007607083575799675,0.008711323709119147
2022-02-09,-0.011710634851092794,-0.0064805460340753695,-0.008498855934962685,-0.008724420185407129,0.0015912016715562503
2022-02-10,0.0023470721158243427,-8.488152042202305e-05,0.005407194427703628,0.0047810021036780856,0.004604339284121419
2022-02-14,0.015213673993101178,0.007406122944838081,0.004057223379246649,-0.002939259622603044,-0.006567496659886233
2022-02-15,-0.006791210325253229,-0.003320266178967817,-0.011319192279042881,0.003001713478931124,-0.008322108682908032
2022-02-16,0.005817055848629046,0.011563952407724941,0.011692025081365007,0.005926766396438591,0.014222541064790331
2022-02-17,-0.003410365796115305,-0.0009337568546269217,-0.0044900137134281145,-0.010583445857143051,-0.005101888967057228
2022-02-18,-0.004388109603055692,-0.0012737292316184813,-0.0031669802802923794,-0.002370988726763968,-0.00022667748150466378
2022-02-21,-0.0021704808875398014,-0.003542155839997766,-0.006336021150785956,-0.0033794192432663604,-0.0052026721628903394
2022-02-22,-0.006535894717305743,-0.014119919265302408,-0.009082312470873434,-0.005438861976916599,-0.013248077205052593
2022-02-24,0.009680529313923755,-0.00715699323422655,0.009598213268838956,-0.0006686304352317142,-0.01282106532167381
2022-02-25,-0.011381515912704915,-0.009269734712646163,-0.010536171576871731,-0.00641676333259592,0.0009326282064206873
2022-02-28,0.0072632554946941924,0.0038464773491399974,0.006364551886118413,0.008593805920505763,0.005596941382513645
2022-03-01,0.0037720738918090167,0.004136407890316276,0.004325918542714037,0.0004316866386890615,0.00461328117273073
2022-03-02,-0.003686810593496175,-0.007528261132680154,-0.005749139084760414,-0.011445281527003217,-0.01454819404436808
2022-03-03,0.016950213363058905,0.015285684370238691,0.009716698571025617,0.011489548854145201,0.01654648036352631
2022-03-04,-0.011860405674287098,-0.024071356589108223,-0.018964047225924877,-0.01387842132251455,-0.01767686307751901
2022-03-07,0.027724297082809494,0.030706904324840134,-0.011961551617513113,-0.002892765711637609,-0.01740813577553585
2022-03-08,-0.00963813347151466,-0.018589521837207676,-0.01383827614992154,0.0055503469626807835,-0.025813775842530667
2022-03-09,-0.006433062912616653,-0.010201985387358446,-0.004777311836480408,-0.007097252262252105,-0.001378295725353566
2022-03-10,0.03205440826318379,0.03735760892560877,0.03557161746723955,0.03638476277022132,0.03400975357668257
2022-03-11,-0.00910859384493031,-0.019060903011327252,-0.01086545239229717,-0.02138393212570753,-0.010371395777856146
2022-03-14,0.0028332784005389803,0.004873531289751649,0.005706593951891041,-0.001378089275556659,0.008597819278976564
2022-03-15,0.006588735988956203,0.010198369398055384,0.00696882458842253,0.008185836637943752,0.002057752146949524
2022-03-16,0.010157607923320773,0.0071348286417483005,0.01230056073199541,0.0159033762198209,0.013786706152646423
2022-03-17,0.014810897084218148,0.013132422943036579,0.014126021789717173,0.010775071607543835,0.0207654349943396
2022-03-18,0.010113250013042453,0.011135632956477228,0.007539300681658637,0.008507304211898726,0.008716301886382801
2022-03-22,0.01347912280792132,0.00997552472352536,0.013806134056697386,0.023029008458681062,0.02080180341384186
2022-03-23,0.01707167467141171,0.021731694105432235,0.019913872800926078,0.01771893597980336,0.020587888291445217
2022-03-24,-0.0033787821474592517,-0.001791226472902133,-0.007574239505253429,-0.004567690319317483,0.0005162432802260342
2022-03-25,-0.0009045935952745922,0.004590557623248979,0.0014100417560722338,0.00010079741904571232,-0.0009867985348912599
2022-03-28,0.006690110483469889,0.004457639325504603,0.00481738230070969,0.001942556625964813,0.0004381277250411551
2022-03-29,0.00468152774810979,0.001684557113122005,0.003976796292403425,0.01047126748432624,0.006791254834318719
2022-03-30,-0.0065801232665166015,-0.0022031167122959264,-0.007216074011738406,-0.004342569331581236,-0.0024062507292788833
2022-03-31,-0.012104030483582613,-0.009950225184373288,-0.008792636372674089,-0.00867660608646331,-0.009465769654031665
2022-04-01,-0.003790648022119786,0.0014921506408211269,-0.002393664732370629,-0.006411557722828188,-0.0011535473099870228
2022-04-04,0.008072867442247274,0.00968807025485321,0.007117835679926069,0.0035755801204338483,0.0020632668471164796
2022-04-05,-0.00248902217077802,-0.004348267058759498,-0.004678650749104398,-0.0059393859987972066,-0.0048306652523440515
2022-04-06,-0.011561657936087062,-0.00760723280068913,-0.008324457464158703,-0.015888767913380487,-0.010728992527096104
2022-04-07,-0.01636738241108649,-0.0036696814622638255,-0.012020067357851785,-0.012516012392121042,-0.013626040589799984
2022-04-08,0.0046183837938602946,0.008506762066189845,0.006730948784197795,-0.0003009309061915578,0.004480091022116419
2022-04-11,0.0031577610971991934,0.009931983494235684,0.0077401653646457635,0.0007719204522407671,0.0074005127080049
2022-04-12,-0.006071098390381671,-0.010912984847204573,-0.005890602775788578,-0.007180093809064332,-0.010735335936520096
2022-04-13,0.034931370323600545,0.0050617506996689585,0.03822096094912409,0.006008758796040299,0.011972152663847263
2022-04-14,0.009935829288057477,0.008434930578612663,0.011311961436283838,0.009646428439909451,0.013842171926066089
2022-04-15,-0.0024363380566973904,-0.0026586248178133488,-0.00023462746003762537,-0.006125463544212264,5.139894803630294e-06
2022-04-18,-0.006203487178283718,-0.011734833768958574,-0.008499911809181448,-0.009842507733017073,-0.006585389862517685
2022-04-19,0.013332555207941568,0.007494218082688156,0.011845966064361111,0.012150704182758102,0.009003411745911237
2022-04-20,0.008000944873044504,0.010004408584451145,0.006933914603795398,0.014477950850522621,0.01154762111234063
2022-04-21,0.005500855282850322,0.006868720048720811,0.003897155911593605,0.0019291495833679698,0.0024672700925878824
2022-04-22,-0.012147759485155545,-0.006782471624374566,-0.010136523039896376,-0.010588023995101552,-0.013107722959854327
2022-04-25,-0.010706259072867312,-0.006661692682188013,-0.009899045901041431,-0.01032063105301789,-0.018150429212173993
2022-04-26,0.0014621429500109098,0.002528444434009359,-0.006246932769794194,0.0023704548567692694,-0.0013698070027016369
2022-04-27,-0.005543490381569101,0.00015977259808816466,-0.002342827223788131,-0.01411610724195103,-0.006115842843653647
2022-04-28,0.020637433087800347,0.019518805229317447,0.017276498228343318,0.022399791889754328,0.022580832015045384
2022-05-02,-0.0006672851777580575,0.003726532103611901,0.0007651872668155263,0.002595854561875975,0.0003549911193188125
2022-05-06,0.019076509623579423,0.024108333596043193,0.01983351181677354,0.017185363071981888,0.021326523014192477
2022-05-09,-0.008327202756256872,-0.01257297503901293,-0.010340156594846692,-0.014714145400675097,-0.019465150356531406
2022-05-10,-0.011690387853784241,-0.005301810324360517,-0.011294956645451075,-0.004033705403303044,-0.012737361304935727
2022-05-11,-0.008258237626181974,-0.0029803469780772,-0.0035795456935787755,-0.0019776436254622643,-0.010297748868840113
2022-05-12,-0.004343798226388381,-0.004801817154419047,-0.012748051574763625,-0.007773520964319391,-0.006829746037728232
2022-05-13,0.016707347854541046,0.01601816799958354,0.01630103388931246,0.022038594092394743,0.018483798483536883
2022-05-16,0.007821784338525978,-0.0023566473059668984,0.006005921545669652,-0.007521122792957191,-0.0018786849254346588
2022-05-17,0.013047765189547833,-0.004400859596758729,0.0035904057483933105,0.007338547580559336,-5.086470663868126e-05
2022-05-18,0.003108845752237817,0.0028365929513342047,0.0026767098488143792,0.0039312764714198485,0.00927376446363811
2022-05-19,-0.002680664073155985,-0.00768140366706201,-0.005597783826376791,-0.0066977973340149426,-0.011309973125356523
2022-05-20,0.0038878934421277206,0.0019106293520762725,0.0037632340283706507,0.005560256960358802,0.007248376064761468
2022-05-23,0.0019030606252392619,0.010861476733762688,0.00028393156081162995,0.0005579262842707957,0.0072435575741293156
2022-05-24,0.001324474756882867,-0.0038582366625657164,-0.003392481359668296,-0.002105908384476108,-0.0033649095369193975
2022-05-25,0.02226187797797287,0.010967397323018033,0.004138111923850463,0.0022787389031427943,0.0036665189454374754
2022-05-26,-0.0007893069378414035,-0.0032674955788160017,0.0027357366144262997,-0.0016063550559611167,0.001271743429327106
2022-05-27,-0.0002826881063641512,-0.0020030166310034216,0.0039015643693944635,0.0038770701891014136,0.002957928561460453
2022-05-30,0.005689750173713672,0.012184595167819496,0.007111540671971438,0.010543214180746063,0.013313302250344826
2022-05-31,-0.0037427604179161708,-0.007214713882326244,0.0016767394229037906,-0.0023114934952456023,-0.004564064009495174
2022-06-01,0.006978806493823876,0.004218024537613649,0.005100535188271765,0.010484924429392101,0.01230271034200142
2022-06-02,-0.002874624337131535,-0.003409080911976568,-0.002677580987265925,-0.002157520987257964,-0.0030632623197211395
2022-06-03,0.0011691727682543078,0.001607946387879839,-0.0011381633178200782,0.0005737538159865104,0.002536100506645699
2022-06-06,0.004241961223784375,0.007874492285296547,0.008745522232311365,0.0031140153330309495,0.00624451979988585
2022-06-07,0.007133156566416299,0.0005512127954477745,0.0059117988332772695,0.007876198905230438,0.005755508017401199
2022-06-08,0.007460768486195677,0.016806756192388864,0.009755758719654322,0.0025553993598308768,0.01269965488099291
2022-06-09,0.0032511361273448503,0.012336545236978703,0.0028481590059371803,0.01023261980505562,0.0015735682515411562
2022-06-10,-0.002888328291506717,-0.011640126118717158,-0.010233055826168118,-0.004812658219759101,-0.010872061516316386
2022-06-13,-0.005859598737904221,-0.004819927722387896,-0.010169059671669319,-0.012491835160760256,-0.017584935388783612
2022-06-14,-0.011938165772553334,-0.011774506993749014,-0.011801831177278593,-0.008670269009312392,-0.013746140528549566
2022-06-15,-0.00866742393811204,-0.010118330127045008,-0.010400344342116044,-0.007319742792820619,-0.012117003792440885
2022-06-16,0.0073414060757773176,0.00761689923985789,0.007002119110393121,0.0039041705365917417,0.008127439856652627
2022-06-17,-0.007983547251904137,-0.006317266255812415,-0.013624277440845989,-0.011076957546919322,-0.014596740038985102
2022-06-20,-0.00972104242613766,-0.00811561302691019,-0.02094677760577635,-0.02761805000856697,-0.012538029946054503
2022-06-21,0.013467227777948804,0.01517221540605303,0.010707715612382991,0.008788417751585259,0.01977550663212667
2022-06-22,0.0033729626867265564,0.003990595191819699,0.007953410355114543,0.004500645597424806,-0.0011995732837737883
2022-06-23,0.0026850832911090674,0.006009572094970887,0.005758380017192291,0.0014814989744495219,-0.00019971102361885526
2022-06-24,-0.0039754179637104484,0.004146368409965093,-0.0007660808116964942,-0.0011398108660052322,0.0014530733209921758
2022-06-27,0.016041706529358404,0.017275891191572353,0.014807564097095816,0.01780224055166719,0.010298255763228964
2022-06-28,0.009325180884031519,0.007816388460821886,0.009349158191610646,0.006934135366484473,0.0147160616273498
2022-06-29,0.0013473631618883858,0.002883439840864385,0.0008443075401980788,-0.001215735054183782,-0.0019591305833026487
2022-06-30,-0.00826048287514612,-0.0030678324474771473,-0.006077515524798224,-0.006903384860889289,-0.01254338866549869
2022-07-01,-0.009634837726189609,-0.007448236895525535,-0.010262536505490558,-0.005467955347963203,-0.013000130103496233
2022-07-04,0.004846004643800491,0.013151234256280092,0.011098304036450618,0.005115536042644454,0.014169938568431264
2022-07-05,0.0007038398005733028,0.0017830299929632867,0.000881457742030165,0.00012859859145749122,0.00435483381298612
2022-07-06,-0.013055286046991518,-0.007408020201615524,-0.008861971761438455,-0.008972360245797523,-0.023416677060143828
2022-07-07,0.009988525050201045,0.013117475556581382,0.011229346676881425,0.008452442421776545,0.013442916746422635
2022-07-08,0.0004313017534713754,-0.004943211573455339,-0.003038285831621877,0.0018127486613315424,0.004294106026242766
2022-07-11,0.012516643535042182,0.011965646961331438,0.014423071997300176,0.011731316990866915,0.01642191910896957
2022-07-12,-0.00721058129784544,-0.004576352457055398,-0.0051763416571896865,-0.005854340415869519,-0.012730955017772922
2022-07-13,-0.00013560095141882165,-0.003030468790187296,-0.0004790203805132222,0.0022026106769042044,0.002775378720941662
2022-07-14,-0.002533873292609465,-0.004221043847092041,-0.004299298905408259,-0.0032660565403611398,-0.002167596129776337
2022-07-15,-0.0025150800104003436,-0.00215440448542222,0.0014994855408574262,0.00040060711233640676,-0.0023305769806849074
2022-07-19,0.0029333930591819136,-0.0012891674450072794,0.0004039465156728887,0.0014109721611653102,0.007712522029452289
2022-07-20,0.012290749880452884,0.0124032825342217,0.012440976469837852,0.010148200270961635,0.017608624775945873
2022-07-21,0.00020382451589082238,0.0012695598656519156,0.00028086662799656074,0.00021278108449837154,-0.0011593544589740539
2022-07-22,-0.0019579258657097124,-0.002512061071478072,-0.003372898651737992,-0.0014421011953648657,-0.002880166859028392
2022-07-25,0.007102193686571047,0.004393893461077832,0.005014898472618704,0.0022745434875351632,-0.001473883839284382
2022-07-26,-0.00028700527259747715,-0.0012562777111133098,8.000760035742501e-05,-0.001241073371764511,0.0023179737309563394
2022-07-27,0.0022435525625258373,0.005471262368742443,0.003876576655313716,-0.000289205824480835,0.0019801827828693666
2022-07-28,-8.131623810407322e-05,0.0007383110883739104,0.0005038862335328008,-0.0006911828811572172,0.002444987417784613
2022-07-29,-0.004278878386682351,-0.00434068959484183,-0.006500221666641062,-0.0012322219081436255,-0.00309189705721393
2022-08-01,0.00303364352405774,-0.004948238069387377,-0.0023576661681100164,0.006850857971580139,0.007122153885084691
2022-08-02,-0.011043995819017483,-0.013937066672289267,-0.01178312585027473,-0.01456018057577991,-0.019006992442753657
2022-08-03,-0.007652413513905308,-0.0026128739891672905,-0.005163985801491813,-0.005927296653058575,0.0012123992707419062
2022-08-04,-0.0061987686063638935,-0.0028552503388942717,-0.00604212540563312,-0.00902467063965311,-0.004366603678666792
2022-08-05,0.014791595568173822,0.014082203562330715,0.011462932633094966,0.010666705585904454,0.006554220858756877
2022-08-08,0.00024836315741903693,-0.0013690992580044077,-0.0007602694004213371,0.0052807567547563695,0.005868903581213052
2022-08-09,-0.0033966491058737007,-0.006545505236151916,-0.005111747202924218,-0.007456638480354583,-0.00632684729529164
2022-08-10,0.0058786275117742775,0.009750208920134194,0.010904711370706354,0.004992672032544336,0.003835732976805036
2022-08-12,0.012938001527462176,0.008075923430462702,0.01337814321159815,0.015103470194524347,0.018149706609383403
2022-08-15,0.002070447688769176,0.008881566633292313,0.002773427353845358,0.0037273079928547455,0.006840213230982488
2022-08-16,-0.002556250079510411,0.0015237651888426328,0.0013844079453442658,-0.0048620454614703495,-0.004160105523439932
2022-08-17,0.011938470037495402,0.007198694023286093,0.009212189610898251,0.015951881274743236,0.013747005317003187
2022-08-18,-0.005293545759591418,-0.005297424843541007,-0.0048219384350563005,-0.006054630643698381,-0.007411029818163174
2022-08-19,0.002228444254891329,-0.0017295877721429194,0.0011661367870756294,0.0016269976341732643,0.002554524603507865
2022-08-22,0.001945542014980348,0.002072974204882203,0.0026799112138887553,0.0037304594877819778,0.0029714941193173887
2022-08-23,-0.004283764295619177,-0.0017253694694329001,-7.24125282166205e-05,-0.007484722093180375,-0.007851221734696975
2022-08-24,0.002491620950462989,-0.004701709478100135,-0.003886997569434184,0.003533342492334005,0.00207552988884247
2022-08-25,0.001502078800637789,0.004260214222832197,-0.00015195683874213908,0.003397681637399932,0.00408404236114055
2022-08-26,-0.00023924563259021097,-0.0036377493842714797,-0.0037178453896520103,-0.0012165676428708078,0.0016289633253776133
2022-08-29,-0.0070016161711157765,-0.007941920051339115,-0.004106726129772,-0.0067968842257804625,-0.012755306230483453
2022-08-30,0.011330131721556534,0.01197422632805272,0.01087696748417083,0.0079236032512449,0.01392745050310611
2022-08-31,-0.0003758434463513957,-0.00474732445456983,-0.003003472829696984,-0.0006860071998456249,-0.005744532463892807
2022-09-01,0.005606119430153249,-0.0037365035076475325,-0.004277705768576468,-0.007516216509189114,-0.013092771994509509
2022-09-02,-0.0005357337150908887,-0.0016913539178104653,0.000841707542742229,0.0007432256415845807,-0.0018178196236644734
2022-09-05,-0.004370459312335607,-0.0064688706560553965,-0.008477158179402798,-0.003231926701570009,-0.0024859259641884283
2022-09-06,-0.0010234306978980207,-0.0016197642898402582,-0.003028352168356725,0.0006091063522511427,-0.0013261245794526529
2022-09-07,-0.0010386261709605157,-0.00638080883167167,-0.0022295342638332396,-0.0013440616261688413,-0.003861444244039079
2022-09-08,0.011144307582986268,0.017852719947464294,0.013439737051958438,0.017535707324527368,0.01827056746808674
2022-09-09,0.0030808314462891836,0.0012966082241640101,0.002319813384363526,0.0033438000048198217,0.003132473894228399
2022-09-12,0.008421424565150538,0.008680001357475382,0.009601755329982867,0.005637376020275935,0.007299026406129998
2022-09-13,-0.00038393862001720523,0.03622664070091102,0.0012415004408932485,-0.0038278231912163767,0.0027881743044395266
2022-09-14,-0.015062585362957567,-0.01689008223280602,-0.016010760876653752,-0.01425311442375488,-0.0170703346338808
2022-09-15,0.000636803560492113,0.005821664884492467,0.004877161753645261,-0.0015369293796068256,0.002914995532947073
2022-09-16,0.0007493616728871327,0.0022214537602958146,0.0027311170632429095,0.0017423066066057466,-0.0012335064540229747
2022-09-20,0.005203764560612679,0.0008591047823270277,0.003190192573948132,0.005396766322330591,0.0037535195395885486
2022-09-21,-0.011663573401880588,-0.010018441354484653,-0.01394036047434305,-0.012110218233970751,-0.012760093841859818
2022-09-22,0.0006120183009999194,0.001215451401301057,0.0004152681288661147,-0.0005877060138743218,-0.0012508949366034573
2022-09-26,-0.019187406147361273,-0.018989300532134493,-0.015920039514552863,-0.02321195617049735,-0.029075891568219693
2022-09-27,0.003993789137970536,0.0059045577509013805,0.007178305404333059,0.004804839419562418,0.0037974754384341104
2022-09-28,-0.010673605673735955,-0.016102016712956795,-0.01551853014199154,-0.011522170550307523,-0.01414217837660977
2022-09-29,0.015495705356768275,0.021851114796428036,0.019607134885771142,0.01408838601956702,0.018867592409312784
2022-09-30,-0.010142697060715297,-0.006616565921565579,-0.00896162229195819,-0.015457478445661949,-0.01663824759553637
2022-10-03,0.003783881982845493,0.001979408240721331,-0.0014991215533034534,0.006735397646833848,0.0029723275865582923
2022-10-04,0.026817582840284338,0.034336808453741624,0.030236788679715687,0.03201840512508709,0.03394367245901908
2022-10-05,-0.0010325633489620557,-0.0033390565976251915,-0.0026971059604820134,-0.002177569717808116,0.0016147144945100056
2022-10-06,-0.00027044940768805375,0.0027494301019301004,0.0008448215473942892,-0.0019677840619239167,0.0025376924795006872
2022-10-07,-0.005915004512616777,-0.008143760695337168,-0.007130894058034867,-0.009889134389544862,-0.009146042970659251
2022-10-11,-0.00581239697573678,-0.00787415006419617,-0.010805367223099492,-0.010709642095838167,-0.012052854224266255
2022-10-12,0.002392819390846579,0.003934901305635641,0.0041876277327524,0.004001358164902467,0.00025363657487048716
2022-10-13,-0.012389086045962344,-0.009516396001530985,-0.006836816550255617,-0.008486163583121698,-0.007142664024695272
2022-10-14,0.01541063022189167,0.022094514688092096,0.015021578950788388,0.013240047425604771,0.023043004832633485
2022-10-17,-0.004047212506892059,-0.010280052856476762,-0.003265234072883961,-0.0057977972354085645,-0.00876250353060169
2022-10-18,0.0017164270557687873,0.005982251422045261,0.00018631943376334943,0.000727450869091598,0.006950868561256924
2022-10-19,0.0011638766932972105,0.00027119669232415923,0.00041843359895217536,0.002294630850011488,0.004048281454860827
2022-10-20,-0.005173327718354102,-0.004856955185157994,-0.004222908441638146,-0.0022492327787030685,-0.004115866208725531
2022-10-21,-0.006465631055221223,-0.010688870502028441,-0.0091828270650077,-0.005154658550175387,-0.009913499153500475
2022-10-24,-0.022296398089984786,-0.0200866986085684,-0.02078274149050098,-0.016017517998767408,-0.0004678838283791976
2022-10-25,0.013474270300712781,0.011491037524690693,0.013231440814805054,0.014960433641089607,0.011041573904931982
2022-10-26,0.003981108782919382,0.0077620857795346,0.004751976568116569,0.0011523795464428793,0.003959313320782685
2022-10-27,-0.008230715561210985,-0.004709967746094617,-0.007823054462715261,-0.007552874854409669,-0.00562437194942919
2022-10-28,-0.0006812013668743887,-0.0011351743609500822,0.0010762967658986611,3.9401639356515536e-05,-0.0030042196339092274
2022-10-31,0.010784667869638378,0.012646217598733654,0.01024541646766973,0.009914670580734674,0.01388213262808431
2022-11-01,0.009226267178426643,0.02770468335472398,0.012123393447898565,0.00154504662491301,0.007345629410100865
2022-11-02,0.01090214669042544,0.008969977127990176,0.00909172326382592,0.007734134397608562,0.003631297838264244
2022-11-04,-0.009602862453853554,-0.007803405257414345,-0.010960168490513341,-0.009737672897784617,-0.00770827550245409
2022-11-07,0.008393609672081722,0.007961909731944963,0.009548474968020118,0.007400109899101536,0.010157368719604742
2022-11-08,0.005231633835210679,0.011487994478202892,0.010138832711964526,0.007757068797086693,0.01184885541303658
2022-11-09,-0.009397427651919164,-0.008521254185115429,-0.010225113700652207,-0.009994851697686363,-0.006668217751769153
2022-11-10,-0.008391337894723716,-0.003732886183383213,-0.01182341272606055,-0.011773745502964289,-0.0048586940041427384
2022-11-11,0.009950599407072332,0.008714120641667404,0.005760476024573968,0.007201883899215318,0.015749523329231855
2022-11-14,-0.013861081230992025,-0.0182551072014664,-0.009865351987055997,-0.019125028571973134,-0.013401289288131137
2022-11-15,-0.0014719614613542308,0.0029046491777907674,-2.3446713200865707e-05,0.004762317434896152,0.00455927561404069
2022-11-16,-0.0057158465177775866,0.0035392101768100307,-0.0008295085938393267,-0.0020634589523120628,-0.001146377013639987
2022-11-17,0.005903664916462454,0.002395150304924522,0.0029532422721090393,0.002107382508413063,0.0016878157720811636
2022-11-18,0.00017525425664556104,-0.000250133883205741,-0.00039104394460612584,0.0016258642556654733,0.0012461263318067455
2022-11-21,0.0017704860861336297,-0.0011907130196137379,0.002072251637593581,-0.0005992968854308617,0.004818134604460836
2022-11-22,0.011027301731997462,0.011539850949738223,0.012363754616507804,0.013959078829400336,0.012893010709944027
2022-11-24,0.004626294877905493,0.005844198368791095,0.0038023117619362047,0.006728902164431279,0.010522203826846443
2022-11-25,0.004993534208441687,0.01642840472946342,0.004243746672377601,0.00340821868509396,0.001811141092046737
2022-11-28,-0.00525633544631198,-0.004773082253138491,-0.0057098905361863605,-0.007691893982893728,-0.007441265914053666
2022-11-29,-0.0005701633585155669,0.0003131061201775971,0.00013357646332543178,0.000518537203335773,-0.0020520782843603987
2022-11-30,-0.0021591545667253363,-0.0029493199540572583,-0.00046108608692982037,-0.0005977770389179484,-0.0035948212879388063
2022-12-01,-0.006869395050068316,-0.004836176172929842,-0.004899742897297587,-0.006555128907134653,-0.004897148851781401
2022-12-02,-0.01625459174833844,-0.017372351346693637,-0.017042273980475964,-0.01865142368862923,-0.015286667494928687
2022-12-05,-0.003533522272546512,-0.005320837799934186,-0.004164579408038947,-0.003280575408684261,-0.002720954969707653
2022-12-06,0.003655989641299747,0.002713394513874679,0.0026355756257850035,0.0023144201494371824,0.004608633625215119
2022-12-07,0.0011539228555055528,0.002112454346196428,-0.0016761628421543926,0.0010125631482081501,0.0021659612147606694
2022-12-08,-0.005784265386251888,-2.9921746793481682e-05,-0.004054864548758992,-0.005800174908867152,-0.003044381818609554
2022-12-09,-0.0001278956564857083,0.002130737172739669,0.0038733445981597846,-0.0025101706326259732,0.007720310558663569
2022-12-12,-0.0010431346917829359,-0.003153769629441065,-0.002924101064228956,0.0015397106028618404,-0.00296197959031148
2022-12-13,0.007038254331560005,0.008143823057656804,0.009852526651115462,0.005187141714799839,0.005977290373722671
2022-12-14,0.004417145892057899,0.0045540160911113885,0.0059751026190950594,0.008415888192965352,0.005865761476125865
2022-12-15,0.002177491498195898,0.002930437787183254,0.0025352034636505778,0.003822994065517917,0.0010149009698507503
2022-12-16,-0.008312759089678056,-0.006523418290780123,-0.006089332230551224,-0.011086362575760525,-0.011034082148229896
2022-12-19,-0.009578693553579187,-0.011447749418571105,-0.011193313136333666,-0.009094416828967099,-0.008021233227915125
2022-12-20,-0.0159468580209995,-0.015907635528771565,-0.007395513094197608,-0.01715313493998241,-0.011538150814868402
2022-12-21,0.0015622652254513561,-0.004874112815538508,1.4984516408517515e-05,-0.002813465517609152,-0.004646936285515493
2022-12-22,0.00790099208537684,0.0069165737311034856,0.007749639394076465,0.010018686795195544,0.00869754852526179
2022-12-23,-0.004430997681860015,-0.004788847885811964,-0.004077661987202441,-0.002735227332485884,-0.0027733739705331586
2022-12-26,0.008705693472612824,0.008478580070648622,0.006016899278686844,0.01070437312507265,0.0038627426376716253
2022-12-27,0.003612644840254287,0.004929705739364434,0.0021161236781504222,0.0032378763793647243,0.0028628742361094793
2022-12-28,0.0007099707939561611,-0.0012815798284861717,0.0009413543526502024,0.0025332113237068288,0.0006716671011228551
2022-12-29,-0.00713501901711456,-0.00474979981710594,-0.008118697159007949,-0.008648455146059403,-0.007339042051556805
2022-12-30,-0.006124131600291648,-0.003942020176990656,-0.004964905348219559,-0.00452875122048871,-0.0016733359597234491
2023-01-04,-0.018700911506478287,-0.03154176548880889,-0.030302287882368925,-0.01630806994210214,-0.012719948087470387
2023-01-05,-0.002414497366456107,-0.0030842240829198563,-0.0006273549649480303,-0.003389145004602392,-0.0018831552222461508
2023-01-06,0.004132385680882597,0.0047231084441649316,0.007095288620979606,0.004586323070656066,0.0021887154511428444
2023-01-10,-0.0009299869651556328,-0.0017658130813428632,0.00177756934539576,0.0001716946009675043,0.0016789580436152123
2023-01-11,0.007207190847592298,0.009042433107937491,0.005063870452883021,0.012849407330984244,0.00808523353769767
2023-01-12,0.001215187648048553,0.003691719089557664,0.001148604123117016,0.018236339410694045,0.004105943098545591
2023-01-13,-0.004755926301002159,0.0012979492927141258,-0.0037707234547359274,0.004734533064645131,-0.0021445924751627215
2023-01-16,0.007724006830511813,-0.001776616497023195,0.003701952479431739,0.011596881484917032,-0.007259639767402767
2023-01-17,0.00816846123855034,0.0066188945334244645,0.00846781935904963,0.008573600955649492,0.008767292942373288
2023-01-18,0.015566493163227052,0.013503691417975482,0.017561852303652346,0.00879516154160424,0.015863454650584613
2023-01-19,-0.011139981558304972,-0.00914820029861387,-0.012458737445084628,-0.011560581163615039,-0.011974034322891404
2023-01-20,0.010551611847363807,0.009585288649270555,0.010430369389191244,0.008460351984396616,0.00958271199521105
2023-01-23,0.0072514589661223485,0.008213521844018707,0.00795500736324052,0.008122981885635244,0.007118064896832976
2023-01-24,0.01457174077446482,0.01241181765694002,0.0128733890045722,0.014872965872733287,0.014127110153534536
2023-01-25,0.007862621814187908,0.006362314318240676,0.0067858507803102265,0.006360654464512447,0.005879864406601827
2023-01-26,-0.002853329449496806,-0.0031695910511886504,-0.001294963993696942,-0.0031534368608036167,-0.0017317598771404272
2023-01-27,0.0020013397002152772,0.00019072218451447135,0.0041106676271243925,0.0044863937747034715,0.003790687516017034
2023-01-30,-0.006564321944794921,-0.006843256671509513,-0.0005652079211340884,-0.004758845512685719,-0.0033767261929195493
2023-01-31,0.0017146391977648733,-0.004333035144089095,-0.0015495000060404124,0.000821465552813721,-0.0010054507626380141
2023-02-01,-0.0017368913013834071,-0.0028130936088441296,0.0005330131676611585,0.0007238845956500888,-0.001972351860962388
2023-02-02,-0.012010897092470572,-0.0028668195092159754,-0.011087780966324548,-0.013782170969426837,-0.007334560126746085
2023-02-03,-0.0032012540676091207,0.0023456980475710246,-0.0012351770866327412,-0.004472102466205494,-0.0002752920947754532
2023-02-06,0.013845432122838178,0.013622438820430101,0.011536793624150396,0.015050871518655532,0.010779273305987474
2023-02-07,0.001119745216531638,-0.000673578192586821,-0.0006505657317376007,0.0023450432232991346,0.0003142938329376473
2023-02-08,0.0004319285443779453,0.017265501708528506,0.001739506591053341,0.0022628722336555016,0.0001229153352652732
2023-02-09,0.0012381098111342507,0.0023976315938784155,0.0002625618873160561,-0.003927863336850976,-0.0001328202208616544
2023-02-10,-0.005064398440437143,-0.00377706513690176,-0.004208014992171887,-0.0016205364749392538,0.00015746656392278145
2023-02-13,0.010665650999976763,0.009746568248801697,0.012143399119215671,0.00922872389100011,0.0019182661569504696
2023-02-14,0.008858306989277424,0.007628717664341384,0.00872458265056689,0.006353212233925118,0.007288825252437744
2023-02-15,0.002363869430319022,-0.0003601431645646338,0.0025103877765863124,-0.00017782447631449364,-0.0002795133360350552
2023-02-16,0.00587869285706944,0.004949926961565123,0.0072982505286155715,0.0028010699492798377,0.005742095503810053
2023-02-17,0.002301045213904106,-0.001765645608103908,0.0011980893019422618,-0.0004850791551733605,-0.0010227061225606866
2023-02-20,0.00918157975935231,0.002484605346006576,0.006909424234333606,0.009134052529404043,0.0058587811167021275
2023-02-21,0.003942590422675119,0.007455099525199806,0.007199150176684266,0.002085587351634415,0.0005813886215668957
2023-02-22,-0.01755991999579609,-0.007310575229872813,-0.016917186887753687,-0.010505507249095186,-0.00880719509000042
2023-02-24,0.004495512171765992,-0.0013213759421342656,0.0029125839665779816,0.004661543506299255,0.002203672489030652
2023-02-27,0.007580176196982267,0.0048025721802464755,0.005648815425329214,0.007436404792643552,0.0026736363218054383
2023-02-28,-0.0011536196670852185,-0.004568374139752754,-0.002490910948994066,-0.0014585241924815727,-0.0021155900795744465
2023-03-01,0.006557273663477111,0.011977685795410113,0.006565399395312064,0.006899980806000847,0.0022452545372112736
2023-03-02,0.015486661610175206,0.0010580232015300853,0.01723228104917292,-0.0008231495372288569,-0.0009419609321717406
2023-03-03,0.010758746323873405,0.008858154800760675,0.015416045889459998,0.01183564262148136,0.012894687239342303
2023-03-06,0.00300647428333656,0.0007489782652111617,0.01801833806074564,0.03126028594716937,0.007011857581743834
2023-03-07,0.003647252808840213,0.006463368421550948,0.005875767471947075,0.0031359642454262876,0.005773385074486406
2023-03-08,0.005051126013305774,-0.0010013686240863103,0.004428688328641352,0.004980290654975052,0.003909126333041404
2023-03-09,0.001298335543905514,0.0027725542060722556,0.0014941590073016123,0.00741237840436214,0.009010360941091604
2023-03-10,-0.008493340789161696,-0.007889197019853536,-0.010148244042660983,0.0025031640957192316,-0.018525139190004054
2023-03-13,-0.013892467393806595,-0.011459737156959152,-0.010063777085814539,-0.015792930763212063,-0.015337265889016525
2023-03-14,-0.026605320589264098,-0.02811898675691415,-0.021329330857326932,-0.017993415996101766,-0.027403296651282345
2023-03-15,0.007956970825509856,0.007665248443185237,0.0048365243718086655,0.009132168692302978,0.007383718371433703
2023-03-16,-0.014949506498352482,-0.019346550109432505,-0.01013251835914387,-0.009285646972493124,-0.015225496005584871
2023-03-17,0.00969586373182873,0.004709564220932621,0.012148323740494849,0.006072156510134498,0.0059912394854308776
2023-03-20,-0.0122753014956828,-0.010294606323326305,-0.012023832112656611,-0.009445227620328884,-0.014246175510619326
2023-03-22,0.019274683812875976,0.020203505004650926,0.01997372264703357,0.015802049974631003,0.017227788914098034
2023-03-23,-0.00264316558268245,-0.0002257265630537334,-0.005362467986070099,-0.0009916682196639275,-0.00422847578520988
2023-03-24,-0.004949348162397112,-0.0015072304368716478,-0.00242211261001075,-0.0016898363357454222,-0.002503815913378893
2023-03-27,0.00483337549995501,0.004887493944679006,0.0054673170154738516,0.0030219595745180038,0.004980612522034307
2023-03-28,0.007348883222710708,0.004890930353452226,0.007385459793302191,0.007216193705947738,0.00487513803978925
2023-03-29,0.012787203856162027,0.012685221702907012,0.015050757527888477,0.011557420758102071,0.014218822917930017
2023-03-30,0.006662303177250215,0.005876714839548167,0.004938367715732988,0.002967873200045706,0.006635174475013812
2023-03-31,0.009219673125538258,0.008456693103545191,0.0057682022639882775,0.007954409783799531,0.010475639128943885
2023-04-03,0.010258395352427677,0.010754007197988894,0.012299709171684934,0.008564769867657893,0.009209492988599683
2023-04-04,0.003475823215144798,0.0035971388456639444,0.005806908857796559,0.0049147282744474215,0.004095134122692505
2023-04-05,-0.02198586669849439,-0.02191983127486757,-0.018880257160492648,-0.02077195113252082,-0.02013596271126568
2023-04-06,-0.015118773331850533,-0.01029447864385145,-0.013738728672274068,-0.0118215279436174,-0.008101198106117435
2023-04-07,0.0018486056642357952,-0.002173256521912817,-0.0002391096841311024,-0.0018037847772226403,-0.001095784875791443
2023-04-10,0.005323470115388197,0.007388779587141205,0.006623908727712584,0.003949331927275826,0.005909431377690375
2023-04-11,0.00962944502647095,0.005134260541756213,0.007569429349630764,0.009632444797890011,0.007992634834949105
2023-04-12,0.009399184244639473,0.010773137264437809,0.009017739146989502,0.010050515248393068,0.007295852385314668
2023-04-13,-0.0018836141266636477,-8.82998519257305e-05,-0.0009963915617587664,-0.0032625981602865933,0.0004469837640950301
2023-04-14,0.010606185659758854,0.007558889264908677,0.02741797320591176,0.004012704979636057,0.007539685662009653
2023-04-17,0.0009876481496431911,-0.0007627734493848516,-0.0024199479053510563,0.003844530509878176,0.0028517387974749575
2023-04-18,0.006605957094222122,0.0038614471884520015,0.005082877891724575,0.007666912392172438,0.006569532918855737
2023-04-19,0.019496160693096974,0.0035550383196088237,0.0179478910959289,0.0027655061623878745,0.0034492425217088813
2023-04-20,0.0004997527163102657,-0.0008522909127805807,-0.0003634767375277339,-0.001959560534874558,-0.0014708694079871082
2023-04-21,-0.0066730291875095075,-0.0025652747588256436,-0.00601922829114625,-0.0038160625819608955,-0.003935041953011087
2023-04-24,1.0298283105782905e-05,0.0023658873227368673,0.0007529670756024666,0.0019403060683646119,0.0020462933227087332
2023-04-25,-0.0004918698909383961,0.01722575980114789,0.0041657341119001115,0.000822812977188852,0.0027527391051656307
2023-04-26,-0.002211146996193287,-0.0032336753673209324,0.01196978530066368,-0.003763302782233309,-0.004622881823631377
2023-04-27,0.005086805809381477,0.0036685820203786793,0.003145581814202228,0.004711540856844266,0.004276468355846671
2023-04-28,0.010193174249204233,0.006009398992472449,0.0076330324339418405,0.02267519164162786,0.013957412783632607
2023-05-01,0.01041627539631828,0.008681687808108046,0.010302396223195292,0.011932332595795745,0.010756006280214817
2023-05-02,-0.0060906304725518575,-0.002242115384959738,-0.003326766293677016,-0.0062674550967584414,-0.0044027575008454955
2023-05-08,-0.003813701635081727,-0.0059159685531273995,-0.006353187650850139,-0.0002712476597223928,-0.001475930606049421
2023-05-09,0.011400293958507796,0.03784919438567631,0.004565189662998329,0.01024604039817584,0.012935850668018339
2023-05-10,-0.011886971615487572,-0.009175035098057416,-0.0045287414204164605,-0.007141536985050726,-0.007353725533272369
2023-05-11,0.002478783218767391,0.005428874937838719,0.0025238524432282966,-0.003153510887450621,-0.004153915898683949
2023-05-12,0.0010522973091015519,-0.000614191843371064,-0.0014964215961793294,0.0013044070542065694,0.005788188310999554
2023-05-15,0.020353784219619857,0.0025065709104031826,0.0037480287675969778,0.0032421444994560713,0.008654807748864384
2023-05-16,0.001478904644575601,0.004231929315384046,0.0021255944365955555,0.0009737518968160469,0.004254658838251253
2023-05-17,-0.0020636628818388163,0.014587308855462486,-0.0025514718898889885,-0.0038149254609346995,0.0029321949997443714
2023-05-18,0.007739307490785404,0.008699849209477178,0.007752917327965158,0.002810370370731107,0.005281704525673153
2023-05-19,-0.002669388620283569,0.0025926049897877484,0.0014630483774977863,-0.003925463805630757,-0.001706522561564378
2023-05-22,0.009194610350155941,0.007536198526329478,0.01001131954634735,0.011778230048549571,0.010023318513760909
2023-05-23,-0.003493854420729698,-0.0018120329056394956,-0.0008957127811998922,-0.0020114095351338747,-0.005547009945089886
2023-05-24,-0.0024061789821578903,0.0016812588788977295,2.0659391173600517e-05,0.01323975679586153,-0.00026472179715319576
2023-05-25,-0.005508989051039019,-0.006143299302501605,-0.002835806837766794,-0.00506006852524055,-0.0060239523008105336
2023-05-26,-0.004947619174050175,-0.006334651771770658,-0.006159202877282743,-0.006362547165615158,-0.002647412158865319
2023-05-29,0.00403906156196864,0.008451645066161154,0.004780376339071902,0.003507583377673918,0.01017941753073492
2023-05-30,-0.000670642063279466,-0.001430944567337418,-0.0013011469057106564,-0.0031416771235512507,-0.0017194924465562865
2023-05-31,-0.017988861960799563,-0.0178137766768317,-0.017662028850060466,-0.018451426809883122,-0.015143151103340496
2023-06-01,0.000980652891643779,0.0040202699585218105,-0.000502060178094945,0.0008278154205401335,0.00899299353836191
2023-06-02,0.011054135494351263,0.012713594652697467,0.01072546958926106,0.010615132806531155,0.017139880108915345
2023-06-05,0.024971149161542507,0.021403789014598513,0.024928881543475216,0.019975677829719256,0.016656631489876554
2023-06-06,0.02327901470218783,0.03847414647789123,0.0244583341338675,0.009235850345735295,0.012001720764800897
2023-06-07,-0.009623689984430223,-0.010773463049179269,-0.008642263857714553,-0.008071711115901239,-0.012950498176031368
2023-06-08,-0.004033022409056034,-0.0021150123242310638,-0.003382681527126897,-0.003619455573372162,-0.003291245870148453
2023-06-09,0.012579958630164317,0.01221200177668478,0.012288354135018652,0.011596791574768492,0.016410819276018382
2023-06-12,-0.0016384987396635164,0.006041157931569087,-0.0009619165834568854,-0.0001882916158402522,0.001890667481272162
2023-06-13,0.008761798644667166,0.021907010826711246,0.00937734627656574,0.007653825527650066,0.011510235333151453
2023-06-14,0.027791242890125665,0.007646014735492605,0.024660101715794195,0.024388937488961378,0.016118115237251148
2023-06-15,0.0007973416917980648,-0.002028039910521366,0.0002544771424167322,0.0020347456654906974,-0.0010895032377016584
2023-06-16,-0.00296314501818626,0.0011717637354349266,0.0022600053716912575,-0.0033360276985010683,0.0018944077508113325
2023-06-19,-0.002147708947192473,-0.007497391902600988,-0.0027295656638067914,-5.08206872464668e-05,-0.00532869289512141
2023-06-20,-0.0067467352520896185,-0.005375876143796956,-0.005130387229106074,-0.0069821145380268125,-0.005161410343289711
2023-06-21,0.009007312214674098,0.004319133804163077,0.004627918268486481,0.007068176569009444,0.008268640453039858
2023-06-22,0.006083725108803544,0.0020100998077857033,0.0016818912882846531,0.005484493281698804,0.005142135146763029
2023-06-23,-0.006392756914034741,-0.011132665458420673,-0.006617813554965099,-0.0037782433666582686,-0.010360017490546514
2023-06-26,0.00011584602363711761,0.0027410393083731758,0.0013971426795605078,-0.0006762566366340173,-0.002177344556044182
2023-06-27,0.003606682054613496,-0.0027151886271753363,0.0024117608825830177,0.004321197238731758,-0.0011045817710360019
2023-06-28,0.016703041998488977,0.012977890688681963,0.013202582371842481,0.01709908578858047,0.01675660776524153
2023-06-29,-0.003435805508379906,0.003977872455229936,-0.0007000786075601814,-0.0010759872168072315,-0.0007031441679103183
2023-06-30,0.0004154103423936868,-0.0016907515620523692,-0.0010109412078149935,-0.0032690793825695193,-0.003130429898681739
2023-07-03,0.009169109814918168,0.007142065635630051,0.038258631446702815,0.010742489335717503,0.013643725403312856
2023-07-04,-0.004286055767166829,-0.016003122289607482,-0.002573785300903509,-0.005684855394283404,-0.006843541660876892
2023-07-05,-0.0007522286637404048,0.0012940095794003455,0.0028718227650730635,2.846856628489693e-06,0.0021562713716088695
2023-07-06,-0.011015381855374694,-0.004136730839797119,-0.008849903081718045,-0.009696095129990211,-0.012178762560653509
2023-07-07,-0.0055268573163891645,-0.007386379422315618,-0.005834582404336257,-0.006407470225618173,-0.010687334971438527
2023-07-10,-0.0053007860372304705,-0.004104172136191124,-0.0020776060252750456,-0.004475798078362327,-0.005343692677748303
2023-07-11,-0.008166765350833266,-0.0037403431864539783,-0.007858145532722408,-0.008660836773942917,-0.004596966486434684
2023-07-12,-0.00135172059473935,-0.0010039466419811175,-0.001000630735630711,-0.00029152521285070565,-0.00402834737455118
2023-07-13,0.0027953477355452346,0.004463151552875134,0.0015097164604652969,0.0014632800202208952,0.005855487405222738
2023-07-14,-0.0004225452172900851,0.0005754883214063472,-0.004621175513526526,-0.002614329560208451,-0.00467652044634538
2023-07-18,-0.00024407366455145632,0.003925623152987745,6.274969383879975e-05,0.0012808101059906133,0.003172094268775098
2023-07-19,0.01310972923669167,0.05393074774656511,0.025832611915071805,0.01454421380823191,0.013257919743194626
2023-07-20,0.0015438306615916974,-0.0010920327262738893,-0.0012890955293388903,0.0008902563646868639,-0.0034567964250185853
2023-07-21,0.0027325245720427587,0.004247507386654689,0.004769992839899778,0.004674667535075241,0.003923172303959973
2023-07-24,0.0140074174496839,0.008410204105468253,0.009485489379586362,0.010715514232678405,0.009481631790622794
2023-07-25,0.002992921859331746,0.004418360603599036,0.0021022367394834033,0.004774783611452827,0.00416834206421883
2023-07-26,-0.003412807218820608,-0.00201097582552859,-0.003277797023834925,-0.004981899399125083,-0.0003257031592874761
2023-07-27,0.002194331112343446,0.002222330572578894,0.002032485428195387,0.0017953660412531997,0.006509622343444269
2023-07-28,-0.004933767983755641,-0.004910596178331317,0.0024864133745797507,-0.006698018502493849,-0.0026749472448897855
2023-07-31,0.011266496752182277,0.010022116342958104,0.006885405122334621,0.011660910593123016,0.014834796079770453
2023-08-01,0.005709212221515179,0.006908228596101539,0.004068144162438184,0.008814437450407773,0.006780313226036944
2023-08-02,-0.009447140979101896,-0.006705347739604498,-0.009647482191214269,-0.006452780043928975,-0.015916286608032616
2023-08-03,-0.0073981952491335885,-0.012455240963778506,-0.0079757227170434,-0.014452092932327992,-0.013517273382026946
2023-08-04,0.0031539539074818775,0.0007919147173714142,0.003782838475704931,0.00047135556319761215,0.003141005294419482
2023-08-07,0.0031892967140234453,0.00414798098091394,0.0038563059539456213,0.002074661085480281,0.004229412128526161
2023-08-08,0.00446143911452548,0.017083212632709583,0.001875369949843982,0.018824663366032394,0.007337110026918917
2023-08-09,-0.005594082383118077,-0.008149755451589758,-0.007295381528860578,-0.004042573608015984,-0.005533084000065765
2023-08-10,0.014107994149990961,0.04426262304701572,0.046305974976665124,0.01494621144582102,0.0186389127470292
2023-08-14,-0.0071104782568647456,-0.01010770732753685,-0.008723231465865768,-0.004579324441938442,-0.010548684308059534
2023-08-15,0.0020188276019109546,0.0007721956030736936,0.00014353415360648567,-0.0005434476003958608,0.002640940308317018
2023-08-16,-0.01082512244519518,-0.012233442709071672,-0.010100031709877246,-0.00912007451320239,-0.013176416319643032
2023-08-17,-0.003735425959800806,-0.003984397866434026,-0.00508595686748148,-0.0017462306579681618,-0.002362196892864308
2023-08-18,-0.005537971634830643,-0.005858358661261968,-0.0069861105965202805,-0.00876676575217317,-0.008329594239896276
2023-08-21,0.0028314736751849498,0.0007760894326270527,0.00238447518383934,0.002865193545824933,0.0027788109981367114
2023-08-22,0.00843373700509547,0.010018695524226164,0.009967036492843915,0.010125316952307253,0.010165231511864955
2023-08-23,0.020164827364554855,0.00217258535064747,0.019629828893499287,0.02084609484951522,0.00770618248663889
2023-08-24,0.003411744378853208,0.007357098098990643,0.0014828101787285205,0.03388498814337156,0.004454017343069732
2023-08-25,-0.0034933826465924013,-0.006525133528676162,-0.002557125626489444,-0.004421894538803315,-0.0068505950919214775
2023-08-28,0.01253863313030241,0.013325527927809503,0.01174776383498767,0.0118026432159402,0.015339620864382536
2023-08-29,0.0005097053355417252,-0.0001015443465424257,0.00037648829445408093,-0.00018131581168542404,0.0029196383836034507
2023-08-30,0.004311980059482605,0.004640677082539276,0.004259044772078745,0.003977751529088999,0.0025113411090678605
2023-08-31,0.03555592597560491,0.0020036871168525355,0.0017852652585351233,0.002295245806296674,0.007228169891786958
2023-09-01,0.006753416644541496,0.003979381430817021,0.005949408514436353,0.0063509240862854475,0.008903018577160112
2023-09-04,0.025573837536089595,0.006451827642301602,0.00927535084288624,0.021743493367291714,0.012622020619703557
2023-09-05,0.0005552304395346251,0.0015249437424392897,0.0013124254476711745,0.0006980607272267286,0.0029113677069232077
2023-09-06,0.004194092149178271,0.0006279090101679899,0.00547570685266999,0.006313033215100161,0.00534096169749507
2023-09-07,0.0011399408656030381,0.0026312492843061823,0.004979571429014359,0.002652299762052358,0.0011483926143317524
2023-09-08,-0.0025636531745840798,-0.005276956034341738,-0.003583722599308162,-0.003758380970374367,-0.007271510122638385
2023-09-11,-0.0006040404602863675,0.0033425327942579975,0.0037864560425781334,-0.0018231500244392789,0.001236313480769397
2023-09-12,0.004828564528788202,0.00918411868140211,0.007551654750693795,0.005749177035450666,0.009979447311917551
2023-09-13,0.006857296450593462,-0.002405868897127696,0.0035767368160957574,0.0032322373486408968,0.003905574804295938
2023-09-14,0.023289362891363043,0.007092998394295922,0.024566918950231643,0.020724670756914556,0.014022212867759764
2023-09-15,0.005684928661456627,0.04397489609983699,0.007374545073783774,0.008013271393672385,0.01127866212691933
2023-09-19,0.03846570023903808,0.01631399068868554,0.03575476670283142,0.03732047320750326,0.0046286741244616365
2023-09-20,-0.006447830877626263,-0.003414789977092883,-0.007485655726344337,-0.004469559159717816,-0.010496452037800806
2023-09-21,-0.005335219446143232,-0.008821068149146825,-0.0069317460207167225,-0.003607082994794855,-0.007451196168118917
2023-09-22,-0.0016030785443899545,-0.006045926019860818,0.00021494651610808003,-0.0036373954923121007,-0.0055414662702408645
2023-09-25,0.030452074016439054,0.008391588146001642,0.029358048851513635,0.0015611318405403464,0.0019519009048684175
2023-09-26,-0.0018241901967340373,-0.0029385084798230015,-0.0008702810074024386,-0.0005225997454452181,-0.00318919295666758
2023-09-27,0.0007478898177510867,0.007368836234736016,0.006015260978448731,0.004976944026618933,0.0037542175029353533
2023-09-28,-0.0003899040893387421,0.0022629464259258996,-0.002601202586070101,-0.002509457159916135,-0.00374530879633242
2023-09-29,-0.014431668353121253,-0.01180516198542661,-0.008070498315069695,-0.008372853918373547,-0.014589213349277748
2023-10-02,-0.007016340668636077,-0.005885188451523995,-0.005733146132809754,-0.0051896707350992145,-0.006516782386991114
2023-10-03,-0.01760316641204457,-0.016245071925996443,-0.015456645511316949,-0.01214302506362508,-0.02229503736392683
2023-10-04,0.013351251569403618,-0.03505219213559937,0.01975415158926153,0.012071167842622306,-0.030462490328812826
2023-10-05,0.013786493456959245,0.013538869331374437,0.010658371253351465,0.007859744556409788,0.01895160480944502
2023-10-06,0.005092543903551343,0.005326490048293795,0.006439060456657805,0.0015545512532629585,0.001307803852326084
2023-10-10,0.022111525132592676,0.01926518337643973,0.02100386401472591,0.007082773302045309,0.024512051162931398
2023-10-11,-0.004193165253049166,0.0004949094222597076,-0.0008672909794223636,-0.0017898415239028763,-0.0018002844696335004
2023-10-12,0.014118873830166351,0.0072659448755613976,0.015741805097476493,0.0002346313837373363,0.012940915050548705
2023-10-13,-0.014275411217082812,-0.006246635115869774,-0.009580562646349034,0.005285595388941608,-0.011646032599623242
2023-10-16,-0.012138110548966295,-0.010677523998488118,-0.010677828092505594,-0.005055839682813944,-0.012166841401103128
2023-10-17,0.004083258973480228,0.0045565719697045195,0.0038776087271615656,0.0012202761873301067,0.006583096514526046
2023-10-18,0.00023609280855483786,-0.0021279599686943305,-0.0024516422137709167,-0.0027475298767762396,0.0024476172429568734
2023-10-19,-0.005649086470977912,-0.006372479884232682,-0.0038068186913118468,-0.000882512488275743,-0.010466096382446523
2023-10-20,-0.014910827892032638,-0.004206149768359018,-0.003442141788141752,-1.7863310287300968e-05,-0.0020629125537313664
2023-10-23,-0.010031851456849466,-0.0033073915489344754,-0.0047154077802751,-0.0003154077667135662,-0.00821099190179766
2023-10-24,-3.5636991873412094e-07,-0.004493092528548324,-0.0035929003536982695,-0.0015723595114624882,-0.00045359149554234944
2023-10-25,0.005785033370100422,0.005585895300570183,0.0064467454777295645,0.0027352325656513563,0.007640745164192988
2023-10-26,-0.010637886404529373,-0.004814061809517822,-0.007313539445113285,-0.002318552191555876,-0.010084280859722666
2023-10-27,0.015469252527522286,0.01058524944679983,0.007868750425743764,0.0048633087761922,0.012144080603976357
2023-10-30,-0.015002023662822094,0.004899621954540774,-0.0065423594400682555,-0.0016922738891500208,-0.012311755941770499
2023-10-31,0.009225419417464046,0.00799806914950502,0.01526243962709456,0.007365154445067069,0.00935942660357845
2023-11-01,0.02306346255783294,0.026859657128845887,0.024535706421120733,0.007631824523575845,0.02780537673633753
2023-11-02,-0.010002049599669993,-0.0027747915012417195,-0.002326679493222184,-0.0033986367575453568,-0.0005105141283675911
2023-11-06,0.011602053782653754,0.010324047097140257,0.007723357710793389,0.0019260265319138105,0.014556485553793656
2023-11-07,-0.007291043474203365,-0.00849112273972817,-0.007009434217370409,-0.0031118148292057102,-0.011721405701118496
2023-11-08,-0.02137713470516052,-0.025894012617586348,-0.02403039345935555,-0.012228662800102178,-0.019534375416154975
2023-11-09,0.018504647050809352,0.01199623907321809,0.01263650455171832,0.0026760708194948635,0.01641634001993455
2023-11-10,-0.0021142395451656452,0.004336644061431589,-0.00202555235700498,0.0011997978640267844,0.00148374282944217
2023-11-13,0.003716858337111679,0.002253258400993991,0.0012259764884211782,-0.0028161535977260493,0.003866212242777566
2023-11-14,0.007904440862061221,0.005849216567671355,0.005791925324126159,0.0006473655064813308,0.007557407297410823
2023-11-15,0.019443967381888527,0.022938963426598534,0.020595142814096603,0.004603996587159461,0.012312298044929325
2023-11-16,0.0006142995040622848,0.00036408557854894356,0.0005129852245362275,-0.002151237465610926,-0.00020362558876737177
2023-11-17,0.012842398753674046,0.012828261591136684,0.0113029217948371,0.006698867143207899,0.00918612740054533
2023-11-20,-0.009527326297300612,-0.006995937507212599,-0.011038737735076859,-0.0037760767925815964,-0.007661984132188165
2023-11-21,-0.005677660577511835,-0.007372954186808205,-0.0035796945716023722,0.0027179052664358058,-0.005611847655264616
2023-11-22,0.004924735051602349,0.004754029139464747,0.005793356781050069,0.0018512848123167628,0.005550882824347339
2023-11-24,0.006181810092922997,0.0046457671862329,0.005992089268447799,-0.001997399812773487,0.005163133286145905
2023-11-27,-0.004858531828178555,-0.005866363255844381,-0.005307889615167932,-0.0020872021463421908,-0.005011390913367668
2023-11-28,0.000971000316061002,-0.0028677017070291434,-0.0011479346720864024,-0.0001762272827074253,-0.003267808466528088
2023-11-29,-0.007355674634438913,-0.006384532356407578,-0.0072709146191158175,-0.0052443252247962695,-0.008323034935668524
2023-11-30,0.008671905145860404,0.008432895762090003,0.007880771927639882,0.0035099369527430858,0.004959038731678436
2023-12-01,0.0042435393901319035,0.003340827048094973,0.004603695521247233,-0.0004938618820287139,0.006241652178425985
2023-12-04,-0.006632767289736314,-0.00450556731561294,-0.0043837904693381415,-0.0037883251622703768,-0.007559767322771875
2023-12-05,-0.006757985575295775,-0.005879423165854693,-0.0034648688025706712,0.001083288782304179,-0.005204102985674674
2023-12-06,0.015882369428079666,0.02583358291479069,0.01976078402433034,0.008808153379253883,0.018632674619270748
2023-12-07,-0.010720387910810925,0.0056492508092465905,-0.008380105289873941,-0.003663909709708066,-0.008102764730806717
2023-12-08,-0.02051332451212056,-0.004961397108313006,-0.018993955269254806,-0.005029632713496214,-0.01677341495672899
2023-12-11,0.010545976863664581,0.016741831044094813,0.010193345446914321,0.004882129025729136,0.017541257937447853
2023-12-12,-0.002786692796185548,-0.00540644041286963,-0.0003466446544330013,0.00026030370075410294,-0.002596792327968004
2023-12-13,-0.021705764461146863,-0.005708428051835862,-0.0034629000701979712,-0.0005977277883273214,-0.002404866460916576
2023-12-14,-0.003942256892195313,-0.007455700288886735,-0.007519735321310307,-0.0004383994689828298,-0.015994779264447284
2023-12-15,0.0022963586559340936,0.014325854441803926,-0.004202885016501693,0.0021696414475900847,0.004555552791412821
2023-12-18,-0.010536991896584818,-0.00876798045089103,-0.013961487857599573,-0.008116252590275012,-0.010821838969014244
2023-12-19,0.002812336254540991,0.0012295247335107951,0.005955877049987813,0.0019957835912570027,0.004081144866001199
2023-12-20,0.00749496513577093,0.010622675235009166,0.007696976526272526,0.00720883734792495,0.007092736262057966
2023-12-21,-0.008539441147074901,-0.009089861267135256,-0.007603996509398457,-0.006840146437866568,-0.011033453308323565
2023-12-22,0.0038803209584902837,0.006256797819811777,0.003720041853996454,0.0011190467850530608,0.003425337699912888
2023-12-25,0.0022842056497197998,0.001542962678886219,0.0037565568124985705,0.002874859227475814,0.00134142961107599
2023-12-26,-0.0002815185839475783,0.0009605733619308956,-0.0003626386188293256,-0.001542252087768962,-0.001189559827570079
2023-12-27,0.009386962020084814,0.007281609548753104,0.006037087569608311,0.011722347455856277,0.009820764462168608
2023-12-28,0.0010732091979484817,0.004296543323582351,0.0015158498954168675,-0.0011330494702510565,-0.00034418896979173183
2023-12-29,-0.0014285541501260473,-0.0014380361253210603,1.8235985501105435e-05,0.00019763077637267683,0.0012662314669470518
2024-01-04,0.009771040031673865,0.007416352306783619,0.011883562022667705,-0.00037777598892584584,0.012612429151005822
2024-01-05,0.007971273200412647,0.004984782562017493,0.0070584296936992965,0.00934167103428188,0.01138987508213526
2024-01-09,0.005785454983135494,0.016062083727363473,0.004630864529639698,0.0028115713529783346,0.00327143993468983
2024-01-10,0.02285126224502482,0.009590502373477394,0.02753517235004284,0.0148395864120406,0.011687188599614875
2024-01-11,0.009777567726164477,0.009072248843937744,0.011619727632139736,0.04621105026753318,0.018211563882724224
2024-01-12,0.005379188879500647,0.008287191800580329,0.008559627661022279,0.012313008777611364,0.004918680631494951
2024-01-15,0.005170895136532684,0.005425140737017517,0.003852055421784519,0.001240482519100672,0.006116382350167017
2024-01-16,0.007557715249109199,0.003983642290931478,0.0036758574980767225,0.0006383469907151149,0.000993000747856097
2024-01-17,-0.0028635476212857678,-0.006610115156067793,-0.0035766836508464702,0.007419622367092542,-0.0034033863591998526
2024-01-18,0.011360925923363416,-0.005721440010122746,-0.005017096404943739,-0.0034698832402847673,-0.004921198271332118
2024-01-19,0.0033806620260726323,0.0015300996045754763,0.0016225072851636176,0.0036948603522446236,0.003459145621790879
2024-01-22,0.008241520588890421,0.007980547041159027,0.025244981446581313,0.028401119923146548,0.014338144517715907
2024-01-23,-0.0012394351891335522,0.001080000539227154,-0.0020441281590580103,-0.002685597130790994,-0.002964864071374015
2024-01-24,-0.00514285212377888,-0.0047355406967605745,-0.0026495894116245955,-0.007280979361190765,-0.006769118609720075
2024-01-25,-0.0008113250725941511,-0.002053442850186621,-0.0038117711883419426,-0.002465637683931865,0.00034730721292585163
2024-01-26,-0.006350191040389942,-0.008042225581898352,-0.006589600475959792,-0.008869108185987684,-0.010449561801760368
2024-01-29,0.011576552073570811,0.01235621677098891,0.012612589831749373,0.011260810754617165,0.016054293506816676
2024-01-30,-0.004351948248553886,-0.0012473577561192,-0.0026571617181828256,-0.0013807851162084325,-0.002351228465080519
2024-01-31,0.003933820717362332,0.020459614509395995,0.0076335631750591,0.00665862695222136,0.011128847672206742
2024-02-01,-0.003875211070192785,-0.003077755742174328,-0.006007530222600364,-0.003874987940361043,-0.007257667668010848
2024-02-02,0.001426844144859026,0.0003877181309678156,-0.0027910931811393814,0.0025330339933323644,0.000891261682452325
2024-02-05,0.006372279345734979,-0.0013267087895965511,0.004503095965358372,0.0041459757983489404,0.01220643176043466
2024-02-06,-0.006245360240403673,-0.006042184624935411,-0.007266985134611053,-0.00863418096163617,-0.009910722771931052
2024-02-07,0.00542410278587786,0.0030760600689743295,0.004656651941941897,0.007993878948366416,0.006771293274016712
2024-02-08,0.014314677824739795,-0.006250425794306184,-0.002366801552951789,0.012668826381818673,0.0013456405201090079
2024-02-09,0.011692672008539884,0.0005707430548346067,-0.007565344580416367,0.015709945125236137,-0.0004840137704082567
2024-02-13,0.012604206609622947,0.0123908804992524,0.015309413843264692,0.027672358626072556,0.0157078656685872
2024-02-14,-0.011400783740816541,-0.01084698215942572,-0.006205921684707457,-0.005881297467507933,-0.01335007120177521
2024-02-15,0.00557072664533642,0.010269685336057072,-0.0022780054769284304,0.001534870400452644,0.0035482737571770426
2024-02-16,0.012468245266538693,0.009773096519067711,0.027522292114640027,0.0055579010662444115,0.01808215951584982
2024-02-19,0.004092447256428871,0.002977752719106031,0.0019351151240445726,0.007439109113000677,0.008640274907745034
2024-02-20,-0.00021563796009360322,-0.0021865530821393196,-0.00413021132332886,-0.004174721665087391,-0.0025862670177035003
2024-02-21,0.00024186129913574602,-0.0009937237413414717,-0.0006029027704369796,-0.0019326631260406305,-0.003695269043806897
2024-02-22,0.019238630519934248,0.005043919062631226,0.005091917170370263,0.010185018324855424,0.011207296516015331
2024-02-26,0.0028660204228700198,0.0003292385548162452,-0.0014855285383395503,0.0025149095245081314,0.004664770643313311
2024-02-27,0.01637632497852106,0.0025601572384835176,-0.00010227553065642897,-0.0004980646552498139,-0.0007317340031408277
2024-02-28,-0.0015066682902809708,0.0009115561036068275,-0.002522792911604363,-0.00022319178736960406,0.0006134433682334547
2024-02-29,-0.0028895143853125346,-0.0025384599985505993,-0.00017657112186789754,-0.002708096324231113,-0.002384901110055746
2024-03-01,0.008095995763354288,0.008772476385472135,0.01048156975505914,0.008272473224347241,0.011153651352867448
2024-03-04,-0.0009857379002528451,-0.0025277014755717966,-0.002203447524494549,-0.005564794036923833,-0.002238084880871272
2024-03-05,0.003785620342504532,0.0007991905630324774,0.01701105090611383,0.002997893343823404,0.005371876113811829
2024-03-06,0.0039579416890917355,0.001452671380921027,0.004532845838287906,-0.0003310510384749747,0.006242695867865326
2024-03-07,4.785192329305368e-05,-1.3091606496387848e-05,0.0014401500718692938,0.004473637006926211,-0.0003307535886490974
2024-03-08,0.004526626589792461,0.0037619031640016747,0.004190018887934592,0.0031785573766929527,0.004464963433468951
2024-03-11,-0.01610676264947772,-0.011101582384451754,-0.012370855046689649,-0.01497667819009039,-0.024705809345239544
2024-03-12,-0.0002491080144264147,0.0003088074077515565,0.001061976305618276,-0.0004604989915707538,-0.0029326389977527264
2024-03-13,-0.0020362054011124303,-0.00011242072634345501,-0.0005151411732697384,-0.0007087278292711885,-0.0015634767669901756
2024-03-14,0.0035952286609812634,0.0019675802926273265,0.004547514244342471,0.01277355699139704,0.012571760162044896
2024-03-15,0.0009600386650921344,0.0006149801027369358,0.0008429358945445762,0.007479206229856878,0.011227128522854063
2024-03-18,0.010048420150203081,0.010075564344146536,0.009200894719210977,0.02193656154427623,0.013718010518114457
2024-03-19,0.007394771814309622,0.005538445824492404,0.007581371611551357,0.008754876461374347,0.014513305436107309
2024-03-21,0.03728464536435559,0.0023558199497539026,0.005287772150023136,0.06452924992317456,0.013213131626588888
2024-03-22,0.0003993221359851692,0.002549321880984133,0.00021695545348627442,0.005366903551426834,0.005521785312166842
2024-03-25,-0.004321660517323409,-0.007672211998141811,-0.006435949688041412,-0.007353802149777568,-0.01154004678373344
2024-03-26,-5.7796234290349966e-05,0.0020479318348099814,0.0015096013615641302,-0.0003552727604588105,0.0008799421092412887
2024-03-27,0.00059021252517207,0.004745023563391861,0.003297268013999659,0.0012386911492041348,0.007325397029327957
2024-03-28,0.0010051480845094168,-0.01087459874949325,-0.0051980253605451235,-0.006186657740652925,-0.003917675273564474
2024-03-29,0.006256137406551603,0.0047286899097562386,0.006789530984301717,0.005961540694989518,0.006435436139276449
2024-04-01,-0.011289724102913406,-0.005076999880454378,-0.005924259522898705,-0.009335652598144579,-0.01843920727638026
2024-04-02,0.003849689574570837,0.002002977309418198,0.014691784125398429,-0.0007162413863873769,0.0004234960517296416
2024-04-03,-0.0016486955271330264,-0.0035446951318572834,-0.0022971185628402656,0.00021834120491094557,0.0014303160295590263
2024-04-04,0.008090779019470667,0.003877414364272478,0.003005069783563837,0.0051204235258771845,0.011985193533589416
2024-04-05,0.008647955527252463,0.009832940321502942,0.008081336796908725,-0.005777700513600328,-0.008056952254052792
2024-04-08,0.006118289451229615,0.0034667691936346185,0.005016037336732945,0.0051352326400137,0.009795267124530176
2024-04-09,0.001506828517234124,0.037561458177693394,0.0023832294982852036,0.0036799849178309734,0.01096317903672751
2024-04-10,-0.001250149514044627,-0.003268338353026871,-0.002130376601195107,-0.0016810945962829266,-0.0050738826772409925
2024-04-11,0.0028189321823786327,-0.004011107438536413,0.02582592985828646,0.018167922552385623,0.00016669224280293994
2024-04-12,0.005882689624939233,0.008241824731971744,0.009904495289285999,0.002397355289810748,0.0057315626040676275
2024-04-15,0.00016250650017338684,-0.004101573106037087,-0.00426464624997344,0.0021378688052857983,0.0016037867528730626
2024-04-16,-0.015255494450420189,-0.008561037755243386,-0.011811599245628666,-0.009349173742880183,-0.022680701145404072
2024-04-17,-0.010618509548690869,-0.01122494579685427,-0.009386632376146774,-0.017311382640234144,-0.015432314048408525
2024-04-18,-0.0009551863727217587,0.006700406363072207,-0.0017822164097225,0.0020490909238757293,0.0053138429197023196
2024-04-19,0.011448315072966302,-8.167957320275168e-05,0.0020772023342193573,0.01730261325645359,-0.010744603310110313
2024-04-22,0.014415726649130814,0.015634591645081544,0.013362297135597393,0.01573887266589067,0.01619393379916577
2024-04-23,-0.0007049219887782002,0.004126736559342144,0.002313709490635096,-0.0004922959174120916,0.001546375831983571
2024-04-24,0.010061828452621204,0.005433207985451017,0.007202017428034785,0.0011157084543947805,0.010579032666956905
2024-04-25,-0.013893369708129414,-0.011006878240881087,-0.009443592937092342,-0.01182940406504671,-0.0184842658859758
2024-04-26,0.0007291499653582759,-0.003297077577518336,0.0005852369623702849,-0.0005786758276012792,0.006915529892134879
2024-04-30,0.013260849009141254,0.03260240176011725,0.010759542396782753,0.015998433638850118,0.025102155441213775
2024-05-01,-0.0023179283002631263,-0.005033864508029099,-0.0002927982274161321,0.009597816508378631,-0.00484803117936157
2024-05-02,0.007184876072611016,-0.00046875395774650876,0.001472662563966316,0.002303235269756906,0.0023547355274181636
2024-05-07,0.0027383174166330775,-0.003902253637855393,0.0037674242513904923,0.0006171117777869107,0.000639936510965134
2024-05-08,-0.008878154328125202,-8.29100041557311e-05,-0.00804743551231464,-0.009658942619081418,-0.014826894093598055
2024-05-09,0.001463575446076362,0.000991074815718894,0.006674171584265758,-0.000921998064046009,0.002615056735368407
2024-05-10,0.015550776955318693,0.0011850739061214511,0.0010571815681567412,-0.000505824041728941,0.0056685464997390765
2024-05-13,0.0030286468903720095,-0.009140078841909767,0.0024361090187225813,0.0061525925107891715,-0.005859360054792932
2024-05-14,0.005115595422598917,0.0065170940745779065,0.005851471245354904,0.002206561660519625,0.004730955760252879
2024-05-15,-0.004699912926195644,0.0010230691221938455,0.0006597075028779536,-0.0057106919391728544,-0.0023331284572614282
2024-05-16,-0.0006534633535045622,0.0020323331808998098,0.0008748640860923522,0.0006581499653870353,-0.0007473045970810816
2024-05-17,0.002889294686967897,0.0022122415714536585,0.0007945027904498916,0.0032691728954969924,0.004522206812633913
2024-05-20,0.012016466069357183,0.007845563581591017,0.00971274437377899,0.008746205335124702,0.014454704773842579
2024-05-21,0.0012015053340413526,-0.0007416383753269854,-0.0006448165989139572,-0.00041074842032030087,-0.0027366195310598216
2024-05-22,-0.009616304993519197,-0.009965228485001682,-0.007042463183796633,-0.005948384407695438,-0.009607378560994828
2024-05-23,0.0016022080139417002,0.006549692626463167,0.0009307704297615971,0.00536812512515171,0.0026337860370090165
2024-05-24,0.0016649268278264098,0.0018647830252478542,-0.0005065570796841117,0.011989506494643032,-0.0042642260302979485
2024-05-27,0.013169100054618417,0.014312940852963293,0.01085402822522504,0.008883527371734683,0.011606418050989721
2024-05-28,0.03382952657359246,0.0013867097114741433,-0.0004448315748266545,0.0012018810788662804,0.004054650040810784
2024-05-29,-0.006197684970164928,-0.015043339839105552,-0.006254828791454487,-0.012370030651167955,-0.011582631993638182
2024-05-30,-0.0040881746982284525,-0.005683063345565873,-0.0035639708134477264,0.00350336746247096,-0.0072744516181135034
2024-05-31,0.010611843457947764,0.018262034094268242,0.011900923999734015,0.009733498716166345,0.01937899712194613
2024-06-03,0.01038931902295048,0.005353532272856044,0.03761010962323694,0.005712946805840132,0.008863063753509372
2024-06-04,-0.006413197782428083,-0.004093490019826771,-0.004625294193914286,-0.003944289593001793,-0.006955277592103971
2024-06-05,-0.007500691954388317,-0.0028946489019362203,-0.001566332885434305,-0.0049464400097302234,-0.011364513250402067
2024-06-06,0.007863140387961608,0.004517487840476005,0.008127219064747478,-0.0005755839301064402,0.003994838760649753
2024-06-07,-0.0010381343748889788,7.399017809762987e-05,0.0016236856622450777,-5.73219359419376e-05,-0.0016876468409605008
2024-06-10,-0.0016984485017901402,0.0014708780046971898,-0.002502291366105451,0.00563127304023509,0.008819215132408237
2024-06-11,-0.0022285722942067807,-0.004653473343052108,0.0009017387408853132,-0.005223337022890674,-0.0037253151960213553
2024-06-12,-0.0022442572414633397,-0.008546164767139786,-0.008197064986151092,-0.00659462695386373,-0.008680293187388277
2024-06-13,-0.007356218161009803,-0.013799310266443533,-0.0045592779458343705,-0.013125988825904492,-0.0134076240844807
2024-06-14,0.004322307357547607,0.004165429537181872,0.0009155264829089674,0.0012957243640990303,0.004838999302743626
2024-06-17,-0.008856579336757544,-0.0070323145734206205,-0.009165931144991592,-0.006509024265558087,-0.018891703272483545
2024-06-18,-0.0006315903762892561,-0.002820138770032574,0.0015205954511120488,-0.0016878230822273404,0.002491727354085503
2024-06-19,-0.001307922596089696,0.002516284088447397,0.001042718372178562,0.002426604552434368,0.007073413863044524
2024-06-20,-0.0003680058650345501,0.0003228508648219417,0.0015996375967046567,-0.0019288934750798187,-0.0027918179891757654
2024-06-21,0.0007709076455471599,-0.0014169088559739134,-0.0003772850232458444,-5.5181117176759465e-05,0.001123607603841637
2024-06-24,0.0005743818431045156,-0.00012054808580348698,0.004984980658595645,0.002863203804079951,0.003926505309553299
2024-06-25,0.012553511531924612,0.013940595651250673,0.019809167323748565,0.012923365554936719,0.020603070687319272
2024-06-26,0.00020701311681981324,0.0012540092542507753,0.006219793359016276,-6.747240893146465e-05,0.002632474081925682
2024-06-27,-0.0011405334051534856,-0.003323180712899376,-0.0034282003430544804,-0.0006253968653360777,-0.003930913168027162
2024-06-28,-0.0005616332972674678,-0.0003651892663739508,-0.0014669172962889008,0.0027045748506380673,0.006914997617766764
2024-07-01,0.0023026290361990377,0.002264935280840375,-0.0003709852415023044,0.0037889459844780635,0.004931730174883349
2024-07-02,0.007220590060325954,0.01083014032384886,0.012327489951712522,0.007040918685950169,0.011279144918715246
2024-07-03,0.002390007130832504,0.007519094150867645,0.007878758705093794,0.0025000922701869286,0.0034737192861260123
2024-07-04,0.0013701043791106246,0.0028980778021586015,0.01827210725923279,0.0019870442396971205,0.011926599307112883
2024-07-05,-0.004975051512656365,-0.0020117327388664364,0.0005311820971390404,-0.004891605348538775,-0.00562457914081127
2024-07-08,-0.005376175584984682,-0.004476871848214049,-0.001912880799607638,-0.0035331943044748125,-0.006071484949822113
2024-07-09,0.0038752705836169275,0.0043838408538431775,0.020498543312122048,0.0017754409179038247,0.005973746144617022
2024-07-10,0.0038237357352596114,0.005059710186994129,0.005946843827631234,0.0064533857401026535,0.004490973384336383
2024-07-11,0.008228099762866219,0.010842156235434367,0.010170291914534578,0.01032090577765718,0.008429229413369712
2024-07-12,-0.003621410397731799,-0.005814540346441804,-0.004136871974331474,-0.0023478294282838715,-0.01095316422933554
2024-07-16,0.00033668297727722967,0.002139365916001333,-0.0019899143543302194,-0.005069108885478737,0.00024991533090860696
2024-07-17,0.01897760273443211,0.025115658300198795,0.020518263037645902,0.006475258998001784,0.007614336037644953
2024-07-18,0.0031530791194508308,0.0008997270980860808,0.0014542394306734405,0.006838403193254897,-0.008832115939229047
2024-07-19,-0.005308827228698859,-0.0042295938823411205,-0.004103872468607669,-0.007986413580579553,-0.0058440944768108315
2024-07-22,-0.002236946747830596,-0.004060762427262994,-0.0012643928400060459,-3.2583843820628046e-05,-0.005401683832746324
2024-07-23,0.0008932240185403642,0.00029896205420916087,0.0033525177273917087,-0.001392687035111599,0.0013224317973072493
2024-07-24,-0.014845980952829402,-0.017593694834903355,-0.01008269327537179,-0.018248318209503404,-0.018818341330585034
2024-07-25,-0.008847070210667232,-0.014841106913009034,-0.009398831373648183,-0.00785634503099456,-0.024720517872759185
2024-07-26,-0.0029648392391206715,-0.017963699212365153,-0.0018014819509128417,0.008380450742451128,-0.005225847545766398
2024-07-29,0.011243455072312277,0.011380273074291966,0.012346019079885183,0.013664538290302734,0.02330261099632733
2024-07-30,-0.005345630039502602,-0.0025297261875889443,-0.003923505543296562,-0.0038663785073781956,-0.002727470062943391
2024-07-31,0.006209914493969243,0.0042998859376164435,0.01101953947794679,0.007873980817141527,0.012609174225484923
2024-08-01,-0.020388807136305774,-0.022722678485585908,-0.024553527706749838,-0.029738074863362118,-0.03997158672762137
2024-08-02,-0.0034705780408045154,-0.01529540241836156,-0.02827478158221328,-0.014860306921390608,-0.04950942021484991
2024-08-05,-0.029659109890597408,-0.0463884336210957,-0.032537906683200044,-0.10476404257930004,-0.12250338228820964
2024-08-06,0.07436975526483897,0.044969755981584356,0.0647385972049484,0.040357595725229276,0.09338299959706393
2024-08-07,-0.004879562240215304,0.015872111543885667,0.014544949938321625,0.006448077979432502,0.019542437251921684
2024-08-08,0.011492208366183008,0.0016982096530420059,0.005410907240464882,-0.003890150161605387,-0.008119836655179432
2024-08-09,-0.005135567617911507,-0.004778544111895312,0.004082359824728951,0.000189283857329128,0.00559316451646883
2024-08-13,0.006998354565341233,0.0016523427151151544,0.003910798342787156,0.015228215945799125,0.02405133783735938
2024-08-14,0.007929631342695946,0.014013806576862228,0.008432192138951427,0.011295354541435156,0.013388891490433388
2024-08-15,0.004595767399108393,0.009394663403378908,0.010291238757203867,0.00804158998078762,0.010804003126723284
2024-08-16,0.020275587158727328,0.01707519587917185,0.02722553575688618,0.015488452866531386,0.027660380115877233
2024-08-19,-0.008087553541650024,-0.005812769297636517,-0.006756997586108257,-0.00621567658486452,-0.007925412911017535
2024-08-20,0.010055696620611461,0.017877700025563527,0.012629632682952566,0.010820479684018,0.008633078508462419
2024-08-21,-0.001336657866755014,-0.0018185173009586859,0.0001565730896512887,-0.0014994989013614865,-0.0042711697923266834
2024-08-22,0.006961868925365129,0.008380282421246221,0.007663807845637155,0.003157504177455692,0.0029436434669731565
2024-08-23,0.010637890299407135,0.008469531040658378,0.008420090226498448,0.010186799120929624,0.00732862325816229
2024-08-26,-0.002272543404500801,-0.005190692207262494,-0.00537681946752131,-0.0029648345334105874,-0.00441967638547425
2024-08-27,0.004487823188761597,0.0026721129637278357,0.0021479352910269566,0.009607947686643767,0.007779814901654805
2024-08-28,-0.00021222159215490526,0.0003077339545771581,-0.0002227789119862655,0.0026015237728339745,0.001748338179253801
2024-08-29,0.0029230922764751904,0.0022525047466291186,0.003256789034544282,0.005813027515755475,0.0018931907663019478
2024-08-30,0.0004457192495357085,0.004911161980840268,0.00225759175510544,0.0055824606651261165,0.00671098130786987
2024-09-02,-0.0012104854597814313,-0.007016875832257558,0.011020033892035479,0.0017993750954056458,0.00024246274071495228
2024-09-03,0.004439379759548627,0.00961635176313811,0.007085438182528345,0.007243879524227146,0.0070996971968544705
2024-09-04,-0.016928867637067368,-0.015299505841885632,-0.007764892730747888,-0.025849749491800893,-0.03600173545349397
2024-09-05,0.008281078709123377,0.005419847860339314,0.006417008429249329,0.0015838687811487661,-0.003118694832056791
2024-09-06,-0.0022110909950910666,0.005657330507223061,0.004034037003564216,-0.005059405565021894,-0.007853812477426978
2024-09-09,-0.0016714513801829103,-0.0017246455168169414,0.0010620610541917457,-0.0037833506709656524,-0.007063456127683543
2024-09-10,-0.0034162177189440033,-0.002331047250553579,-0.0015327322915121124,-0.0019166869943922883,-0.005115388473573998
2024-09-11,-0.035181485120511356,-0.021438456936058704,-0.01781517610624827,-0.0331367239977518,-0.021125183983853338
2024-09-12,0.0150616076676305,0.017479448083791534,0.01270359795584877,0.01604733951137159,0.022437777894495886
2024-09-13,-0.006576486394580444,-0.009891289733815214,-0.006742498925257683,-0.00886812413813809,-0.0074040315242975985
2024-09-17,0.002314382251067608,0.009424815730237951,0.008059466312266865,-0.0006112196905211208,-0.005365065131290523
2024-09-18,0.0027719362163112285,0.0005306692510213328,-7.007085566030692e-05,0.0032576569882958057,0.004407718085404385
2024-09-19,0.008472797931570984,0.009577593720180333,0.007553953183512396,0.01510037453848258,0.01759118977883831
2024-09-20,0.0034116901580547743,0.0012698810575585266,-0.0005279491151759647,0.0024895016338985694,0.009028831918440845
2024-09-24,0.003576994533725352,0.0045901042272973305,0.004587551419526679,0.0047716938111384164,0.0063216208216422595
2024-09-25,0.0014310207271288798,-0.0040907406516430605,-0.0013867899012238293,-0.0016810985377694004,6.555106127183104e-05
2024-09-26,0.020300502756410727,0.017349780834112444,0.014660673424698158,0.0229935912399191,0.022406724455074363
2024-09-27,0.027824630139578706,0.01605224469284546,0.012013782283109843,0.025076454871226773,0.019759339039679476
2024-09-30,-0.02653064574133449,-0.03716685304462634,-0.02594755011088974,-0.033442025215346956,-0.036161584808313794
2024-10-01,0.00463114865990184,0.004754817576985723,0.001015995107891608,0.0126415135577123,0.014075001659935747
2024-10-02,-0.0015817700871650477,-0.008504762955884504,-0.00373596939944766,-0.007984691232106385,-0.0065246737137982964
2024-10-03,0.008364081762117045,0.013091038006705122,0.00772264258555787,0.010577209196795813,0.011933635465399666
2024-10-04,0.02247003158977324,0.010486085908378722,0.007174374526629411,0.007723725084649431,0.00762583282549776
2024-10-07,0.007457047152362233,0.003150613391276948,0.0028098714728744534,0.012106454012647481,0.013991917316467994
2024-10-08,-0.013149725925494784,-0.011603281850136324,-0.009926705068531395,-0.014722103905824133,-0.016065611051815497
2024-10-09,9.162437257061764e-05,0.0007058933587671165,0.0028216081675213178,6.302770959829641e-05,-0.0010965501549098627
2024-10-10,-0.0052015075161686904,-0.005738650401903061,-0.006031449747256193,-0.002312683183598243,0.004631488196819223
2024-10-11,-0.00780727435728782,-0.004333608257195979,-0.0061695065557288145,-0.006508026468070381,-0.004684130279171856
2024-10-15,0.002389908244885281,0.006957832790376485,0.0057504804346438475,0.0024598821655734448,0.00043475740817681285
2024-10-16,-0.006753275120744114,-0.008475013309558195,-0.007226981937450073,-0.005587581588983721,-0.008272674495928771
2024-10-17,0.0023945951997025225,0.006044132396116304,0.003335694698767154,0.0014255309166184863,0.0021976423993313398
2024-10-18,-0.003724520085113919,-0.005197267696907733,-0.002094372055323691,-0.0017301818500844379,-0.0029549500010846498
2024-10-21,-0.0007665158876631788,-0.003985492193429764,-0.0023964962863713313,-0.00221871161556523,-0.004486614845344538
2024-10-22,-0.00522547035990073,-0.00384988529401815,-0.0033387573022265016,-0.004685878902017144,-0.00905433119950577
2024-10-23,-0.0017218749966025273,0.002265047372155809,-0.0022792053248287336,-0.0038970901199382874,-0.001948447413638591
2024-10-24,-0.00037740043597014905,-0.0004086462061881255,-0.0011617541996782554,-0.0025511905946941048,-0.0036708912073781905
2024-10-25,-0.007146036285896251,-0.0067995991063637875,-0.003981953145595133,-0.007232251243798522,-0.006949600160821909
2024-10-28,0.010135964214668922,0.0222998506870771,0.03862590731555227,0.012231454525727329,0.015620230148564196
2024-10-29,0.010699021886843244,0.011203417261152702,0.009457106311777016,0.012015274032400226,0.008675286250259498
2024-10-30,0.004911262371095732,0.00039843065232534984,0.005489379917111213,0.008684940083039074,0.007265621728253807
2024-10-31,-0.002311878578839829,-9.797156084733198e-05,0.0006380058191580876,-0.0049254351377669295,-0.003097948815691036
2024-11-01,0.0034053502629037852,-0.015991371974113124,-0.011984095960873376,0.005498243581267609,-0.01204726720442794
2024-11-05,0.0006994160796304056,0.011034963182944023,0.007662061645708112,0.015250650701044696,0.008609215506975607
2024-11-06,-0.0021833076113987456,0.0024630041816086803,-0.0016049600678102317,0.00529911219615559,0.011560590709910166
2024-11-07,0.0025027863526878224,-0.0037845907675685183,0.0018897231759835479,-0.002944493570477838,0.007791051644741976
2024-11-08,-0.006128691361160029,-0.002458327083495563,-0.005956854444517121,-0.0003798043787653069,-0.004562147210210212
2024-11-11,-0.00021539258945909982,0.013626110436980919,-0.006076373726156645,0.017202353732292886,-0.003338714177003368
2024-11-12,-0.003814261078679615,-0.0005215660124754102,0.0027205426297666527,0.001621443709003083,0.000337937570519828
2024-11-13,0.0008033450615378822,-0.01043422628833755,-0.0038788481324346547,-0.002878768757316211,-0.012443465208713438
2024-11-14,-0.0026120707456555167,-0.0015338032606684576,-0.0011372735968816535,0.004533695187664199,-0.006182403403995555
2024-11-15,-0.000976634302558413,-0.0023198787175656935,-0.002652020003011254,0.0021917064197693433,0.0055037252538172165
2024-11-18,0.0024862976097113974,0.002750263958218956,0.002954235662660062,-0.005629666342039598,-0.006700287482798301
2024-11-19,0.0006425245984205345,0.0026474137380722226,0.0023192444825946255,0.00027987308774805506,0.006462791886221825
2024-11-20,-0.0025697798024420944,-0.00589995559773834,-0.0041489174615600135,-0.0011109605523951414,-0.007161381202909316
2024-11-21,-0.011718295248769123,-0.011125561114070924,0.02211322216353136,-0.009027841509944212,-0.007588858597125741
2024-11-22,0.0019093091809577964,0.0030798486590698994,0.003917775003420166,0.0007603444795778258,0.00398767395278795
2024-11-25,0.001157605473872737,-0.00035239682645551204,-0.0018752613489559028,-0.0033510901420938668,0.006507850876691988
2024-11-26,-0.004294305527575445,-0.0010732106809541017,-0.003667356019720229,-0.0070429565604984605,-0.009056822437463368
2024-11-27,-0.004626465904295219,-0.006213396741849765,-0.00810215646749449,-0.005476437193156846,-0.008959174291484425
2024-11-28,0.007133004206727689,0.009214460436374708,0.009038284172827721,0.007154935994207018,0.008862465257638612
2024-11-29,-0.00477282110391008,-0.0026411617940883497,-0.0012239345458955279,-0.0046189832900533625,-0.0013469592890574158
2024-12-02,0.006002319593829066,0.0071152650140668605,0.008924659564720001,0.007461043887527035,0.011116397156423295
2024-12-03,0.009704612139012232,0.0083977608245403,0.007199207067154121,0.01337030908499148,0.01202263790068777
2024-12-04,0.012377619358379428,-0.0063917947696943605,-0.004190034020196528,-0.0016426127227754106,-0.00654044327607928
2024-12-05,-0.002957248213348933,-0.0024150240419560376,-0.00376364575032732,-0.003232143796242787,-0.004440957900030766
2024-12-06,-9.638335319067968e-07,0.00015774079348532304,-0.012022382003166177,-0.00044866452580390653,-0.0047304452021170755
2024-12-09,-0.010709448610582248,-0.0034045629832564917,-6.334516424088483e-05,0.01701684304355979,-0.00019229174929877248
2024-12-10,0.0011885700140601197,-0.005398135955918619,-0.001146525238326447,0.0007424937325445267,0.0018399512757701995
2024-12-11,0.0016104735401306488,-0.0005742229763872039,0.0015807341853434922,0.0025288068860363144,0.00037956985966321866
2024-12-12,0.017962680973697617,0.012958761724959056,0.015019524930409275,0.015583706679468809,0.008689653298935842
2024-12-13,-0.008766432318868082,-0.00890582804409946,-0.00841580929545196,-0.0087697565298321,-0.01078705933466291
2024-12-16,-0.005768593925624916,-0.00738387415058278,-0.006073675931252661,-0.004390646802424961,-0.0051933153865509046
2024-12-17,-0.007023784824304234,-0.005219682936299339,-0.008045023716392043,-0.0030658322699837256,-0.005630637112102933
2024-12-18,-0.0018963327143418241,0.002200850725953453,-0.00012796004898049106,-0.003697810840525499,-0.0017660375611844934
2024-12-19,-0.0062567580366295426,-0.005436866919240214,-0.006092130850840428,-0.006991389955926655,-0.0077480902973702795
2024-12-20,0.0013241284914753406,-0.001365684559859168,-0.0004887589163363473,-0.002599413554133845,-0.000828537644132074
2024-12-23,0.007174853595942804,0.0034615120626726083,0.005245808013956737,0.006439604425811703,0.008819449937055577
2024-12-24,0.0010461315037190097,0.002421510227812544,0.0012988135770944126,0.0006118707777590624,0.0038892245230706876
2024-12-25,0.0018736078620634987,-0.00028282694875305845,0.002431520278558375,0.0004551782320606076,0.0034664187621784473
2024-12-26,0.005890082618698038,0.005371070059074813,0.006155626558252766,0.007167423271464807,0.012047398553326446
2024-12-27,0.009539661943388487,0.011133585179055917,0.010458614217012044,0.011464629956534206,0.014202615127097019
2024-12-30,-0.003007093251023593,-0.003404007504204639,-0.0015156422137306254,-0.003949226758943653,-0.0030039303400196758
2025-01-06,-0.00279281973925907,-0.006527234252358744,-0.004674745963389082,-0.010027890139895558,-0.007969139505390332
2025-01-07,-0.004260216621052695,-0.004108535550398898,-0.0035900724484328626,-0.002762144105715842,0.0031664447161892572
2025-01-08,-0.005884577511223159,-0.008741200382739876,-0.0052145155862935635,-0.006585717959890154,-0.007637754255641104
2025-01-09,-0.02087231875943698,4.0698764515592417e-05,-0.012062490198695213,-0.01147629955084871,-0.012805444147302968
2025-01-10,-0.004811340572554306,-0.006961200574124385,-0.009101641674409716,-0.00849024735007257,-0.009255972381177462
2025-01-14,-0.0025806131071970605,-0.001630469352549799,0.0014413061281513119,-0.0039529102414690665,-0.007368704043035609
2025-01-15,0.0010348724750390834,0.0012673852628654883,0.0008714309888874769,0.0005278764754369435,0.00467950491549692
2025-01-16,0.0004857421945165621,-0.0035015273853200557,-0.00019204567241801066,-0.006105857222078013,-0.001708523955364278
2025-01-17,-0.0003034924008977389,-0.0040540763922938365,-0.002253677818379724,-0.0002978965199036378,-0.0014684333949039046
2025-01-20,0.005661581770194048,0.012876380837721484,0.007205577105570625,0.006253278684489918,0.011589161493997913
2025-01-21,-0.006645314551806628,-8.758368577780072e-05,-0.0028229628407106778,0.0002228292333707599,-0.0018117534606576307
2025-01-22,0.009252555303065067,0.012743953039084153,0.00865881332938446,0.0066324951717536135,0.005024018884586592
2025-01-23,0.007049458785605653,0.008105095812085676,0.006289966329114717,0.0034202443818798878,0.003952009308018512
2025-01-24,-0.002642884124664395,-0.004504764687573916,-0.002684836500646207,-7.339654337648583e-05,-0.0011363925762975916
2025-01-27,-0.0018981169945404648,-0.00014966143550717778,0.0007225143436188526,0.009522727994892616,0.008566259794526453
2025-01-28,-0.006415307706803229,-0.003176432808316986,-0.007291193703776293,0.001679223857294651,0.00023944864869878256
2025-01-29,0.00403523043349998,0.0029888059666300744,0.0044537913856105595,0.003810894922432809,0.003928344704249263
2025-01-30,0.0018249346716164437,0.004567688932802928,0.003605654002325805,0.003627314339027591,0.0018691501217355183
2025-01-31,0.003058083215845859,0.0005577717468446713,0.003913927343834928,0.0017256411282654564,0.0014271780465570508
2025-02-03,-0.009427068660149,-0.012867402959752835,-0.009556509615204344,-0.011214832312833769,-0.023139030095002806
2025-02-04,-0.0008850742478567373,-0.001421099844307924,-0.003352378790191471,0.005176045440649922,0.0026134554641864516
2025-02-05,-0.004403866392367115,-0.016883447997484778,0.00013969449337970915,-0.0054075431807870805,0.0005154012738970469
2025-02-06,0.0021137487164869474,0.003571195196412029,0.0038268000642614017,-0.009735051081307736,-0.002684377542268063
2025-02-07,-0.001306134491816486,-0.004124733752912918,-0.0022322096988994285,0.004454283086571958,-0.0048596021320178664
2025-02-10,-0.00028596937782408827,0.00166894578391099,-0.00013050731536008936,0.0023113837517522943,-0.0030241542012677813
2025-02-12,0.006615571440346638,0.007883034233583852,0.003961349079526436,0.002580981699857543,-0.001389309400830483
2025-02-13,0.0010921860156714474,0.0030225045632623787,0.001185325777887237,0.008460353813728855,0.012228374930859319
2025-02-14,0.0005464181003203247,-0.00036918143462172197,-0.0017568563113625438,-0.0014415533892423568,-0.0023759025047984748
2025-02-17,0.003909843846416619,0.0018497654587402513,-0.007345561704419501,0.005981806851067328,0.0024958512798227976
2025-02-18,2.326648931218596e-05,0.002976258169940816,0.0020475983293449145,-0.0035174247783318654,0.0008654725132560978
2025-02-19,-0.005464992725997658,-0.00596059524749822,0.00791795898469976,-0.00702495795820142,-0.008895717043760857
2025-02-20,-0.00136327147824978,-0.002722242547155379,-0.0029657454143077544,-0.004829377330119978,-0.007907967396563395
2025-02-21,0.003261352834190115,0.0037662214531470526,0.0036041901248840967,0.0024040182568888383,0.00258110735526816
2025-02-25,-0.0030955106011011074,-0.0053087984743857425,-0.004712231016835002,0.006350189169878606,0.004790052380639377
2025-02-26,0.004307420672675746,6.79615271617168e-05,-0.002637422010051433,0.008490631373064593,0.0002751276131437964
2025-02-27,0.001611784913601878,0.002483974075936177,0.0006519235833688823,0.0008923807896294683,0.0044983647627668995
2025-02-28,-0.0063266196965466506,-0.00560923144393161,-0.0032907784242230537,-0.0065970950896151875,-0.013619045548338116
2025-03-03,0.01467866953444417,0.01733448494039941,0.017648475793910545,0.01241214795921878,0.017758754287466618
2025-03-04,-0.007589624955376566,0.007364186849187839,-0.004227525049320981,0.012454745301736386,-0.008404131604302202
2025-03-05,0.0026596885655741885,0.0037947819912309655,0.0026931756942823373,-0.001412681462237512,0.004022194738896273
2025-03-06,0.004618505769229449,-0.0009141594588758145,0.0017747634884522755,0.00387476309459573,0.008456729447548009
2025-03-07,-0.004979168582907576,-0.004021754792943697,-0.004256459310227889,-0.007663462989791707,-0.00766322846626015
2025-03-10,-0.012809000709645035,-0.012835194690851766,-0.010210584441550395,-0.00042197170734655095,0.0011555099372568408
2025-03-11,0.0004237607387640426,-0.004159485183629312,-0.0027806417924749302,-0.003173697389308003,-0.007946628351507216
2025-03-12,0.004564446130502574,0.0044914271729788935,0.00371748360390963,0.005926519709232099,0.008160296141876838
2025-03-13,0.0027532175462785325,0.0057006036525546104,0.006469075968844415,0.0011199173367679527,0.0020693306984358797
2025-03-14,0.0032541832089215254,0.0037595394258067155,0.0028921195708681287,0.0038785588033879302,0.00635221421302416
2025-03-17,0.009508149419843927,0.0141117672220041,0.012129774088216477,0.006676510791644167,0.013708766086660766
2025-03-18,0.009301489108163833,0.005750985158098524,0.006576421830470255,0.004775220135536718,0.012322043453223927
2025-03-19,0.006350440180621265,0.004607369637300795,0.007426201914624721,0.0027207892585131704,0.005800886706414569
2025-03-21,-0.0010906346315935234,-0.0018919138817306818,-0.0011626676763245856,-0.0008571744840803974,0.0005968024374601648
2025-03-24,-0.0007274662241903719,-0.0016340707293223886,-0.0028201748425167733,-0.0029418322416664465,0.0007184235786988292
2025-03-25,0.004135719325698057,0.004701893061807946,0.004910016607083988,0.004880589598116709,0.0030120668394346705
2025-03-26,0.0032374018964992867,0.0013352125500213446,0.0035853247330807033,0.0045466469329532595,0.0064468789583762365
2025-03-27,-0.004312074564370143,0.001404123988190876,0.0013696377921057425,0.006915235361638582,-0.0004373387340136696
2025-03-28,-0.005619080777425137,-0.007530067580247034,-0.004969743688333093,-0.00012017811692979145,-0.010347845719277384
2025-03-31,-0.023202570650435943,-0.02601899456983892,-0.026640905975695482,-0.018638027282659942,-0.03456245111019576
2025-04-01,0.006752542157745481,0.010965759729399635,0.009358675959094656,0.008174949053857636,0.0034016568500374405
2025-04-02,-0.013969167405473864,-0.016183097386897334,-0.016448673159126084,-0.014553268589550923,-0.009961132215480801
2025-04-03,-0.010753360806305148,-0.00815072673722262,-0.012329546979062965,-0.008719737845198352,-0.023288945376775436
2025-04-04,-0.019344347516132947,-0.02103206245574484,-0.036089347574033814,-0.0037528959205626504,-0.026105552349509908
2025-04-07,-0.0454938577134889,-0.06681173018727558,-0.05759252326662147,-0.03592126111268832,-0.07464767117155423
2025-04-08,0.03692891026014015,0.024979713433183517,0.03272975708312033,0.028500110730541497,0.05735543136089871
2025-04-09,-0.02024364931363394,-0.014956506596962665,-0.016623280532282805,-0.014486630673079015,-0.03302766023006356
2025-04-10,0.05393804449242795,0.044770877099264056,0.04550607623309732,0.04444232044555662,0.07375475014755033
2025-04-11,-0.01803958303340336,-0.028085681336575886,-0.022707557112553928,-0.026275270847621764,-0.031088276463162135
2025-04-14,0.0045972785393762865,0.01425855998929016,0.008086422990589438,0.01066584395520829,0.007432668002561119
2025-04-15,0.004247369370639809,0.0028971149522641383,0.006722473345007842,0.006372841623699387,0.00818245593524823
2025-04-16,0.002976500161384635,0.007180122461235289,0.004401370262696927,0.003968403744413738,-0.005147023164468687
2025-04-17,0.008405727143328998,0.024176683244935274,0.005772836487683743,0.007166706442189424,0.014149527960941696
2025-04-18,0.020798886686346458,0.030829512001850436,0.0319313445208027,0.035527434345900374,0.01639905275087389
2025-04-21,0.006665858528261076,0.012270445065432685,0.009076320222306207,0.007527708386787798,-0.012630339007720735
2025-04-22,0.007582060376925655,0.007868544305484663,0.009487140643249854,0.008318450715039515,0.005448931265840303
2025-04-23,0.012073849597838257,0.010785924096552936,0.01363330519428884,0.011054738163412674,0.018795607737739587
2025-04-24,-0.014554175357182878,-0.014314955068843643,-0.013014861944654014,-0.012146054894479353,-0.0025345843008864476
2025-04-25,0.005199642217646933,0.0021798213928149466,0.0037188822128353914,0.00547332287641123,0.011086105888629324
2025-04-28,0.010059805881630501,0.004974260015309196,0.007329778764628556,0.005001614434904352,0.009034236915753174
2025-04-30,0.0045296205510322275,0.009456747729660408,0.008580907235458757,0.007102866309077756,0.004176316037503412
2025-05-01,0.00509684200959038,0.006644392822071793,0.004409274936640514,0.005737498592602837,0.006030262659284474
2025-05-02,0.00972676211190259,0.007726067779600115,0.007955282853496566,0.01237517975418296,0.005408729708156149
2025-05-07,0.000492557481898515,-0.0012177273193255365,-0.001316319375295033,-0.002212129924100593,0.00040772609620296537
2025-05-08,-0.005310622523213692,-0.003966215795265063,-0.005464979970233261,-0.005205126630175999,-0.002292578555957486
2025-05-09,0.005536848074758615,0.0033637676094522835,0.009309542599038958,0.014024712854072165,0.010428051453538135
2025-05-12,-0.00876265475768395,-0.002473567585339172,-0.006525189313826,0.005897121415043004,-0.0001513879657718259
2025-05-13,-0.0109046095509799,-0.011820490241168703,-0.007650668548418663,-0.007348784451936883,0.008252712791001232
2025-05-14,-0.008288806585409009,-0.011034914689364028,-0.012439427644171747,-0.008724469993386736,-0.004677807248043662
2025-05-15,-0.0017147610846931132,0.00119987689537742,-0.003021296883185682,-0.0012321081627392717,-0.006995587689517506
2025-05-16,0.007221206720172991,0.0057279538267408555,0.0061237868171595,0.007130101488284014,0.0029662255250024923
2025-05-19,-0.0006207558107350292,-0.0003785945088837688,0.0020017996738297683,-0.0022733680246362024,-0.001799592787837154
2025-05-20,-0.007597839119213277,-0.006924353698862732,-0.006326352610213868,-0.005771137879062343,-0.0026311126619859996
2025-05-21,0.0018343444647998188,0.004606868417828319,0.0036161434699636054,3.7420229284693476e-05,0.003347392269629319
2025-05-22,-0.005989527626543404,-0.004731841757205188,-0.005529941875016363,-0.006257873848899531,-0.0060977278650368935
2025-05-23,0.0016794548091785956,0.0020975292935748917,0.0019030228929768091,0.003084960083243608,0.004872526967446061
2025-05-26,0.0023721396596984978,0.002949854534569711,0.0029545148788128785,0.0038246047104604536,0.0063090888006837155
2025-05-27,-0.000916549512649256,-0.00013489892517211193,0.0011762571506819027,0.0010920566549074996,0.0056037517071488826
2025-05-28,0.004043117462217751,0.0035883331125692317,0.006561050096904424,0.00420939595072734,0.0005109614694356748
2025-05-29,0.005794375133445134,0.0018849773486012732,0.00607293773090455,0.004904057108901867,0.012036649072676415
2025-05-30,0.004721906839074069,0.0023522366647884697,0.003753284463754215,0.0047560011554973755,-0.0008325873921967827
2025-06-02,-0.0037149621324039333,-0.0013282188595463307,-0.006039450057730618,-0.007237308989630417,-0.008939709976011413
2025-06-03,0.003781077638260703,0.003994983483613532,0.004036457943673666,0.004331626040156744,-0.0014357492848062802
2025-06-04,0.0012330150397894665,-0.00022662673640669838,-0.0026758382449572097,-0.0001423148281494338,0.0024702825892603344
2025-06-05,-0.010805822722631538,-0.010720372351171181,-0.010733343754073189,-0.008468340006791433,-0.013778168812266883
2025-06-06,0.006253127126864712,0.005941273256766051,0.006159455326364083,0.004441530374325493,0.005911625766175228
2025-06-09,-0.0005427882491596663,0.0005614180076230546,-0.0007037194256555345,0.0013124025661323134,0.004276241251262302
2025-06-10,0.0012344522731894123,0.003120121372340646,0.0014704181074853915,0.0005925633539066692,0.001575664234150301
2025-06-11,-0.0025580469599004165,-0.002341777817815291,-0.0030524590308699095,-0.004585040164585171,-0.0010223764337898517
2025-06-12,0.0001302931761207344,0.0022721549191722463,-0.0002807604449158349,-0.001677487572471529,-0.0018544767225075313
2025-06-13,-0.0005171188976857662,0.0018287617085100444,-0.0013526152066714264,-0.002892513209073259,-0.0053962568700643455
2025-06-16,0.0029667349828656313,0.002163892930183265,0.006862023835300284,0.005459510379873793,0.0072259204484705275
2025-06-17,-0.0017703949641275033,-0.00037984110798559004,-0.0017806047215689063,-0.0018136610688037867,0.0017328322569316928
2025-06-18,0.007447742001875347,0.00634459667444528,0.005575425267110359,0.005922501118093688,0.007637831309364865
2025-06-19,0.0017040367428324957,0.0013417586315192162,0.0005661892518342589,0.0005428385397001278,-0.004384426571329669
2025-06-20,-0.008405586403271607,-0.006682676981998741,-0.007233520975434096,-0.00916451506289051,-0.007751561021889163
2025-06-23,-0.0036033267496837227,-0.0033753947207681057,-0.0054117974242867805,-0.0032467343417122525,-0.0041500460801370855
2025-06-24,0.0017182274619772665,0.0013517042488767027,0.002114279045944014,0.002814479519240799,0.003271046295046132
2025-06-25,-0.0062108143934132805,-0.005786746722108421,-0.004763933059968509,-0.007428474635634231,-0.0035042957736033343
2025-06-26,0.0070121900530534815,0.002572189288508542,-0.0003203080673245284,0.006610647478746092,0.00880213153664684
2025-06-27,0.005360061218560785,0.0035944917458284016,0.007360660399574672,0.008104431586795748,0.013943009322995224
2025-06-30,0.011203339229008503,0.009338682731350391,0.008276891527166014,0.012037615426058405,0.007862155638000225
2025-07-01,-0.006571419257798393,-0.002040194998557059,-0.0027595895508336645,-0.007049451227615425,-0.0031660502277686543
2025-07-02,0.008104108479340831,0.006074894430710628,0.007408436333451382,0.008402032039775041,0.0056305166310920635
2025-07-03,-0.004254932741053165,-0.003916182254507617,-0.0025259773394914905,-0.005920925434873164,0.0031532110833681097
2025-07-04,-6.964878659309178e-05,-0.00014772638737767702,6.805578929459032e-05,-5.843641938081201e-06,-0.0011806828279567983
2025-07-07,-0.001514387103121059,-0.002147379584433288,-0.0017553912964784492,0.0009092470015249713,-0.0076812946308028734
2025-07-08,-0.0035368854553810064,-0.0014337437831444338,-0.0008255681430365271,-0.00040905331087054886,0.002257889157759646
2025-07-09,0.0030821442105974503,0.006363701253237061,0.004747334655344957,0.0003119623926395521,0.0061626453940961425
2025-07-10,-0.013313212491505421,-0.010676112637465778,-0.010449908635770859,-0.012571151062503618,-0.008256472791859044
2025-07-11,0.00067807379242937,0.0079046086461253,0.00823513921967198,-0.001152153720017119,0.00512134519278441
2025-07-14,0.0017660095325890152,-0.0001263349760225582,-0.0008031310664794605,0.00099136865750723,-9.963222396851023e-05
2025-07-15,0.0033063578097574644,0.0033777418589203143,0.004563719400359928,0.004384567324599686,-1.1440621596932784e-05
2025-07-16,-0.0024153473205041917,-0.0014249042456623215,-0.0025540329949096966,-0.000618155337767016,-0.002738649447048115
2025-07-17,-0.005154874693988356,-0.004836617256622394,-0.005746956605404946,-0.004628250340921657,0.0026465193404561433
2025-07-18,-0.008955446833917007,-0.008772124119193437,-0.007823090742766171,-0.007162597686832928,-0.0010998575472717272
2025-07-22,-0.007191136837531333,-0.010736003120564577,-0.012623893414430994,-0.0027696071637446397,0.004726361701436657
2025-07-23,0.02258149403490045,0.01729746464312706,0.02523538078778901,0.0171701938927738,0.03688412378100926
2025-07-24,0.009645556819594777,0.009205921581783459,0.007134984228249595,0.01040678792835002,0.016232522763225864
2025-07-25,-0.004140512043180809,-0.005424082933967721,-0.005991290118787997,-0.0066263552322286005,-0.010180144151959473
2025-07-28,-0.0028282985248002145,-0.0004743517067798496,0.0010868321586986363,-0.003507671821189664,-0.0038513390184847086
2025-07-29,-0.0022483976886985496,-0.0011714012584390639,-0.0045937871788086,-0.0026508564583759835,-0.009281013118616024
2025-07-30,0.001697090134430501,0.0032615904195063216,-0.0005661352324402706,-0.0007700642467324947,0.0030888167742626027
2025-07-31,0.001454791362740331,0.003135150255803125,0.00032526667374994543,0.0033288055082473394,0.005538668285962836
2025-08-01,0.04595290567925454,0.04216791033428414,0.044856400337713896,0.042858367684793425,0.012933571599234415
2025-08-04,-0.013166752765112236,-0.008107467088341352,-0.007372650272248296,-0.01214133892465388,-0.01101225241974727
2025-08-05,0.002898458317278793,0.003562915500182195,0.004522107235910751,0.00514665432440958,0.00768684249467139
2025-08-06,0.025234318183597865,0.01638896414728654,0.010616709889830456,0.005691379345167824,0.015491397189227343
2025-08-07,0.007455331915518768,0.003501991670750517,0.004113947997009326,0.005834058146445304,0.0071363854275883366
2025-08-08,0.014846521540465262,0.006618473492110975,0.01099184156238867,0.011742926626968358,0.012403989706716231
2025-08-12,0.007210340598000913,0.012941049395230879,0.016071148128818834,0.01043944591634059,0.01576075714265486
2025-08-13,0.0038290423716974787,0.004709944288956582,0.004127115475611679,0.0010442994353541874,0.0050847803529864
2025-08-14,-0.005762868355748326,-0.004739626528828258,-0.005431713339354345,-0.008906234175693695,-0.008296684463301339
2025-08-15,0.013820567718278257,0.021061255459387862,0.017418291008207635,0.009819067398049493,0.020194464871496388
2025-08-18,0.00020621277461131888,0.02263107982173543,0.02103265231254808,0.007190040908523377,0.0029220976133780036
2025-08-19,0.02044783144680478,0.013070073362588544,0.00897892577756017,0.01836657787407665,0.006307572109769007
2025-08-20,0.006526303401874223,0.003720582829981177,0.005379892050676606,0.003134455996359111,-0.00147805953198221
2025-08-21,-0.004561052272992289,-0.00622901026039849,-0.0029626232693464602,-0.003993008736318959,-0.005353511414502881
2025-08-22,0.0014931421351367354,0.0029871244882605356,0.0016196227577415052,0.0007165703326260512,0.005922177068080771
2025-08-25,-0.005468865011399984,-0.0038842252626880135,-0.0032544519705578583,-0.006713479091470307,0.0023312303477827524
2025-08-26,-0.013101799514367882,-0.014136266680221008,-0.01437811914447711,-0.012335752981418022,-0.013862668026467689
2025-08-27,0.001772753107755189,0.0038729743057752215,0.0047016673741181745,0.0016515035581148075,0.002663037730743104
2025-08-28,0.003838688891930512,0.008377513363169534,0.005605954239165509,0.004091893710812679,0.009078538458019599
2025-08-29,-0.006527214312137588,-0.005852431749038581,-0.006425698786691247,-0.004961087980030276,-0.005599274012497691
2025-09-01,0.005764536639635532,0.005692489287504553,0.006403911228834443,0.0033416886058343833,0.0012753875026003864
2025-09-02,0.010463067104817814,0.03803636487475584,0.038919661697304514,0.008118479328753325,0.01039840025367682
2025-09-03,-0.003807375054707191,-0.008737650690333547,-0.004572513054719988,-0.005060322819456562,-0.010467884386047807
2025-09-04,0.008855339270220036,0.010043887074851092,0.005558604452968079,0.007214185558316401,0.010893319146197367
2025-09-05,0.007842136438859093,0.0001591504355345243,0.005995748873650867,0.003237391695716173,0.007115075093719434
2025-09-08,0.010230774600426951,0.013751017913466019,0.006752853104456543,0.004282881789328846,0.012643467044470232
2025-09-09,-0.011093235325951783,-0.009688552601826994,-0.007963251708153743,-0.008174165194157845,-0.008491134453315188
2025-09-10,-0.00045645296347071704,-0.005353848328656001,-0.0002463917212940747,0.0003898544362263116,0.0024212080347716792
2025-09-11,0.0009136345903016306,0.0024270698832863187,-0.0007682268139996721,-0.0010658810927056594,0.0024460277741413534
2025-09-12,0.0010243506387896137,-0.001542308681498999,0.0007666384552524763,0.0008344241594840143,-0.00013939758066552516
2025-09-16,0.001520710127327155,0.018684246499524645,0.004372644593027162,-0.002309213462006358,0.004613275095059068
2025-09-17,-0.003926698925068299,-0.010728266214215177,-0.005530820343143108,-0.002290030108083153,-0.007907613243380528
2025-09-18,-0.0012973829201415113,-0.012563062478109488,-0.002568979954342449,0.001229205102218178,0.0010877360466783489
2025-09-19,-0.006516599718154705,-0.0043081700954873915,-0.005477844269981477,-0.006325535175781284,-0.0023341340327644967
2025-09-22,0.0001648556676592935,-0.004593713558403621,0.0008179981589508628,-0.0025872825820243152,-0.000565636468918709
2025-09-24,0.001513649721115725,0.005384228290153821,0.0011264978791824445,8.603003961133154e-05,0.003542121852718155
2025-09-25,0.0018494889404741532,0.003095364481478942,0.003485781881917562,-0.00328445585850401,0.008228878299666387
2025-09-26,0.0070358843504876286,0.0028784498896411888,0.00922895446556073,0.0034778290548470392,0.004243572733646073
2025-09-29,0.0007840142557189126,-0.011796282633736974,-0.012925692846570216,0.0013123570342610871,-0.007825297892429096
2025-09-30,-0.005705851983301605,-0.005212897605466239,-0.002902096316351648,-0.002796114827546197,0.0007716805902522328
2025-10-01,-0.008702230593481651,-0.007283007565347301,-0.009170079358454156,-0.0051942822969434,-0.010477040148141712
2025-10-02,-0.0054886972693709984,-0.008160966324240347,-0.007726236870305584,-0.006154670224415112,-0.004009646531303252
2025-10-03,0.00563056610849265,0.0002496747758787888,0.0066350212484144995,0.007815923738668141,0.011845684624155138
2025-10-06,0.017198345701524474,0.014401874325956944,0.017370556149158736,0.011820866650184371,0.02624090462140767
2025-10-07,-0.00018291543356756083,0.001443455134394749,0.0008662738100250933,0.0010867458682334015,0.003158531096100197
2025-10-08,-0.0031736256861698087,0.004692718614875873,-0.004345284333719425,-0.0032108268972166737,0.0035417991177093956
2025-10-09,0.034758409819037814,-0.00042592472421945225,-0.0010918784924464045,0.005476461133535655,0.008043347168280502
2025-10-10,-0.007183069465229559,-0.01553341324561696,-0.016747918426687637,-0.004055410467801598,-0.0188254462900383
2025-10-14,-0.0023986140820496512,-0.003392263121938542,-0.003153257052963981,-0.0015444293429216862,-0.01303901773771563
2025-10-15,0.0036607921553838893,0.0020398007163736093,0.0029076648305485925,0.004476537436734618,0.014889791303438604
2025-10-16,0.003058784588018486,0.0045640808346068,0.006037000386586714,0.0021606112277478716,0.007145459442607894
2025-10-17,-0.00040455415127433995,-0.002049485105013983,-0.0014785190737743865,0.0015530009543636705,-0.007607706218319922
2025-10-20,0.014094685498504771,0.012458686046560577,0.01398131698009216,0.012096181305085031,0.02128489129714788
2025-10-21,0.0037692613077701044,-0.001258650468371967,0.0012061323668647826,0.006148540421598235,-0.001015799093625132
2025-10-22,0.009526793232162293,0.007276209324938718,0.009198473757813625,0.006134574440218889,0.005528456880641264
2025-10-23,0.0018607639178284483,0.006718426153123775,0.0015760116292286694,-0.0020644136450019804,-0.0009992572169083504
2025-10-24,9.650080129880402e-05,-0.0003642808464591088,-0.00042131597166134287,0.0014621166870666053,-6.542217262661034e-05
2025-10-27,0.012682083866451905,0.010369227142195136,0.011802156615547602,0.013517039551843451,0.013139216973168874
2025-10-28,-0.008754538408969316,-0.007828822583809845,-0.008451557407321784,-0.00654406693759923,-0.010001101279429263
2025-10-29,-0.011830373202791079,-0.013823143730209774,-0.012886866026958316,-0.009405675299143204,-0.008220695153733262
2025-10-30,0.0014091201378614677,0.007186936521082264,0.005698030856207235,0.0033127435904257564,0.004062200752757922
2025-10-31,0.01624174682867666,0.017914604017885874,0.01366035738989535,0.020662404522042432,0.005714259770798254
2025-11-04,-0.003468595374589312,0.004260904343154263,-0.0007257833124816467,-0.005943051127056293,-0.006614510400855256
2025-11-05,-0.00379990190281976,-0.0003289773817238002,-0.00483074403129773,0.0010408780108534812,-0.005267266681843238
2025-11-06,0.0020364933135354566,0.021522354918180612,0.015219510408372435,0.004478984575471355,0.01400422446965674
2025-11-07,0.009269357440606484,0.03476291898404257,0.00385157560676997,0.00830476304546548,0.003069443084696018
2025-11-10,0.0070442741867641654,0.01004144715596847,0.00011119217114346851,0.005462610804361596,0.0053338347074016286
2025-11-11,0.018989515606232812,0.00357691923238931,0.0035761433449521167,0.01617486755908794,0.0018062615451399013
2025-11-12,0.00609210880504483,0.007835067623451871,0.006992641839325861,0.006501725067692589,0.01675976547420954
2025-11-13,-0.0016957340069051253,0.0021905518646640814,-0.0004632042434278242,-0.0020185228714380858,0.00799004040264799
2025-11-14,0.0032851176584773835,0.008226055177738842,0.0023998908659545342,0.00493639634087773,0.0028132000208772384
2025-11-17,-0.0012154423165509722,-0.0017264021002246367,-0.004292556191272355,-0.006463233311946367,-0.0012474594453138815
2025-11-18,-0.01065415223649158,-0.015038329717155933,-0.009328726429656695,-0.006461875356931081,-0.0249061565357214
2025-11-19,0.0040546197068998605,0.002850514700970987,0.003334690285498401,0.0006267488648952926,0.003274908037014825
2025-11-20,0.0031184466741001945,0.00428848412110993,0.0024805777137724538,0.005221150253797706,0.012738832536356026
2025-11-21,0.006710254405580534,0.006448015754516416,0.010786066528376962,0.0056127733891687594,0.0011581332304993856
2025-11-25,0.004601559613945993,0.0015434159107222158,-0.0022164595341454905,-0.0036163843281704472,-0.0008681421490179024
2025-11-26,0.008900281770925375,0.011585324334042253,0.011705330845474185,0.010152112480508303,0.019345101361999347
2025-11-27,-0.0005929666005561833,-0.0021617908411722354,-0.002868080869018813,-0.0026809598712140463,0.0009970637693104156
2025-11-28,0.005529611313850298,0.001883574677439551,0.0037776386670051922,0.003636396439427914,0.0019516809294035588
2025-12-01,-0.01152077815947563,-0.012491788199736136,-0.011963636076383462,-0.00833304192801674,-0.014654578720663251
2025-12-02,0.001176418119816007,-0.003097668084310126,-0.0016680070191419907,0.000841257724833049,0.00045145116752037914
2025-12-03,-0.0065264007232705345,-0.004759179905984316,-0.0038587475318562427,-0.00555496078522859,-0.0034022323580182256
2025-12-04,0.004735054677690687,0.006629368112135386,0.00466045226205277,0.005996832323630003,0.016387694712614805
2025-12-05,-0.011923387792760337,-0.009847541407416009,-0.01097361096853123,-0.006736317739218677,-0.012523973892987619
2025-12-08,0.007728188076585568,0.00753407656841156,0.00753525007012084,0.004567317799413451,0.006672464004625083
2025-12-09,0.0002502030563038994,0.001495896159384847,0.0017619663109773023,0.0018024805952904796,-0.00042488353920647914
2025-12-10,0.004184955052342582,0.0072545881889064774,0.010630766692728558,0.004324376268809812,0.005693726214686432
2025-12-11,-0.006764098780761406,-0.006587295974832088,-0.002792432480735971,-0.004830003501475334,-0.009178860188812542
2025-12-12,0.023816996037486465,0.023444081691039637,0.021205733192358116,0.021533577981490123,0.020556432543987365
2025-12-15,-0.0016464627095203915,0.03543769609226825,0.0034766960529775686,-0.0024220233206148274,0.006373079137320439
2025-12-16,-0.004509698725066474,-0.00584063673565762,-0.003676771238366762,-0.003101928082269296,-0.017829055477024923
2025-12-17,-0.00046346355335548633,7.380034533279812e-05,-0.0038131294231746864,-0.0007440373446131183,-0.0005245204518352184
2025-12-18,-0.00330198799654779,-0.0030600698817327475,0.00017786324087545836,0.001794589725150455,-0.000890767963008302
2025-12-19,0.0028636963324619184,0.005374100939995048,0.00156347228113815,0.003861396385161397,0.006538242087683434
2025-12-22,0.0005386526132417052,0.0033022347854008726,0.0011406553385215536,0.0009719030983406106,0.006654816306248141
2025-12-23,0.005745502842126617,0.004793230007862292,0.005013144524176827,0.007399714079197483,0.004177564468425066
2025-12-24,0.002033080691079408,-0.0010225895471495253,0.0007232268628776719,0.0007831845981435443,-0.0017170542967617764
2025-12-25,0.003984207483273667,0.0035849613531366287,0.0031884709598935307,0.002557196319451939,0.0036857529509477277
2025-12-26,0.0037015497190196174,0.0012676823272727976,-0.0006336044484825821,0.00443251671422232,-0.0011262785693251362
2025-12-29,0.0036915093044193716,0.002888415876756604,0.0018726042960478372,0.0026767988025466257,0.004804484164096738
2025-12-30,-0.0029496815157396133,-0.001622020144775732,-0.003111271944716264,-0.0031461245627822593,-0.005057427735537118
