,z>=0.0,z>=0.5,z>=1.0,z>=1.5,z>=2.0,v3_best,v3_gross,N225_B&H
2010-05-06,0.013731283055386812,0.013731283055386812,0.013731283055386812,0.013731283055386812,0.013731283055386812,0.013731283055386812,0.014031283055386812,-0.03271202526447137
2010-05-07,0.003960052346324131,-0.0003,-0.0003,-0.0003,-0.0003,-0.0003,-0.0,-0.030956448124048186
2010-05-10,-0.012839542317318915,-0.012959848072432256,-0.0066562273290740916,0.0,0.0,0.0,0.0,0.01602671731990113
2010-05-11,-0.02241108571149637,-0.02241108571149637,-0.022265166854080896,-0.02211108571149637,-0.02211108571149637,-0.02211108571149637,-0.02181108571149637,-0.011357325127415274
2010-05-12,0.003676062684253949,0.003676062684253949,-0.0003,-0.0003,-0.0003,-0.0003,-0.0,-0.0016395324776384834
2010-05-13,0.006893644791124949,0.006893644791124949,0.0065322043142450594,0.0,0.0,0.0,0.0,0.021793233740032836
2010-05-14,-0.0012572815246691426,-0.0012572815246691426,-0.0002768824107473936,0.0,0.0,0.0,0.0,-0.014880589232089236
2010-05-17,0.0015838251024282723,-0.00024515779935601196,-0.0,-0.0,-0.0,-0.0,-0.0,-0.021672620153244337
2010-05-18,-0.002009836938511571,-0.0,-0.0,-0.0,-0.0,-0.0,-0.0,0.0006721418800395007
2010-05-19,0.0019052722060200256,0.0,0.0,0.0,0.0,0.0,0.0,-0.005447795353809237
2010-05-20,0.008582937123881022,0.008641589476339978,-0.0,-0.0,-0.0,-0.0,-0.0,-0.015365930537676764
2010-05-21,0.00029537479648724584,-0.00029649296819055446,-0.0,-0.0,-0.0,-0.0,-0.0,-0.024502686534962348
2010-05-24,-0.00011483342718445646,0.0,0.0,0.0,0.0,0.0,0.0,-0.002671525522216056
2010-05-25,0.0008441747083234953,-0.0,-0.0,-0.0,-0.0,-0.0,-0.0,-0.03059013057860205
2010-05-26,0.004386155683999289,0.004371037951953672,0.002549332768780683,-0.0,-0.0,-0.0,-0.0,0.00663543763672414
2010-05-27,0.014722878254096943,0.014722878254096943,-0.00017496984447192254,0.0,0.0,0.0,0.0,0.012292738414661386
2010-05-28,0.0010060608770823844,-0.00019509486714629518,-0.0,-0.0,-0.0,-0.0,-0.0,0.012786755806587502
2010-05-31,0.0030253026693149764,0.003113340052748959,0.0021651937589639964,0.0,0.0,0.0,0.0,0.0005858586505225194
2010-06-01,6.934755260603562e-05,-0.0003,-0.0002086370639518366,-0.0,-0.0,-0.0,-0.0,-0.005821666757138133
2010-06-02,-0.00014079449692818395,-0.00017402080151444037,-0.00017402080151444037,-0.00011096414952752977,-0.0,-0.00011096414952752977,8.033048058883918e-05,-0.0111811927182075
2010-06-03,0.009323134822489004,0.009323134822489004,-0.0003,-0.00019129463011636894,0.0,-0.00019129463011636894,0.0,0.032379716400246616
2010-06-04,-0.0009275417945886761,-0.0009275417945886761,-0.0011123533688865202,-0.0011123533688865202,-0.0007787184445580596,-0.0011123533688865202,-0.0008123533688865203,-0.0013112517953127734
2010-06-07,0.01841635180864636,0.01841635180864636,0.01841635180864636,0.009571936935408448,-0.00021001917187635252,0.009571936935408448,0.010030171890110164,-0.03841867578462543
2010-06-08,0.008835111824523723,0.008835111824523723,0.006708722832789037,-0.00015823495470171587,0.0,-0.00015823495470171587,0.0,0.0018003345676442795
2010-06-09,0.001223146321110575,-0.0003,-0.00023016870403185622,-0.0,-0.0,-0.0,-0.0,-0.010359736213852333
2010-06-10,-0.00031675739533994094,0.0,0.0,0.0,0.0,0.0,0.0,0.010967166369963532
2010-06-11,5.2728856783355594e-05,6.120402478305512e-05,0.0,0.0,0.0,0.0,0.0,0.017039250388418692
2010-06-14,-0.006064610588084725,-0.006064610588084725,-0.0032088090099247103,0.0,0.0,0.0,0.0,0.017990222753148988
2010-06-15,0.0027660671370460777,0.0027660671370460777,-0.00016344084481503942,0.0,0.0,0.0,0.0,0.0008137815230375711
2010-06-16,0.0019319694123257835,0.0019319694123257835,0.0,0.0,0.0,0.0,0.0,0.018129322692818084
2010-06-17,-0.00018704960475297258,-0.00024367215620356994,-0.0,-0.0,-0.0,-0.0,-0.0,-0.006729809069217052
2010-06-18,-0.00349419167312833,-0.003469359061059767,-0.0,-0.0,-0.0,-0.0,-0.0,-0.00043811220711864607
2010-06-21,-0.007119135470652841,-0.007119135470652841,0.0,0.0,0.0,0.0,0.0,0.024311131520581508
2010-06-22,0.001734457398304579,0.001734457398304579,0.0009909852895874365,-0.0,-0.0,-0.0,-0.0,-0.012221136729875126
2010-06-23,0.0044643412284973314,0.0044643412284973314,-0.0001884853558478205,-0.0,-0.0,-0.0,-0.0,-0.01870775413377823
2010-06-24,-0.001453745758501795,-0.001453745758501795,0.0,0.0,0.0,0.0,0.0,0.0004675321045763958
2010-06-25,-0.0008601342381510774,-0.0001542466375000429,-0.0,-0.0,-0.0,-0.0,-0.0,-0.019223694797287583
2010-06-28,0.006310577512290115,0.006357477681653923,0.006357477681653923,0.004383102836228729,-0.0,0.004383102836228729,0.0045899349977734216,-0.004471386535996769
2010-06-29,-0.01580110952544318,-0.01580110952544318,-0.01350610406015708,-0.0002068321615446921,-0.0,-0.0002068321615446921,-0.0,-0.012716243586043396
2010-06-30,0.0005754794023617446,0.0005754794023617446,-0.00025558371880053237,-0.0,-0.0,-0.0,-0.0,-0.019646511160909652
2010-07-01,0.0027263936784764804,-0.00022452754169417443,-0.0,-0.0,-0.0,-0.0,-0.0,-0.020361012062774297
2010-07-02,-0.0012130220882582547,-0.0,-0.0,-0.0,-0.0,-0.0,-0.0,0.00131754559349484
2010-07-05,0.0019826583445374663,0.001888979073072752,0.0,0.0,0.0,0.0,0.0,0.006852705351177324
2010-07-06,-0.0017093252646290667,-0.0001537896857331791,0.0,0.0,0.0,0.0,0.0,0.007689808490362049
2010-07-07,-0.0049261423837967284,-0.004902725181198419,-0.002701460785489748,-0.0,-0.0,-0.0,-0.0,-0.006252880496683155
2010-07-08,0.002780414560021993,-0.0003,-0.00016530362312676503,0.0,0.0,0.0,0.0,0.02759692800590008
2010-07-09,-0.0003269157230911241,-0.0,-0.0,-0.0,-0.0,-0.0,-0.0,0.00519939479331355
2010-07-12,-0.0011462605606985014,-0.0011008646554087394,-0.0008118302845840465,0.0,0.0,0.0,0.0,-0.0038819736560055107
2010-07-13,-0.005053038424661059,-0.005053038424661059,-0.00022123435808263524,-0.0,-0.0,-0.0,-0.0,-0.0011394802125134218
2010-07-14,-0.009572148522626358,-0.009572148522626358,-0.006284955972812146,0.0,0.0,0.0,0.0,0.027052902461611072
2010-07-15,-0.00198055563257585,-0.00198055563257585,-0.00020190691030713684,-0.0,-0.0,-0.0,-0.0,-0.011200333867513401
2010-07-16,-0.0156853923436167,-0.0156853923436167,-0.0,-0.0,-0.0,-0.0,-0.0,-0.028616907288508187
2010-07-21,-0.004208318520954043,-0.00023422049395712687,-0.0,-0.0,-0.0,-0.0,-0.0,-0.013767571457441896
2010-07-22,-0.0008906599028393481,-0.0007990743812616215,-0.0005402918146145349,0.0,0.0,0.0,0.0,-0.0062454204705308936
2010-07-23,-0.0009800328464064246,-0.0003,-0.00020284412588531236,0.0,0.0,0.0,0.0,0.022783083696446882
2010-07-26,0.001527254892370951,0.0014874088798636784,-0.0,-0.0,-0.0,-0.0,-0.0,0.007708673943439548
2010-07-27,-0.0013463846694370617,-0.0013463846694370617,-0.0,-0.0,-0.0,-0.0,-0.0,-0.0007166235706062007
2010-07-28,0.014296633636123456,0.014296633636123456,0.011433221314863726,0.0,0.0,0.0,0.0,0.02700052463944158
2010-07-29,-0.004922328744900477,-0.004922328744900477,-0.00024263102334383784,0.0,0.0,0.0,0.0,-0.005869826504493525
2010-07-30,0.012554653668956627,0.012554653668956627,0.012259834433674588,0.00945159810270564,-0.0,0.00945159810270564,0.00968288013560352,-0.01636957578838938
2010-08-02,9.213081521489667e-06,-0.0003,-0.0003,-0.00023128203289788025,-0.0,-0.00023128203289788025,-0.0,0.0034611227811855994
2010-08-03,-0.0010480305091407358,-0.0,-0.0,-0.0,-0.0,-0.0,-0.0,0.012925412120024182
2010-08-04,-0.012423052768517238,-0.012528860843492506,-0.010253097883481914,-0.0,-0.0,-0.0,-0.0,-0.021113030296375457
2010-08-05,0.00012871491127562426,-0.0003,-0.00024550750490953156,0.0,0.0,0.0,0.0,0.01734368047039636
2010-08-06,-0.00500572764859927,-0.0049304560557467455,0.0,0.0,0.0,0.0,0.0,-0.0012222811855692184
2010-08-09,0.0034105080039797016,0.0034105080039797016,0.002764737867481723,0.0,0.0,0.0,0.0,-0.007221428686454701
2010-08-10,0.0007462517654267081,-0.0003,-0.00023179947752593062,-0.0,-0.0,-0.0,-0.0,-0.0022397964544802473
2010-08-11,-0.01415491430184824,-0.014115159273070088,-0.014115159273070088,-0.009327162841910491,-0.0,-0.009327162841910491,-0.009128925698535732,-0.027033697927716704
2010-08-12,-0.006980850749074956,-0.006980850749074956,-0.0003,-0.00019823714337475852,0.0,-0.00019823714337475852,0.0,-0.008636722749072678
2010-08-13,-0.0010545221956004883,-0.0002035882684321943,0.0,0.0,0.0,0.0,0.0,0.004436333092070477
2010-08-16,0.002946753523240052,0.0030123044805357583,0.0,0.0,0.0,0.0,0.0,-0.006137168075750377
2010-08-17,-0.0055084164412068405,-0.0055084164412068405,0.0,0.0,0.0,0.0,0.0,-0.003804663500184269
2010-08-18,-0.0012410907543056674,-0.00019526659761290855,-0.0,-0.0,-0.0,-0.0,-0.0,0.008607630287500223
2010-08-19,-0.013388103097863258,-0.013265695151694767,-0.00717369866244342,0.0,0.0,0.0,0.0,0.013217804145772893
2010-08-20,0.002526471597518075,-0.0003,-0.00016223119664091494,-0.0,-0.0,-0.0,-0.0,-0.01957770753732191
2010-08-23,-0.00035487925179693844,-0.0,-0.0,-0.0,-0.0,-0.0,-0.0,-0.006829377792979208
2010-08-24,-0.00354544660004446,-0.003564406423848065,-0.0019303131711970955,-0.0,-0.0,-0.0,-0.0,-0.013332774891004706
2010-08-25,-0.0006313573937174186,-0.0003,-0.00016246574674667706,-0.0,-0.0,-0.0,-0.0,-0.01664787939406942
2010-08-26,-0.00016400455804455337,-0.0,-0.0,-0.0,-0.0,-0.0,-0.0,0.006906515455007867
2010-08-27,-0.012367803347813953,-0.012253770932904367,0.0,0.0,0.0,0.0,0.0,0.00949635513817837
2010-08-30,-0.0006702516412803437,-0.0006702516412803437,0.0,0.0,0.0,0.0,0.0,0.017595278295659433
2010-08-31,0.0013968760029208806,-0.00022039334264156328,-0.0,-0.0,-0.0,-0.0,-0.0,-0.03554388044968626
2010-09-01,-0.00889708117320187,-0.008921686944244668,0.0,0.0,0.0,0.0,0.0,0.011668094499712733
2010-09-02,-0.0005655687882268366,-0.00024538275262802977,-0.0,-0.0,-0.0,-0.0,-0.0,0.015214519473665922
2010-09-03,-0.0022061201622764013,-0.002114427173076494,0.0,0.0,0.0,0.0,0.0,0.005659378290555406
2010-09-06,-0.008494465239247321,-0.008494465239247321,0.0,0.0,0.0,0.0,0.0,0.020538486075396545
2010-09-07,-0.00022279340669007741,-0.00022946235997435593,-0.0,-0.0,-0.0,-0.0,-0.0,-0.008097808694834119
2010-09-08,-0.008463644739337712,-0.008461543239285751,-0.005591539835335847,-0.0,-0.0,-0.0,-0.0,-0.021829654305766333
2010-09-09,0.0006296502853073351,-0.0003,-0.00019824539131497134,-0.0,-0.0,-0.0,-0.0,0.008176544362793026
2010-09-10,0.007963831091089115,0.0080948522017142,0.0,0.0,0.0,0.0,0.0,0.015473097864266094
2010-09-13,-0.00024150518388151758,-0.00021287398399372743,-0.0,-0.0,-0.0,-0.0,-0.0,0.00894565110544332
2010-09-14,0.001788067053653653,0.0018664713436879702,0.0018664713436879702,0.0018664713436879702,0.0014360008987098047,0.0018664713436879702,0.00216647134368797,-0.0024148440361282386
2010-09-16,-0.009926164940534965,-0.009926164940534965,-0.0003,-0.0003,-0.000230810010059796,-0.0003,-0.0,0.022602799497988713
2010-09-17,-0.0036165694387524975,-0.0036165694387524975,0.0,0.0,0.0,0.0,0.0,0.012260354776802096
2010-09-21,-0.0010014773833891336,-0.00020399618596821434,-0.0,-0.0,-0.0,-0.0,-0.0,-0.002491093743849593
2010-09-22,4.3111914476868336e-05,2.0286526339621737e-05,0.0,0.0,0.0,0.0,0.0,-0.0037273097009009604
2010-09-24,0.003814056403692583,0.003814056403692583,0.003582324045350716,0.0020865428579139255,0.0,0.0020865428579139255,0.0022612793835463784,-0.009894127264516106
2010-09-27,-0.0008880499284446139,-0.0003,-0.0003,-0.00017473652563245286,0.0,-0.00017473652563245286,0.0,0.01388031124890321
2010-09-28,0.00018023544147673264,-0.0,-0.0,-0.0,-0.0,-0.0,-0.0,-0.011181747505876527
2010-09-29,0.0019222800888285844,0.001933649938609482,0.0,0.0,0.0,0.0,0.0,0.006699844852626535
2010-09-30,-0.013348683594578052,-0.013348683594578052,-0.0,-0.0,-0.0,-0.0,-0.0,-0.019878933128200993
2010-10-01,0.0010626519676335488,-0.00020625294378679685,-0.0,-0.0,-0.0,-0.0,-0.0,0.0037228688040520375
2010-10-04,0.002823365515506097,0.0027159516257980413,-0.0,-0.0,-0.0,-0.0,-0.0,-0.002463880326465495
2010-10-05,-0.003045948304674078,-0.000283606152383199,0.0,0.0,0.0,0.0,0.0,0.014678533302172836
2010-10-06,-0.00021340428602500326,0.0,0.0,0.0,0.0,0.0,0.0,0.01813996005010665
2010-10-07,5.161865877754836e-06,0.0,0.0,0.0,0.0,0.0,0.0,-0.0006830898433941579
2010-10-08,-0.0012246924173480156,-0.0,-0.0,-0.0,-0.0,-0.0,-0.0,-0.00990517023629045
2010-10-12,0.010621546409704972,-0.0,-0.0,-0.0,-0.0,-0.0,-0.0,-0.02088254695252978
2010-10-13,0.007237418500832477,0.007117367279408338,0.005821760009878669,-0.0,-0.0,-0.0,-0.0,0.0015838415089213242
2010-10-14,0.006582198984475141,0.006582198984475141,0.003973628757686841,0.0,0.0,0.0,0.0,0.01914178902200958
2010-10-15,-0.005335445576624909,-0.005335445576624909,-0.003495494715209847,-0.0,-0.0,-0.0,-0.0,-0.008687815597960169
2010-10-18,-0.0020161902643354157,-0.0020161902643354157,-0.001268048376387841,-0.0,-0.0,-0.0,-0.0,-0.0001852336122734055
2010-10-19,-0.005801252293202341,-0.005801252293202341,-0.005688675076563499,-0.004092952213573372,0.0,-0.004092952213573372,-0.003869751095240869,0.004312260151541292
2010-10-20,-0.0006482027738867475,-0.0003,-0.0003,-0.00022320111833250346,-0.0,-0.00022320111833250346,-0.0,-0.01654713664893026
2010-10-21,-0.003100062612334014,-0.0,-0.0,-0.0,-0.0,-0.0,-0.0,-0.0005456575464897195
2010-10-22,0.0010725181916731606,0.0,0.0,0.0,0.0,0.0,0.0,0.005356966545699615
2010-10-25,0.00018787341937323587,-0.0,-0.0,-0.0,-0.0,-0.0,-0.0,-0.0027103628724521878
2010-10-26,0.0007215203648381987,0.000676921453122337,0.00040776645776917494,-0.0,-0.0,-0.0,-0.0,-0.0025295041295185783
2010-10-27,0.0006834606551089466,-0.0003,-0.00018071511364649325,-0.0,-0.0,-0.0,-0.0,0.001029113755185218
2010-10-28,3.8310486512428086e-05,-1.5423685381744527e-05,-0.0,-0.0,-0.0,-0.0,-0.0,-0.002237129250496128
2010-10-29,0.0011702477349235887,-0.00018806339659046414,-0.0,-0.0,-0.0,-0.0,-0.0,-0.017465251910291246
2010-11-01,0.0009368468074831921,0.0009070595627342326,-0.0,-0.0,-0.0,-0.0,-0.0,-0.005186713074993077
2010-11-02,-0.0006317439286699265,-0.00026593916201851826,0.0,0.0,0.0,0.0,0.0,0.0005746480880497451
2010-11-04,0.007826991958498076,0.00788614167240983,0.005600848295610236,0.0,0.0,0.0,0.0,0.02170308172225055
2010-11-05,-0.013798180131311687,-0.013798180131311687,-0.01371124433412224,-0.008199589948687266,0.0,-0.008199589948687266,-0.008017352272150412,0.028551793410077853
2010-11-08,-0.0034155257669579164,-0.0034155257669579164,-0.0028919512117018494,-0.00018223767653685483,0.0,-0.00018223767653685483,0.0,0.011108435069687506
2010-11-09,-0.0016150698834037041,-0.0016150698834037041,-0.0002495839937378564,0.0,0.0,0.0,0.0,-0.0039484232695295995
2010-11-10,0.005628659585572987,0.005628659585572987,0.0,0.0,0.0,0.0,0.0,0.014031609046617266
2010-11-11,-0.0010862099413559059,-0.0010862099413559059,-0.0,-0.0,-0.0,-0.0,-0.0,0.0031473849972165624
2010-11-12,-0.006669118951709045,-0.006669118951709045,-0.0,-0.0,-0.0,-0.0,-0.0,-0.013857014191234307
2010-11-15,0.00301713995943757,0.00301713995943757,0.0,0.0,0.0,0.0,0.0,0.010560638187303795
2010-11-16,-0.0019418323381950773,-0.00019704495708474913,-0.0,-0.0,-0.0,-0.0,-0.0,-0.0030943908452139013
2010-11-17,0.008639128535330158,0.008583299954096181,0.0,0.0,0.0,0.0,0.0,0.0014862099453460953
2010-11-18,0.015176050918437854,0.015176050918437854,0.0,0.0,0.0,0.0,0.0,0.020584663894401833
2010-11-19,0.0013894413628314866,-0.00023187068908732517,-0.0,-0.0,-0.0,-0.0,-0.0,0.0008747842418297402
2010-11-22,-0.0011622211855174993,-0.0011126836987495972,-0.0,-0.0,-0.0,-0.0,-0.0,0.009259346773099031
2010-11-24,-0.009266223804092904,-0.009266223804092904,-0.007893477671804882,0.0,0.0,0.0,0.0,-0.008411119762540054
2010-11-25,-0.002376243964282095,-0.002376243964282095,-0.0002600062501109564,-0.0,-0.0,-0.0,-0.0,0.00495003667180649
2010-11-26,-0.00033643371913868764,-0.00015324271892672107,-0.0,-0.0,-0.0,-0.0,-0.0,-0.003988209664440134
2010-11-29,-0.00032703149848191463,0.0,0.0,0.0,0.0,0.0,0.0,0.008609009534449985
2010-11-30,-0.006630032126648829,-0.0,-0.0,-0.0,-0.0,-0.0,-0.0,-0.01865992272746475
2010-12-01,0.000740011966878185,0.0,0.0,0.0,0.0,0.0,0.0,0.005133295772632662
2010-12-02,0.0014626549172355617,0.001411051452950807,0.00084495629582052,0.0,0.0,0.0,0.0,0.018068564944260013
2010-12-03,-0.002574136668069882,-0.0003,-0.00017964397273824515,-0.0,-0.0,-0.0,-0.0,0.0009638356124390679
2010-12-06,-0.00021368179996435167,-0.0,-0.0,-0.0,-0.0,-0.0,-0.0,-0.001089555389250263
2010-12-07,-3.617605562776127e-05,-0.0,-0.0,-0.0,-0.0,-0.0,-0.0,-0.0025701059354674705
2010-12-08,-0.003450326005454137,-0.0034538643886181993,-0.0034538643886181993,-0.002302151247074125,0.0,-0.002302151247074125,-0.0021021881632894293,0.008996112084892705
2010-12-09,-0.00021631269962050958,-0.0003,-0.0003,-0.00019996308378469562,0.0,-0.00019996308378469562,0.0,0.005233393008106768
2010-12-10,-0.015839936291001736,-0.01589231488809454,-0.01589231488809454,-0.014086326163605282,-0.0,-0.014086326163605282,-0.013820417900470668,-0.007187492790338257
2010-12-13,0.0014395359148080386,-0.0003,-0.0003,-0.0002659082631346139,0.0,-0.0002659082631346139,0.0,0.008023879039540605
2010-12-14,0.0034802909821140607,0.0034171704220915724,0.0,0.0,0.0,0.0,0.0,0.002222666416088259
2010-12-15,0.002186246176038165,0.002186246176038165,0.0024431797174732876,0.0024431797174732876,0.0024431797174732876,0.0024431797174732876,0.0027431797174732875,-0.0006774657310438803
2010-12-16,-0.0012005971303374714,-0.0012005971303374714,-0.0003,-0.0003,-0.0003,-0.0003,0.0,0.00014644013596387673
2010-12-17,-0.00035573179108677755,-0.0002612140761860951,-0.0,-0.0,-0.0,-0.0,-0.0,-0.0007234750365123777
2010-12-20,-0.0027721387486356946,-0.0,-0.0,-0.0,-0.0,-0.0,-0.0,-0.008484216180990045
2010-12-21,0.0009853878094118517,0.0,0.0,0.0,0.0,0.0,0.0,0.015085545199378547
2010-12-22,-0.00045843177164174787,-0.0004932650891152131,-0.00035626807783508264,-0.0,-0.0,-0.0,-0.0,-0.002319052551160272
2010-12-24,0.00031342084598340314,0.00031342084598340314,0.0002301003266704308,1.3420845983403166e-05,1.3420845983403166e-05,1.3420845983403166e-05,0.00031342084598340314,-0.0065036646293142875
2010-12-27,-0.0005399083153914909,-0.0003,-0.0003,-0.0003,-0.0003,-0.0003,0.0,0.0074713865078024355
2010-12-28,-0.002628848084918788,-0.0026176641927830807,-0.0,-0.0,-0.0,-0.0,-0.0,-0.006118232069414864
2010-12-29,0.004675433098290033,0.004675433098290033,0.0,0.0,0.0,0.0,0.0,0.005043429797926047
2010-12-30,0.0032057639956840737,-0.00023551514095006005,-0.0,-0.0,-0.0,-0.0,-0.0,-0.011176922004352163
2011-01-04,-3.6392111060904275e-05,0.0,0.0,0.0,0.0,0.0,0.0,0.016539350077245274
2011-01-05,0.0003060115309722509,0.00031422278021951607,-0.0,-0.0,-0.0,-0.0,-0.0,-0.0016666582141005026
2011-01-06,-0.001108639627628774,-0.00024093798098129233,0.0,0.0,0.0,0.0,0.0,0.014352523088628777
2011-01-07,-0.0034118880929669714,-0.003467439541701156,0.0,0.0,0.0,0.0,0.0,0.0010712754790782597
2011-01-11,0.0018335686954647692,0.0018335686954647692,0.0,0.0,0.0,0.0,0.0,-0.0028802045576140634
2011-01-12,-0.004692911915341568,-0.004692911915341568,-0.003906289745966609,-0.0,-0.0,-0.0,-0.0,0.00020171075996366916
2011-01-13,-0.0003492905364389509,-0.0003492905364389509,-0.0004141908724930624,-0.00041816381792323504,-0.0,-0.00041816381792323504,-0.0002249542478823728,0.007320596070248042
2011-01-14,-0.00031266159073857497,-0.0003,-0.0003,-0.00019320957004086226,-0.0,-0.00019320957004086226,-0.0,-0.008566740754306967
2011-01-17,-0.005838800846284593,-0.005907743643891494,-0.005907743643891494,-0.005907743643891494,-0.005907743643891494,-0.005907743643891494,-0.005607743643891494,0.00036387255270819985
2011-01-18,0.0003164641412514433,-0.0003,-0.0003,-0.0003,-0.0003,-0.0003,0.0,0.0015348311457936692
2011-01-19,0.000688423230615374,0.0007200980288423978,0.0007200980288423978,0.0007200980288423978,0.0006582682393148849,0.0007200980288423978,0.0010200980288423978,0.0036238436546436326
2011-01-20,-0.002354962383610438,-0.0003,-0.0003,-0.0003,-0.0002742410948019502,-0.0003,-0.0,-0.011346870210083404
2011-01-21,-0.01783098275710946,-0.017942203024689775,-0.017942203024689775,-0.017942203024689775,-0.017942203024689775,-0.017942203024689775,-0.017642203024689773,-0.015596935011445323
2011-01-24,-0.0007464291193400035,-0.0003,-0.0003,-0.0003,-0.0003,-0.0003,0.0,0.006870474098355395
2011-01-25,-0.0036873502977700263,0.0,0.0,0.0,0.0,0.0,0.0,0.011532943222251735
2011-01-26,-0.0004897917896675978,-0.0,-0.0,-0.0,-0.0,-0.0,-0.0,-0.005974486088742292
2011-01-27,-0.00157606489402912,-0.0014771366766155643,-0.0014771366766155643,-0.0014771366766155643,-0.0014771366766155643,-0.0014771366766155643,-0.0011771366766155644,0.007379398258243519
2011-01-28,-0.010155203052616146,-0.010155203052616146,-0.010155203052616146,-0.009487873774720691,-0.0003,-0.009487873774720691,-0.008908187793853507,-0.011291549753088215
2011-01-31,-0.0023553314490037495,-0.0023553314490037495,-0.0023553314490037495,-0.002335017429870933,-0.0020553314490037496,-0.002335017429870933,-0.0017553314490037497,-0.011816207163209191
2011-02-01,0.0006856752942329125,0.0006856752942329125,0.0006856752942329125,0.0006856752942329125,0.0006856752942329125,0.0006856752942329125,0.0006856752942329125,0.0035729990470858564
2011-02-02,0.007972122316319986,0.007972122316319986,0.007972122316319986,0.004019996615746191,-0.0003,0.004019996615746191,0.0044766672904734,0.01779749394739394
2011-02-03,-0.0005162239029084804,-0.0003,-0.0003,-0.00015667067472720922,0.0,-0.00015667067472720922,0.0,-0.0024862870864075237
2011-02-04,0.001258382221262968,0.0013273274488791679,0.0010644111842300578,0.0,0.0,0.0,0.0,0.010752114384649625
2011-02-07,-0.004629111718410628,-0.004629111718410628,-0.004688535547444931,-0.004929111718410628,-0.00275375522538752,-0.004929111718410628,-0.004629111718410628,0.00460192705753415
2011-02-08,0.0002501436308812061,0.0002501436308812061,0.0002501436308812061,-1.5298378140098134e-05,-0.00016760151013226314,-1.5298378140098134e-05,0.00043995287219458665,0.004148438782845654
2011-02-09,-0.007046285689169051,-0.007046285689169051,-0.007046285689169051,-0.00594710140121552,-0.0,-0.00594710140121552,-0.005534292863015923,-0.0017065084576197709
2011-02-10,0.0029173683197127875,0.0029173683197127875,0.0029173683197127875,0.0028749256075777,0.0026173683197127876,0.0028749256075777,0.0029173683197127875,-0.0011470976094346552
2011-02-14,-0.003957420226668628,-0.003957420226668628,-0.003957420226668628,-0.003957420226668628,-0.003957420226668628,-0.003957420226668628,-0.003357420226668628,0.011304318360661592
2011-02-15,-0.0007319574400714846,-0.0007319574400714846,-0.0007319574400714846,-0.0007319574400714846,-0.0007319574400714846,-0.0007319574400714846,-0.0007319574400714846,0.001970053044932474
2011-02-16,0.0039943237373484715,0.0039943237373484715,0.003461714212760233,-0.0003,-0.0003,-0.0003,0.0,0.005733880135470715
2011-02-17,0.0019472537795978153,0.0019472537795978153,-0.0002627920792308198,-0.0,-0.0,-0.0,-0.0,0.0026229504641845924
2011-02-18,1.083291557516685e-06,-0.00017060551098670314,0.0,0.0,0.0,0.0,0.0,0.000568456315781285
2011-02-21,0.0016473106997478928,0.0015936821147141639,0.0,0.0,0.0,0.0,0.0,0.0013585484390878921
2011-02-22,-0.001869084666093517,-0.00015441443834629228,-0.0,-0.0,-0.0,-0.0,-0.0,-0.017760031357844874
2011-02-23,0.00046423056581963327,0.0005354652881779916,-0.0,-0.0,-0.0,-0.0,-0.0,-0.008026534677001429
2011-02-24,0.007601502543262905,0.007601502543262905,0.007341574534092643,0.007341574534092643,0.007341574534092643,0.007341574534092643,0.007641574534092643,-0.011947108270489837
2011-02-25,0.004266414802223718,0.004266414802223718,0.004266414802223718,0.004266414802223718,0.004266414802223718,0.004266414802223718,0.0048664148022237175,0.00708426857381772
2011-02-28,-3.860938877110824e-05,-0.0003,-0.0003,-0.0003,-0.0003,-0.0003,0.0,0.009245967447915948
2011-03-01,0.0049334250628349395,0.004926711708230367,0.0,0.0,0.0,0.0,0.0,0.012230735206361532
2011-03-02,-0.004527277555846329,-0.00021155954791023937,-0.0,-0.0,-0.0,-0.0,-0.0,-0.024330449512614538
2011-03-03,0.0018723844220168472,0.0,0.0,0.0,0.0,0.0,0.0,0.008924538520654446
2011-03-04,-0.0036652981691244193,-0.003771280577100444,-0.002909668487180885,-0.0,-0.0,-0.0,-0.0,0.010168186888588782
2011-03-07,-0.0034969609978316453,-0.0003,-0.00023145998509222472,-0.0,-0.0,-0.0,-0.0,-0.017640417054935797
2011-03-08,-0.0005981483162825338,0.0,0.0,0.0,0.0,0.0,0.0,0.0019201200319043377
2011-03-09,-0.002077403397893025,-0.001971545537002883,-0.0012245407381796319,-0.0,-0.0,-0.0,-0.0,0.006110062401446736
2011-03-10,-0.0082483079351272,-0.0082483079351272,-0.00018633210065862775,-0.0,-0.0,-0.0,-0.0,-0.014648483609943863
2011-03-11,-0.004257192232510555,-0.004257192232510555,-0.0,-0.0,-0.0,-0.0,-0.0,-0.017245892648485417
2011-03-14,0.04158816621985547,0.04158816621985547,0.027999665508599374,-0.0,-0.0,-0.0,-0.0,-0.06182103465956401
2011-03-15,0.08322807701015085,0.08322807701015085,-0.00020056275498107115,-0.0,-0.0,-0.0,-0.0,-0.10553930402861245
2011-03-16,-0.037261428137454436,-0.037261428137454436,-0.037543307324563936,-0.037543307324563936,-0.025780345362147343,-0.037543307324563936,-0.037243307324563935,0.05677638550858788
2011-03-17,-0.005533308426287409,-0.005533308426287409,-0.005533308426287409,-0.004060165020355152,-0.00020600485571988785,-0.004060165020355152,-0.003975716907272469,-0.01441102306075115
2011-03-18,-0.013518326504131206,-0.013518326504131206,-0.011731840201412751,-0.00021555188691731696,0.0,-0.00021555188691731696,0.0,0.02723296520485241
2011-03-22,0.016780649640475334,0.016780649640475334,-0.00025945433102684867,0.0,0.0,0.0,0.0,0.043616945447633615
2011-03-23,-0.00862949991800688,-0.00862949991800688,-0.0,-0.0,-0.0,-0.0,-0.0,-0.016532607237379704
2011-03-24,0.0032123752332767043,0.0032123752332767043,-0.0,-0.0,-0.0,-0.0,-0.0,-0.0015302404638487532
2011-03-25,-0.002486037926292407,-0.002486037926292407,-0.0,-0.0,-0.0,-0.0,-0.0,0.010717542397880253
2011-03-28,0.0028655596590415134,-0.00020088557664580366,-0.0,-0.0,-0.0,-0.0,-0.0,-0.006040145224826987
2011-03-29,0.0014174850451308856,0.0,0.0,0.0,0.0,0.0,0.0,-0.0020520265010923744
2011-03-30,0.013566811979399742,0.013526104111447139,0.0,0.0,0.0,0.0,0.0,0.026398968914004284
2011-03-31,-0.0010931421410310556,-0.0010931421410310556,-0.0,-0.0,-0.0,-0.0,-0.0,0.004769860108847501
2011-04-01,0.0016174161411891658,-0.0002840274089680985,-0.0,-0.0,-0.0,-0.0,-0.0,-0.004788260787476739
2011-04-04,-0.004346109305754475,-0.0042250157761635375,-0.0,-0.0,-0.0,-0.0,-0.0,0.0010815387906983887
2011-04-05,0.002077412829727513,-0.00021376884033284918,-0.0,-0.0,-0.0,-0.0,-0.0,-0.010632885801580616
2011-04-06,0.008070823268549751,0.00801203518596347,-0.0,-0.0,-0.0,-0.0,-0.0,-0.0032426317925990933
2011-04-07,-0.006981633627869731,-0.006981633627869731,-0.00669417161373057,-0.004717433987009222,-0.0,-0.004717433987009222,-0.0045060216901986715,0.0006844028592694062
2011-04-08,-0.0032473305897150425,-0.0003,-0.0003,-0.00021141229681055008,0.0,-0.00021141229681055008,0.0,0.018470617176547854
2011-04-11,2.876572304676256e-07,-0.0,-0.0,-0.0,-0.0,-0.0,-0.0,-0.004952854852290134
2011-04-12,0.0011547884199693513,-0.0,-0.0,-0.0,-0.0,-0.0,-0.0,-0.016918261508395482
2011-04-13,0.012728663246792837,0.01280142252929114,0.008368150113718002,0.0,0.0,0.0,0.0,0.008991898073152926
2011-04-14,0.0028630457729724714,-0.0003,-0.0001961067239497181,0.0,0.0,0.0,0.0,0.0013214393661304946
2011-04-15,-0.004332319873376877,-0.004450371086127844,-0.0,-0.0,-0.0,-0.0,-0.0,-0.006463736091658068
2011-04-18,-0.0030056380925379037,-0.0030056380925379037,-0.0,-0.0,-0.0,-0.0,-0.0,-0.003635413607968263
2011-04-19,-0.0001647661500630245,-0.0002344696613940139,-0.0,-0.0,-0.0,-0.0,-0.0,-0.012098393522998685
2011-04-20,-0.005607888066102693,-0.005649175355131272,0.0,0.0,0.0,0.0,0.0,0.017560587590631282
2011-04-21,-0.00025289524835857437,-0.00022173424619632474,-0.0,-0.0,-0.0,-0.0,-0.0,0.008218038454125498
2011-04-22,-0.003344953388915844,-0.003318366974569324,0.0,0.0,0.0,0.0,0.0,-0.0003675051632207049
2011-04-25,-6.978141529555511e-05,-0.0001542717856306161,-0.0,-0.0,-0.0,-0.0,-0.0,-0.0010586426075610555
2011-04-26,-0.0029804384204033833,-0.0,-0.0,-0.0,-0.0,-0.0,-0.0,-0.011711124912372028
2011-04-27,0.0009062090148787729,0.0,0.0,0.0,0.0,0.0,0.0,0.013929671124086607
2011-04-28,0.00581759128814882,0.005770677100265529,0.0,0.0,0.0,0.0,0.0,0.016292096564805014
2011-05-02,0.0032224563454201346,0.0032224563454201346,0.0,0.0,0.0,0.0,0.0,0.015681627866534376
2011-05-06,0.00012568920466545324,-0.0002475535750912862,0.0,0.0,0.0,0.0,0.0,-0.014493912273760845
2011-05-09,-0.00012422854399697005,-0.0,-0.0,-0.0,-0.0,-0.0,-0.0,-0.006574601510862754
2011-05-10,-0.0012847465883463528,-0.001283902957205837,0.0,0.0,0.0,0.0,0.0,0.0024891706370591127
2011-05-11,-0.004025661417574284,-0.004025661417574284,-0.0,-0.0,-0.0,-0.0,-0.0,0.004633986479564589
2011-05-12,-0.005611563372679978,-0.005611563372679978,-0.004340710140186639,-0.0,-0.0,-0.0,-0.0,-0.014964060001176116
2011-05-13,-0.010529783981449103,-0.010529783981449103,-0.008405665131311454,-0.0,-0.0,-0.0,-0.0,-0.006986034965351218
2011-05-16,-0.0003952472533687525,-0.0003,-0.00023903305966399094,-0.0,-0.0,-0.0,-0.0,-0.009376296767115266
2011-05-17,0.0026757005846986875,0.0,0.0,0.0,0.0,0.0,0.0,0.0009122675309078954
2011-05-18,0.006014016229728797,0.00586483763568243,0.0050108866566915015,0.0,0.0,0.0,0.0,0.00993627603293712
2011-05-19,0.008719021213162193,0.008719021213162193,0.00876270277940686,0.009019021213162193,0.006406090403925165,0.009019021213162193,0.009319021213162193,-0.004270277755036633
2011-05-20,-0.00013069163006825782,-0.0003,-0.0003,-0.0003,-0.00021308599633548597,-0.0003,-0.0,-0.0014281770086848056
2011-05-23,0.0006580382749845063,-0.0,-0.0,-0.0,-0.0,-0.0,-0.0,-0.015243986114570007
2011-05-24,-0.006638910084671796,-0.006661620540856906,0.0,0.0,0.0,0.0,0.0,0.001748302096940657
2011-05-25,0.005310236570503038,0.005310236570503038,-0.0,-0.0,-0.0,-0.0,-0.0,-0.005728507509102365
2011-05-26,-0.006670939353056241,-0.006670939353056241,-0.00688981394585223,-0.005603840104460721,0.0,-0.005603840104460721,-0.005359834672013551,0.01476936176686805
2011-05-27,-0.0006667948024172986,-0.0006667948024172986,-0.0003,-0.00024400543244717,0.0,-0.00024400543244717,0.0,-0.004194641925033493
2011-05-30,-0.0013069154530771458,-0.0013069154530771458,0.0,0.0,0.0,0.0,0.0,-0.0017822736080230772
2011-05-31,-0.00496555191680434,-0.00023983507374813651,0.0,0.0,0.0,0.0,0.0,0.019859162902959193
2011-06-01,0.00011387416477466708,0.0,0.0,0.0,0.0,0.0,0.0,0.0026697547343543793
2011-06-02,-0.0005887831173687194,-0.0006509706545940532,-0.0,-0.0,-0.0,-0.0,-0.0,-0.016931780858225887
2011-06-03,0.00494148800467345,0.00494148800467345,-0.0,-0.0,-0.0,-0.0,-0.0,-0.00657559548344544
2011-06-06,0.003868545884348654,-0.00026642893655466767,-0.0,-0.0,-0.0,-0.0,-0.0,-0.011784437135591186
2011-06-07,0.0010112789482997122,0.0,0.0,0.0,0.0,0.0,0.0,0.0066735877173420555
2011-06-08,-0.000782550920941607,0.0,0.0,0.0,0.0,0.0,0.0,0.0006893783712034196
2011-06-09,0.005250178237559018,0.005338133612183251,0.0,0.0,0.0,0.0,0.0,0.0018721101269945084
2011-06-10,0.0017622716864702367,0.0017622716864702367,0.0010243856975412848,-0.0,-0.0,-0.0,-0.0,0.004995171420254296
2011-06-13,-0.00029811362185969077,-0.0003,-0.0001500033976388214,0.0,0.0,0.0,0.0,-0.006961047182905689
2011-06-14,0.010386266187584056,0.010386133879922677,0.009546951417724395,0.0,0.0,0.0,0.0,0.010539570832644785
2011-06-15,0.0009871174738832929,0.0009871174738832929,0.0008129145470600611,-0.0,-0.0,-0.0,-0.0,0.002778682116904241
2011-06-16,0.0034511870119099406,0.0034511870119099406,-0.00025374724483396844,-0.0,-0.0,-0.0,-0.0,-0.01702888912643119
2011-06-17,-0.003843673468514728,-0.0001519639259132826,-0.0,-0.0,-0.0,-0.0,-0.0,-0.006362565036077572
2011-06-20,0.0006468419000295052,-0.0,-0.0,-0.0,-0.0,-0.0,-0.0,0.0003122443434169231
2011-06-21,-0.0002828317747542364,0.0,0.0,0.0,0.0,0.0,0.0,0.011261090087885561
2011-06-22,0.0025775346215522444,0.0,0.0,0.0,0.0,0.0,0.0,0.017946683966002075
2011-06-23,-0.0012707093232531622,0.0,0.0,0.0,0.0,0.0,0.0,-0.0033947444641954094
2011-06-24,0.005048933314216542,0.005130910019047497,0.0030524461857291433,0.0,0.0,0.0,0.0,0.008541413496729655
2011-06-27,0.0051723493669725736,0.0051723493669725736,0.003116112276584894,-0.0,-0.0,-0.0,-0.0,-0.010373323617528407
2011-06-28,-0.0006521478748387981,-0.0003,-0.0001806127142527575,-0.0,-0.0,-0.0,-0.0,0.007378222422100622
2011-06-29,0.002751271671075372,0.0027046969009251968,0.0018039551567106118,0.0,0.0,0.0,0.0,0.015367353820979313
2011-06-30,0.0016362064536314287,0.0016362064536314287,0.0013881675430554585,-0.0,-0.0,-0.0,-0.0,0.0019219739575617734
2011-07-01,6.691348173763851e-05,-0.0003,-0.0002460882605325722,-0.0,-0.0,-0.0,-0.0,0.005295435308499741
2011-07-04,8.18006676174455e-06,-0.0,-0.0,-0.0,-0.0,-0.0,-0.0,0.009831661933651148
2011-07-05,-0.0003621382857714536,0.0,0.0,0.0,0.0,0.0,0.0,0.0007395936517444746
2011-07-06,0.008984106048688614,0.009054207348895277,0.0,0.0,0.0,0.0,0.0,0.011032434147989045
2011-07-07,-0.0017593439551153128,-0.0017593439551153128,0.0,0.0,0.0,0.0,0.0,-0.0011248045902643167
2011-07-08,0.000431347104903869,-0.0001635496222282463,-0.0,-0.0,-0.0,-0.0,-0.0,0.006612044181398158
2011-07-11,-7.637337172784566e-05,0.0,0.0,0.0,0.0,0.0,0.0,-0.0067273632419732055
2011-07-12,0.00020406818728976552,-0.0,-0.0,-0.0,-0.0,-0.0,-0.0,-0.014261871970466244
2011-07-13,-0.0010542082028909858,0.0,0.0,0.0,0.0,0.0,0.0,0.0037497508397659196
2011-07-14,-1.8437847622994837e-05,0.0,0.0,0.0,0.0,0.0,0.0,-0.002711949466073893
2011-07-15,-0.0010330287189654211,0.0,0.0,0.0,0.0,0.0,0.0,0.0038596161200450396
2011-07-19,0.00024964157436331336,-0.0,-0.0,-0.0,-0.0,-0.0,-0.0,-0.00849669228774208
2011-07-20,-0.0002941845426373992,-0.00026833690241583643,-0.0,-0.0,-0.0,-0.0,-0.0,0.011747619475044768
2011-07-21,0.00031964427603219255,0.00031964427603219255,-0.0,-0.0,-0.0,-0.0,-0.0,0.00044866105370244824
2011-07-22,-0.000932947219823958,-0.00021933713790423944,0.0,0.0,0.0,0.0,0.0,0.012159437084849012
2011-07-25,-0.0008606360552496693,-0.0,-0.0,-0.0,-0.0,-0.0,-0.0,-0.00810300945102116
2011-07-26,-0.0011693349632580883,0.0,0.0,0.0,0.0,0.0,0.0,0.004747255181849264
2011-07-27,-0.0003340316845427525,-0.0,-0.0,-0.0,-0.0,-0.0,-0.0,-0.005004030438880203
2011-07-28,0.0010613453983611743,-0.0,-0.0,-0.0,-0.0,-0.0,-0.0,-0.014515582374309166
2011-07-29,-0.0007387454545433311,-0.0,-0.0,-0.0,-0.0,-0.0,-0.0,-0.00690000238682742
2011-08-01,-0.00013072588764166318,0.0,0.0,0.0,0.0,0.0,0.0,0.013422056936407856
2011-08-02,-4.8579162062021026e-05,-0.0,-0.0,-0.0,-0.0,-0.0,-0.0,-0.012084275350175422
2011-08-03,0.003150961062545387,-0.0,-0.0,-0.0,-0.0,-0.0,-0.0,-0.021072507702715848
2011-08-04,9.032225527670347e-05,-0.0,-0.0,-0.0,-0.0,-0.0,-0.0,0.002286989694714414
2011-08-05,0.011931900284527838,0.011908862225856982,-0.0,-0.0,-0.0,-0.0,-0.0,-0.03719775553533511
2011-08-08,-0.0026495297021820116,-0.00020325747162045334,-0.0,-0.0,-0.0,-0.0,-0.0,-0.021755153297615903
2011-08-09,-0.00247913249692086,-0.002389240163574205,0.0,0.0,0.0,0.0,0.0,-0.016826391778959393
2011-08-10,-0.0033066012030483804,-0.00018067806041459068,-0.0,-0.0,-0.0,-0.0,-0.0,0.01053831644602754
2011-08-11,0.006098121117978935,0.005983901698257416,0.0,0.0,0.0,0.0,0.0,-0.006284039945244402
2011-08-12,-0.0066699024605155425,-0.0066699024605155425,-0.0,-0.0,-0.0,-0.0,-0.0,-0.002028593182913596
2011-08-15,-0.0005550870371973277,-0.0005550870371973277,0.0,0.0,0.0,0.0,0.0,0.013687445996769299
2011-08-16,-0.003479387319983531,-0.003479387319983531,-0.0021693343830221034,-0.0,-0.0,-0.0,-0.0,0.002313293246567927
2011-08-17,-0.00024030628605351277,-0.0003,-0.00019575308561081394,0.0,0.0,0.0,0.0,-0.005508680670228916
2011-08-18,-0.002630751035229461,-0.0,-0.0,-0.0,-0.0,-0.0,-0.0,-0.012531383987767097
2011-08-19,-7.818428810909074e-05,-0.0,-0.0,-0.0,-0.0,-0.0,-0.0,-0.025103484120060138
2011-08-22,0.0012269019306616875,-0.0,-0.0,-0.0,-0.0,-0.0,-0.0,-0.010449345254108677
2011-08-23,-0.0010147214117458567,0.0,0.0,0.0,0.0,0.0,0.0,0.012155575337527535
2011-08-24,-0.0058293521531526515,-0.0,-0.0,-0.0,-0.0,-0.0,-0.0,-0.010694985642881072
2011-08-25,0.00046570788645844993,0.0,0.0,0.0,0.0,0.0,0.0,0.015365276279617479
2011-08-26,-0.0052857590212429745,-0.005232019268371337,0.0,0.0,0.0,0.0,0.0,0.002897728872990557
2011-08-29,-0.0019036119130793727,-0.0002559716250696632,0.0,0.0,0.0,0.0,0.0,0.006088960427806711
2011-08-30,3.2878063476143124e-05,-0.0,-0.0,-0.0,-0.0,-0.0,-0.0,0.01158589207021965
2011-08-31,-0.00020470638024258064,0.0,0.0,0.0,0.0,0.0,0.0,0.00014516631085825793
2011-09-01,-0.00022915130730076294,0.0,0.0,0.0,0.0,0.0,0.0,0.011791987568326556
2011-09-02,-0.00015014069773972477,-0.0,-0.0,-0.0,-0.0,-0.0,-0.0,-0.0121467831411044
2011-09-05,-0.0005700362065050415,-0.0,-0.0,-0.0,-0.0,-0.0,-0.0,-0.018577265017579947
2011-09-06,0.001553587697289194,-0.0,-0.0,-0.0,-0.0,-0.0,-0.0,-0.022071891647259312
2011-09-07,0.0004548755831819605,0.0,0.0,0.0,0.0,0.0,0.0,0.020119717022571093
2011-09-08,0.005439179715871284,0.005473770229582857,-0.0,-0.0,-0.0,-0.0,-0.0,0.003390228279605445
2011-09-09,-0.00026374288610482317,-0.00021574792622458351,-0.0,-0.0,-0.0,-0.0,-0.0,-0.006307199287440057
2011-09-12,0.002438596572411607,0.002466861972082804,-0.0,-0.0,-0.0,-0.0,-0.0,-0.02311719965791037
2011-09-13,0.0016715666432703374,0.0016715666432703374,0.0,0.0,0.0,0.0,0.0,0.009475516690871988
2011-09-14,0.004584136440820954,-0.00018670984513189553,-0.0,-0.0,-0.0,-0.0,-0.0,-0.011371081744829925
2011-09-15,-0.0006676179964448397,0.0,0.0,0.0,0.0,0.0,0.0,0.017642636445926563
2011-09-16,-0.000808349008697145,0.0,0.0,0.0,0.0,0.0,0.0,0.02252889039241457
2011-09-20,-0.0023802594530025266,-0.0,-0.0,-0.0,-0.0,-0.0,-0.0,-0.016123346076303613
2011-09-21,0.002609185214369557,0.002471613657221561,0.001417556907611409,0.0,0.0,0.0,0.0,0.0022840698501211953
2011-09-22,-0.0014027050559209894,-0.0003,-0.00017206049620290665,-0.0,-0.0,-0.0,-0.0,-0.02069523809098206
2011-09-26,0.005078128762171639,-0.0,-0.0,-0.0,-0.0,-0.0,-0.0,-0.0217434853507521
2011-09-27,-0.013596127621104626,-0.0136728464104792,-0.007024845211043823,0.0,0.0,0.0,0.0,0.028160574985111042
2011-09-28,-0.0007970857049355162,-0.0007970857049355162,-0.0001541342234121743,0.0,0.0,0.0,0.0,0.0006620474199261484
2011-09-29,0.013247766544743187,0.013247766544743187,0.0,0.0,0.0,0.0,0.0,0.009933095500035849
2011-09-30,0.0008078123115935797,0.0008078123115935797,-0.0,-0.0,-0.0,-0.0,-0.0,-0.00010808008026885751
2011-10-03,-0.0020934450097447473,-0.0020934450097447473,-0.0,-0.0,-0.0,-0.0,-0.0,-0.017793610283960315
2011-10-04,-0.004018302985826247,-0.004018302985826247,-0.003010737985624612,0.0,0.0,0.0,0.0,-0.010457030694679181
2011-10-05,0.012771608874020957,0.012771608874020957,0.012707544283273456,0.012471608874020957,0.012471608874020957,0.012471608874020957,0.012771608874020957,-0.008649315220681353
2011-10-06,-0.006875073410959942,-0.006875073410959942,-0.006875073410959942,-0.006016324700179612,-0.0003,-0.006016324700179612,-0.005977142686971263,0.016585874560761438
2011-10-07,0.0002077520545519757,-0.0003,-0.0003,-0.00026081798679165066,0.0,-0.00026081798679165066,0.0,0.009809950051268945
2011-10-11,0.004429297343043033,0.004296034169187746,0.004296034169187746,0.004296034169187746,0.0026651079558528577,0.004296034169187746,0.004596034169187746,0.019529048229405932
2011-10-12,-0.0028054124665609186,-0.0028054124665609186,-0.0028054124665609186,-0.0017326810681470943,-0.00018610941050942,-0.0017326810681470943,-0.001261130744126354,-0.003964049077897269
2011-10-13,0.0010822796796876588,0.0010822796796876588,0.0010822796796876588,0.0008659043736504614,-0.0,0.0008659043736504614,0.0009606350489931285,0.009652199430661756
2011-10-14,-0.004579341094321631,-0.004579341094321631,-0.002844382166609855,-0.00026628099936340765,-0.0,-0.00026628099936340765,-0.0,-0.008533141309891468
2011-10-17,-0.0003251479038094964,-0.0003,-0.0001783720047452676,-0.0,-0.0,-0.0,-0.0,0.015048039660139567
2011-10-18,-0.0023028730578987465,-0.002221518126425048,-0.002221518126425048,-0.0014060388117414278,-0.0,-0.0014060388117414278,-0.0012161634114442339,-0.015506268208267948
2011-10-19,0.00345414934152637,0.00345414934152637,0.00345414934152637,0.003564273941229176,0.0029396494199660597,0.003564273941229176,0.00405414934152637,0.0035037974841918285
2011-10-20,-0.006490952305023456,-0.006490952305023456,-0.006490952305023456,-0.003957800918250327,-0.00023491202553792262,-0.003957800918250327,-0.0034805518907324294,-0.01030370315040019
2011-10-21,-0.0004426294353384809,-0.0004426294353384809,-0.0003,-0.00017724902751789826,-0.0,-0.00017724902751789826,-0.0,-0.000375568498677592
2011-10-24,0.008568737837453754,0.008568737837453754,0.005664756036452515,0.0,0.0,0.0,0.0,0.01902211308127666
2011-10-25,0.011143184219268121,0.011143184219268121,0.011248298294789419,0.011443184219268121,0.010541905803246269,0.011443184219268121,0.011743184219268121,-0.009234631252984182
2011-10-26,-0.0005047341736483896,-0.0003,-0.0003,-0.0003,-0.0002763716532369301,-0.0003,0.0,-0.0015794744112774817
2011-10-27,-0.016209786417398096,-0.01621718387787308,0.0,0.0,0.0,0.0,0.0,0.02035445261464819
2011-10-28,0.0009312358368477971,0.0009312358368477971,0.0004415731554146315,-0.0,-0.0,-0.0,-0.0,0.013883283663959967
2011-10-31,0.002529084964770334,0.002529084964770334,0.0023269479226877645,-0.0,-0.0,-0.0,-0.0,-0.006859321118195538
2011-11-01,-0.0056930910959097185,-0.0056930910959097185,-0.005678665557556273,-0.00509133998095107,-0.0,-0.00509133998095107,-0.00480812540750473,-0.017007508927260884
2011-11-02,6.854408942917763e-05,-0.0003,-0.0003,-0.00028321457344633914,-0.0,-0.00028321457344633914,-0.0,-0.02208128324372549
2011-11-04,-0.0006370686302509422,0.0,0.0,0.0,0.0,0.0,0.0,0.01863109318824252
2011-11-07,0.00012510362509250412,-0.0,-0.0,-0.0,-0.0,-0.0,-0.0,-0.003898305423253645
2011-11-08,-0.009025065934417383,-0.008918279837567992,-0.0,-0.0,-0.0,-0.0,-0.0,-0.012727151211361698
2011-11-09,-0.0008682582443577859,-0.0002557603568701353,0.0,0.0,0.0,0.0,0.0,0.011545323934515128
2011-11-10,-0.0005445398443634431,-0.0,-0.0,-0.0,-0.0,-0.0,-0.0,-0.029083702532722078
2011-11-11,-0.003387071250015929,-0.0034000017179572468,-0.0,-0.0,-0.0,-0.0,-0.0,0.0016080747916757954
2011-11-14,-0.003239091101300712,-0.003239091101300712,-0.002058852262594861,-0.0,-0.0,-0.0,-0.0,0.010479862118909056
2011-11-15,-0.00010821699436786502,-0.00010821699436786502,-0.000176707136488985,-0.0,-0.0,-0.0,-0.0,-0.007179528157681969
2011-11-16,-0.005151416629237823,-0.00019697982388978087,-0.0,-0.0,-0.0,-0.0,-0.0,-0.009221514825305643
2011-11-17,-0.007304587858738376,-0.007157138881528835,-0.0038753147279160026,0.0,0.0,0.0,0.0,0.0019460492603744495
2011-11-18,-0.0005104387800081816,-0.0005104387800081816,-0.00030813460657862424,0.0,0.0,0.0,0.0,-0.01234956336652826
2011-11-21,-0.00014703610041309496,-0.00014703610041309496,-0.00020770341063625457,-0.0,-0.0,-0.0,-0.0,-0.0031810042738331656
2011-11-22,-0.006408793680863411,-0.006408793680863411,0.0,0.0,0.0,0.0,0.0,-0.004016317004319259
2011-11-24,-0.0011596215755057002,-0.00028744147236539977,-0.0,-0.0,-0.0,-0.0,-0.0,-0.01798733987809209
2011-11-25,0.00034692240077859575,0.0,0.0,0.0,0.0,0.0,0.0,-0.0006332267071810227
2011-11-28,0.0014261459146706942,0.001383157288493177,0.0,0.0,0.0,0.0,0.0,0.015622587767851304
2011-11-29,0.0013697851086802082,-0.00022727015505786307,0.0,0.0,0.0,0.0,0.0,0.022965949007764275
2011-11-30,0.0029457327166054195,0.0029090457270432805,0.0029090457270432805,0.0017688916430816794,0.0,0.0017688916430816794,0.0019513114269961343,-0.005096824342194384
2011-12-01,-0.001256855771383228,-0.0003,-0.0003,-0.00018241978391445496,0.0,-0.00018241978391445496,0.0,0.019297812757864685
2011-12-02,0.0024663303754902314,0.002597677556518105,0.0,0.0,0.0,0.0,0.0,0.005393517306383266
2011-12-05,-0.0002697937064511558,-0.0002697937064511558,-9.307310245624227e-05,-9.307310245624227e-05,-7.788902260665468e-05,-9.307310245624227e-05,0.0002069268975437577,0.006042570498915323
2011-12-06,0.003205289777309203,-0.0003,-0.0003,-0.0003,-0.00025105756835582134,-0.0003,-0.0,-0.01389381139184731
2011-12-07,0.00325660245066777,0.0,0.0,0.0,0.0,0.0,0.0,0.017143675796871483
2011-12-08,-0.0001364850864194849,-0.00023334896815996239,0.0,0.0,0.0,0.0,0.0,-0.0066026968364335525
2011-12-09,0.0003926412039584477,-0.0002560519505489153,0.0,0.0,0.0,0.0,0.0,-0.014786650481880548
2011-12-12,-7.033855116984311e-05,-0.00016410153437209342,0.0,0.0,0.0,0.0,0.0,0.013748128861323705
2011-12-13,0.0019682417645597817,0.0019682417645597817,0.0011862401818981806,0.0,0.0,0.0,0.0,-0.011672387285600938
2011-12-14,0.0006296096626559056,0.0006296096626559056,0.0003861725327891599,0.0,0.0,0.0,0.0,-0.003937850740522109
2011-12-15,-0.006365810783477023,-0.006365810783477023,-0.00019117590768776848,-0.0,-0.0,-0.0,-0.0,-0.01664016954489722
2011-12-16,-0.0017993450648568755,-0.0017993450648568755,-0.002021705428245457,-0.002021705428245457,-0.001199279371796208,-0.002021705428245457,-0.001721705428245457,0.002906593481532216
2011-12-19,0.007443333394441077,0.007443333394441077,0.007443333394441077,0.004506078561348556,-0.00017796055078662067,0.004506078561348556,0.004992280484339454,-0.012568808864349634
2011-12-20,0.00148331393840962,0.00148331393840962,-0.0003,-0.00018620192299089805,0.0,-0.00018620192299089805,0.0,0.004864967116240626
2011-12-21,0.0008434032341764001,-0.00027891929943391633,0.0,0.0,0.0,0.0,0.0,0.014814405247268292
2011-12-22,-0.004234736972581798,-0.0043785004464281015,-0.0043785004464281015,-0.00270348782769463,-0.0,-0.00270348782769463,-0.002518254011178744,-0.007661993161738101
2011-12-26,0.0023537580637549745,0.0023537580637549745,0.0010610399389746079,-0.00018523381651588621,-0.0,-0.00018523381651588621,-0.0,0.010027168741662429
2011-12-27,-0.00031146717812862427,-0.0003,-0.0001538617959448177,-0.0,-0.0,-0.0,-0.0,-0.0045735014932895
2011-12-28,-0.00058726450810381,-0.0005931047031656807,-0.0005931047031656807,-0.00029982213244853683,-0.0,-0.00029982213244853683,-0.00014816823516113848,-0.002006911151315127
2011-12-29,0.0037261912333905745,0.0037261912333905745,0.0018558628914837278,-0.00015165389728739835,0.0,-0.00015165389728739835,0.0,-0.0029358480565309097
2011-12-30,0.00021289861583580932,-0.0003,-0.00016063789073934861,0.0,0.0,0.0,0.0,0.006722312508059103
2012-01-04,-0.0015928395793392497,-0.0015363603716345483,-0.0010245851211521787,0.0,0.0,0.0,0.0,0.012389877063314403
2012-01-05,0.0031647805123740103,0.0031647805123740103,0.0015797395070674116,-0.0,-0.0,-0.0,-0.0,-0.008341059600004752
2012-01-06,-0.009163193408233839,-0.009163193408233839,-0.00015410559280709492,-0.0,-0.0,-0.0,-0.0,-0.011587196642967479
2012-01-10,-0.00015853431845892578,-0.00022309140649946107,-0.0,-0.0,-0.0,-0.0,-0.0,0.0038031974513130784
2012-01-11,-0.0011174325635628399,-0.0010266250903155048,0.0,0.0,0.0,0.0,0.0,0.0030419528606879798
2012-01-12,0.0012135277150013355,-0.00027503731109199575,-0.0,-0.0,-0.0,-0.0,-0.0,-0.007373452265725389
2012-01-13,-0.0008975952420992652,0.0,0.0,0.0,0.0,0.0,0.0,0.013645991472536423
2012-01-16,-0.001854870769874073,-0.0,-0.0,-0.0,-0.0,-0.0,-0.0,-0.0143128117812229
2012-01-17,-0.0004746421692829612,0.0,0.0,0.0,0.0,0.0,0.0,0.010508027271240561
2012-01-18,0.0020865874312449837,0.0,0.0,0.0,0.0,0.0,0.0,0.009942795475774258
2012-01-19,0.0033380257209817445,0.0032785323949148237,0.0,0.0,0.0,0.0,0.0,0.010420299975079317
2012-01-20,0.0007512728524728806,-0.00020918207541549845,0.0,0.0,0.0,0.0,0.0,0.014662657487844566
2012-01-23,-0.0018113117569291718,-0.001669700415126962,-0.001024080588240009,0.0,0.0,0.0,0.0,-5.246886039977916e-05
2012-01-24,0.0007538189757630286,-0.0003,-0.0001839995808162039,-0.0,-0.0,-0.0,-0.0,0.0022165079038292124
2012-01-25,0.002152995341197901,0.00223828832692257,0.0,0.0,0.0,0.0,0.0,0.01119597678036155
2012-01-26,-0.00038728016656069454,-0.00015212875047201476,-0.0,-0.0,-0.0,-0.0,-0.0,-0.0038520819017557884
2012-01-27,-0.00016045842852616585,-0.0,-0.0,-0.0,-0.0,-0.0,-0.0,-0.0009322592488493209
2012-01-30,0.0007206152682972356,0.0007583096581257161,-0.0,-0.0,-0.0,-0.0,-0.0,-0.005448334434023705
2012-01-31,-0.001584849532853241,-0.001584849532853241,0.0,0.0,0.0,0.0,0.0,0.0010758452582011468
2012-02-01,-0.00024628068983273865,-0.00019114383933076896,0.0,0.0,0.0,0.0,0.0,0.0008270679194166686
2012-02-02,-0.0014751616053618188,-0.0014831964412588832,0.0,0.0,0.0,0.0,0.0,0.007608611912462093
2012-02-03,0.0002276939853101733,-0.00027780213640505057,-0.0,-0.0,-0.0,-0.0,-0.0,-0.005057061359773907
2012-02-06,-0.00018856270624861273,-0.0,-0.0,-0.0,-0.0,-0.0,-0.0,0.011013505683833635
2012-02-07,0.00011601985161210817,0.0,0.0,0.0,0.0,0.0,0.0,-0.001308142253169775
2012-02-08,0.0045952348097559065,0.004571884321727915,0.0035346646300227266,0.0,0.0,0.0,0.0,0.010997487827901997
2012-02-09,-0.0008776465702633805,-0.0008776465702633805,-0.00023193924307473435,0.0,0.0,0.0,0.0,-0.0014807250114926562
2012-02-10,-0.0045105174010795215,-0.0045105174010795215,-0.0,-0.0,-0.0,-0.0,-0.0,-0.006117400898691283
2012-02-13,0.004919674866929823,0.004919674866929823,0.002740918035093392,0.0,0.0,0.0,0.0,0.005812985120338565
2012-02-14,0.00012179420635241513,-0.0003,-0.00017338961866768628,0.0,0.0,0.0,0.0,0.005877271799947126
2012-02-15,0.016347135618015683,0.016332194944557142,0.016332194944557142,0.014263843042785034,0.0,0.014263843042785034,0.01452585025782024,0.023007944487837273
2012-02-16,0.00025152839622211544,0.00025152839622211544,-0.0003,-0.00026200721503520733,0.0,-0.00026200721503520733,0.0,-0.002401665030685729
2012-02-17,-0.0017575155304276184,-0.0017575155304276184,0.0,0.0,0.0,0.0,0.0,0.015811727376457974
2012-02-20,-0.004817980041027268,-0.004817980041027268,-0.0,-0.0,-0.0,-0.0,-0.0,0.010754272643737073
2012-02-21,-0.0004955950261972382,-0.00025058874906546395,0.0,0.0,0.0,0.0,0.0,-0.0023268427462015406
2012-02-22,-0.010167444804029722,-0.010264308034852376,-0.010264308034852376,-0.010264308034852376,-0.010264308034852376,-0.010264308034852376,-0.009964308034852376,0.009614316915393939
2012-02-23,-0.0003339164520878581,-0.0003,-0.0003,-0.0003,-0.0003,-0.0003,0.0,0.0043510898576513135
2012-02-24,0.004733895843835526,0.004736158947729894,0.0,0.0,0.0,0.0,0.0,0.005399321627085341
2012-02-27,-0.006428109457973789,-0.006428109457973789,-0.0,-0.0,-0.0,-0.0,-0.0,-0.001394181163785424
2012-02-28,-0.0030220012597063214,-0.0002009472819709264,0.0,0.0,0.0,0.0,0.0,0.009195608295226032
2012-02-29,-0.0029107113066558538,-0.002859552958928048,-0.0,-0.0,-0.0,-0.0,-0.0,7.412719744959162e-05
2012-03-01,-0.0066832988652534425,-0.0066832988652534425,-0.006846668889365947,-0.006846668889365947,-0.006336304592618888,-0.006846668889365947,-0.0065466688893659475,-0.0016321840050186331
2012-03-02,0.0014434244644159662,0.0014434244644159662,0.0009061421840075918,-0.0003,-0.0002776374041890761,-0.0003,-0.0,0.007176007034764398
2012-03-05,-0.00369102898309457,-0.00369102898309457,-0.0002075470790892521,-0.0,-0.0,-0.0,-0.0,-0.008022930020029628
2012-03-06,-0.007040046620169795,-0.007040046620169795,-0.007201922521723502,-0.007201922521723502,-0.007201922521723502,-0.007201922521723502,-0.0069019225217235025,-0.006285445814247281
2012-03-07,0.007018256235875741,0.007018256235875741,-0.0003,-0.0003,-0.0003,-0.0003,0.0,-0.0063885325799658554
2012-03-08,-0.009047629423985794,-0.009047629423985794,0.0,0.0,0.0,0.0,0.0,0.020144025755961747
2012-03-09,-0.0019217540912528177,-0.0019217540912528177,-0.0017754951493345543,0.0,0.0,0.0,0.0,0.01645827949755163
2012-03-12,-0.0008915804673706998,-0.0003,-0.000243915257384942,-0.0,-0.0,-0.0,-0.0,-0.004016206050833304
2012-03-13,-0.002520816862978538,-0.002534589580445978,-0.002534589580445978,-0.001974356685542094,-0.0,-0.001974356685542094,-0.0017406671721659649,0.000932240318342048
2012-03-14,0.0007513934431558239,0.0007513934431558239,0.0007513934431558239,0.0008177039297796947,0.001051393443155824,0.0008177039297796947,0.0013513934431558239,0.01529833599989261
2012-03-15,-0.0007789986068966748,-0.0007789986068966748,-0.0007789986068966748,-0.0007789986068966748,-0.0007789986068966748,-0.0007789986068966748,-0.0007789986068966748,0.007239500601065041
2012-03-16,-0.0019049138703075563,-0.0019049138703075563,-0.0019049138703075563,-0.0016574098411374079,-0.0003,-0.0016574098411374079,-0.0016111449230475571,0.0006470041834845119
2012-03-19,-0.0005270962151624582,-0.0003,-0.0003,-0.0002537350819101492,-0.0,-0.0002537350819101492,-0.0,0.001200430427382937
2012-03-21,0.001065535951330434,0.001123628127643295,0.0010754005532472332,-0.0,-0.0,-0.0,-0.0,-0.0054722987024666825
2012-03-22,0.0050308059084496716,0.0050308059084496716,-0.0002871236114841977,0.0,0.0,0.0,0.0,0.004024179155170282
2012-03-23,-0.00040615471156813513,-0.00040615471156813513,-0.0006395341712084664,-0.0006395341712084664,-0.0006395341712084664,-0.0006395341712084664,-0.0003395341712084665,-0.011415961034239697
2012-03-26,-0.0019423878594710881,-0.0019423878594710881,-0.0003,-0.0003,-0.0003,-0.0003,-0.0,0.0006762751121882626
2012-03-27,-0.0034393034460473643,-0.00026247311125980605,0.0,0.0,0.0,0.0,0.0,0.023647881335197463
2012-03-28,0.0024446905788338778,0.0025365860403874525,0.0,0.0,0.0,0.0,0.0,-0.007077426986478064
2012-03-29,0.0008450574147007581,0.0008450574147007581,-0.0,-0.0,-0.0,-0.0,-0.0,-0.006656499425718998
2012-03-30,-0.0010539740494760817,-0.0010539740494760817,-0.0008491113456103091,-0.0007400545960557789,-0.0,-0.0007400545960557789,-0.00047858549666792815,-0.003087604253710685
2012-04-02,-0.0051024443470396585,-0.0051024443470396585,-0.0051024443470396585,-0.005140975247651808,-0.0054024443470396585,-0.005140975247651808,-0.0051024443470396585,0.002609251890816733
2012-04-03,-0.0031560850868296297,-0.0031560850868296297,-0.0031560850868296297,-0.0022839799771369094,-0.0003,-0.0022839799771369094,-0.0021923750266701716,-0.005883405826240917
2012-04-04,0.017566545943787433,0.017566545943787433,-0.0003,-0.0002083950495332624,-0.0,-0.0002083950495332624,-0.0,-0.02292442602942457
2012-04-05,0.00255061121140411,0.00255061121140411,0.0027922055519897463,0.0020878562210189626,0.0,0.0020878562210189626,0.0023121795577659087,-0.005334005590875601
2012-04-06,-1.5207786931043649e-05,-0.0003,-0.0003,-0.0002243233367469462,-0.0,-0.0002243233367469462,-0.0,-0.008104352385160052
2012-04-09,0.00045589821833472643,-0.0,-0.0,-0.0,-0.0,-0.0,-0.0,-0.014676282255782769
2012-04-10,0.004504266765125746,0.0044312026939597685,0.002522028285795594,-0.0,-0.0,-0.0,-0.0,-0.0008631898332237542
2012-04-11,-0.0014652271654350974,-0.0003,-0.0001707456277660287,0.0,0.0,0.0,0.0,-0.008311924358642031
2012-04-12,-0.002525977175546378,-0.0025832938393973363,0.0,0.0,0.0,0.0,0.0,0.006982938853470344
2012-04-13,-0.002702386247064998,-0.002702386247064998,-0.002879768378551339,-0.002879768378551339,-0.002879768378551339,-0.002879768378551339,-0.0025797683785513392,0.011884796919223506
2012-04-16,-0.0060669942145848525,-0.0060669942145848525,-0.0060669942145848525,-0.0060669942145848525,-0.0033942450421584553,-0.0060669942145848525,-0.005466994214584853,-0.01736363929282947
2012-04-17,-0.0012072866317970332,-0.0012072866317970332,-0.0012072866317970332,-0.001082881036676137,-0.00016096314268877065,-0.001082881036676137,-0.0010417455484761763,-0.0006261126724400601
2012-04-18,0.004297171841902175,0.004297171841902175,-0.0003,-0.00025886451180003934,0.0,-0.00025886451180003934,0.0,0.021400529495722243
2012-04-19,0.0004049159949204084,-0.00017447651176173852,0.0,0.0,0.0,0.0,0.0,-0.008159487251287345
2012-04-20,-0.00022077459781765573,-0.0,-0.0,-0.0,-0.0,-0.0,-0.0,-0.0028179454277185156
2012-04-23,-0.006217553866166231,-0.006241148457904721,-0.006241148457904721,-0.006241148457904721,-0.006241148457904721,-0.006241148457904721,-0.005941148457904721,-0.00200708152207274
2012-04-24,-0.0008070509568188327,-0.0008070509568188327,-0.0008070509568188327,-0.0008070509568188327,-0.0008070509568188327,-0.0008070509568188327,-0.0002070509568188328,-0.007768660946035011
2012-04-25,0.0018176438694486041,0.0018176438694486041,0.0008978552615576848,-0.0003,-0.0003,-0.0003,-0.0,0.009819321230046807
2012-04-26,-0.004360016892979778,-0.004360016892979778,-0.00016969641763271332,-0.0,-0.0,-0.0,-0.0,8.579768456562498e-05
2012-04-27,-0.004633263822654785,-0.004633263822654785,-0.002505925163286573,-0.0,-0.0,-0.0,-0.0,-0.004281652084694665
2012-05-01,0.0036049270120073872,-0.0003,-0.00015503000914377597,-0.0,-0.0,-0.0,-0.0,-0.017849114883175754
2012-05-02,0.0007851424451706539,-0.0,-0.0,-0.0,-0.0,-0.0,-0.0,0.0031333505232642445
2012-05-07,-0.007621879970136948,-0.007490252072466905,-0.0,-0.0,-0.0,-0.0,-0.0,-0.02783618257109355
2012-05-08,-9.461765946505764e-05,-0.00025270880350972884,-0.0,-0.0,-0.0,-0.0,-0.0,0.006854894715666582
2012-05-09,0.005257406871045903,0.005185862528938125,-0.0,-0.0,-0.0,-0.0,-0.0,-0.014876499812274235
2012-05-10,-0.00014828047112407019,-0.0002183581187158698,-0.0,-0.0,-0.0,-0.0,-0.0,-0.003914753619060685
2012-05-11,-0.007657642960542549,-0.0076276290496202544,-0.004688940700522741,-0.0,-0.0,-0.0,-0.0,-0.006253385855141014
2012-05-14,-0.00041372756874613354,-0.0003,-0.0001844193262422554,-0.0,-0.0,-0.0,-0.0,0.0022930373708482943
2012-05-15,-0.0006448619717283684,-0.0,-0.0,-0.0,-0.0,-0.0,-0.0,-0.008145856249697991
2012-05-16,-0.0018955827329431153,-0.0,-0.0,-0.0,-0.0,-0.0,-0.0,-0.01118674513333795
2012-05-17,0.009687183112134852,0.009611874083167405,0.008304508965033508,0.0,0.0,0.0,0.0,0.008569306415451283
2012-05-18,0.010245143920896732,0.010245143920896732,-0.00025919531071188107,-0.0,-0.0,-0.0,-0.0,-0.029885381447953607
2012-05-21,-0.00191014891204874,-0.00191014891204874,-0.0011041619210542543,0.0,0.0,0.0,0.0,0.0026221421887844265
2012-05-22,-0.0008828889514929106,-0.0008828889514929106,-0.0010290405047425264,-0.0008312902585727401,0.0,-0.0008312902585727401,-0.0006204614421761769,0.01104952628648248
2012-05-23,0.006722935600155739,-0.0003,-0.0003,-0.0002108288163965632,-0.0,-0.0002108288163965632,-0.0,-0.019782872251320693
2012-05-24,-0.003159787774072436,-0.0032737265727101113,-0.0032737265727101113,-0.0032737265727101113,-0.001721364315785683,-0.0032737265727101113,-0.0029737265727101114,0.0007924027939874012
2012-05-25,-0.004831240254887636,-0.004831240254887636,-0.004831240254887636,-0.00445905348430397,-0.00015774356326533472,-0.00445905348430397,-0.0038836948683168048,0.00198633785465252
2012-05-28,-0.0004480497720254429,-0.0003,-0.0003,-0.00027535861598716564,-0.0,-0.00027535861598716564,-0.0,0.0014871984502269342
2012-05-29,-0.0050158915778675565,0.0,0.0,0.0,0.0,0.0,0.0,0.007439609990969931
2012-05-30,0.0003868896004055048,0.00025102952869334756,0.00013108415774736187,-0.0,-0.0,-0.0,-0.0,-0.0027595503590021053
2012-05-31,0.003406844905860092,0.003406844905860092,-0.00015665586247523677,0.0,0.0,0.0,0.0,-0.010478161193621993
2012-06-01,0.001064064245506956,-0.00023338008767295024,-0.0,-0.0,-0.0,-0.0,-0.0,-0.01199621937328843
2012-06-04,-0.0014739162903338533,-0.0016191998121412267,0.0,0.0,0.0,0.0,0.0,-0.01713457743402147
2012-06-05,0.005612736681185153,0.005612736681185153,0.0035397286241462774,0.0,0.0,0.0,0.0,0.010411520090409132
2012-06-06,-0.0124423928843656,-0.0124423928843656,-0.00018248045144637163,0.0,0.0,0.0,0.0,0.018078056959854427
2012-06-07,-0.00019691793468095602,-0.000285075082649508,0.0,0.0,0.0,0.0,0.0,0.012443789348886236
2012-06-08,-0.006612529655457775,-0.0,-0.0,-0.0,-0.0,-0.0,-0.0,-0.02088724711551493
2012-06-11,9.35451839376658e-05,0.0,0.0,0.0,0.0,0.0,0.0,0.019580983394444917
2012-06-12,0.0032933442418860187,0.0,0.0,0.0,0.0,0.0,0.0,-0.010223963184357476
2012-06-13,-0.003986814428199653,-0.0038371641885062476,-0.002990074290324281,0.0,0.0,0.0,0.0,0.005988262333181282
2012-06-14,0.002261459638255546,0.002261459638255546,-0.00023377219296067753,0.0,0.0,0.0,0.0,-0.0022066311968185204
2012-06-15,-0.004655462286285527,-0.004655462286285527,-0.0030536282698197127,-0.0,-0.0,-0.0,-0.0,5.025902773514446e-05
2012-06-18,-0.0003099491039599383,-0.0003099491039599383,-0.00019650220614445997,-0.0,-0.0,-0.0,-0.0,0.017702596380802627
2012-06-19,-0.0026938621068566143,-0.0026938621068566143,-0.0002216513787205886,-0.0,-0.0,-0.0,-0.0,-0.007470389652155962
2012-06-20,-0.001969407184856459,-0.001969407184856459,-0.001811592901782377,-0.001811592901782377,-0.001811592901782377,-0.001811592901782377,-0.001511592901782377,0.01114150880493292
2012-06-21,-0.003415958113452966,-0.003415958113452966,-0.003415958113452966,-0.003415958113452966,-0.0025249955613398756,-0.003415958113452966,-0.003415958113452966,0.008199063528432582
2012-06-22,0.0016122085908986444,-0.0003,-0.0003,-0.0003,-0.00021421939708370162,-0.0003,0.0,-0.00291483433541595
2012-06-25,0.0043942888822257695,-0.0,-0.0,-0.0,-0.0,-0.0,-0.0,-0.007243346197517986
2012-06-26,-0.0007996499843896524,-0.0006816665259765101,-0.0,-0.0,-0.0,-0.0,-0.0,-0.008086199727623922
2012-06-27,-0.0017925089467767357,-0.0001734898548235484,0.0,0.0,0.0,0.0,0.0,0.0076754472478692826
2012-06-28,0.002668620728383973,0.0,0.0,0.0,0.0,0.0,0.0,0.016450406945307305
2012-06-29,0.006148345036597012,0.0,0.0,0.0,0.0,0.0,0.0,0.014950222232884558
2012-07-02,0.010634591021934772,0.010718440658461137,0.005617619833936058,-0.0,-0.0,-0.0,-0.0,-0.0003663689561997918
2012-07-03,0.0045399838670350445,0.0045399838670350445,-0.00015723238145190946,0.0,0.0,0.0,0.0,0.007009442095092577
2012-07-04,0.0011413386532985398,0.0011413386532985398,0.0011360750574107433,-0.0,-0.0,-0.0,-0.0,0.004144896678093923
2012-07-05,-0.0002747655008308328,-0.0003,-0.00024312029178441774,0.0,0.0,0.0,0.0,-0.00267680825342953
2012-07-06,0.002272583028078023,0.0022229137332287065,-0.0,-0.0,-0.0,-0.0,-0.0,-0.006503425841725585
2012-07-09,-0.0016728110472705915,-0.0002065037942017991,-0.0,-0.0,-0.0,-0.0,-0.0,-0.013731687186486763
2012-07-10,0.0009715115642761277,-0.0,-0.0,-0.0,-0.0,-0.0,-0.0,-0.004400353222496656
2012-07-11,0.0032758526817062423,0.003323972767550443,0.0020876400798773035,0.0,0.0,0.0,0.0,-0.0007598412227314277
2012-07-12,-0.002521484696494341,-0.0003,-0.00018841671330079176,-0.0,-0.0,-0.0,-0.0,-0.014799484168455557
2012-07-13,0.0016678820912923171,0.001624697404770481,0.0,0.0,0.0,0.0,0.0,0.00047137006413722204
2012-07-17,-0.00026161031075895395,-0.00021037184449393092,0.0,0.0,0.0,0.0,0.0,0.003539598538041977
2012-07-18,0.0011341828538845614,-0.0,-0.0,-0.0,-0.0,-0.0,-0.0,-0.003227843018275278
2012-07-19,-0.00012039424911835814,0.0,0.0,0.0,0.0,0.0,0.0,0.007884911027998376
2012-07-20,0.00779643410526355,0.0076599711458846115,-0.0,-0.0,-0.0,-0.0,-0.0,-0.014289008679482462
2012-07-23,-0.00033693676524573096,-0.0001780971994440414,-0.0,-0.0,-0.0,-0.0,-0.0,-0.018633474608487743
2012-07-24,0.0008074256454282236,0.0008127691300888241,-0.0,-0.0,-0.0,-0.0,-0.0,-0.002377727683838926
2012-07-25,0.0035073012119094687,0.0035073012119094687,-0.0,-0.0,-0.0,-0.0,-0.0,-0.014395400540555214
2012-07-26,-7.871645550102554e-05,-0.00020085151717429595,0.0,0.0,0.0,0.0,0.0,0.009227843405416492
2012-07-27,0.001967510827744271,0.0019579896248786647,0.0019579896248786647,0.0014163619955041343,0.0,0.0014163619955041343,0.001633374687120195,0.014632071724621554
2012-07-30,-0.002515562869676298,-0.002515562869676298,-0.0003,-0.00021701269161606082,-0.0,-0.00021701269161606082,-0.0,0.008031244930741144
2012-07-31,0.0036541936298419356,-0.000276801408569033,0.0,0.0,0.0,0.0,0.0,0.00690400693634996
2012-08-01,-0.0027024206048406356,-0.002597550257566838,-0.0020262691957197666,0.0,0.0,0.0,0.0,-0.006119562552414748
2012-08-02,-0.0011905785542871694,-0.0011905785542871694,-0.0009102805059498853,0.0,0.0,0.0,0.0,0.0013110709671120269
2012-08-03,-0.0010929371204264834,-0.0010929371204264834,-0.00022780462693878652,0.0,0.0,0.0,0.0,-0.011333329420994964
2012-08-06,0.0017868003846627106,-0.00015823027972575304,0.0,0.0,0.0,0.0,0.0,0.02000905662996333
2012-08-07,-0.009049779167757146,-0.008924628080944278,0.0,0.0,0.0,0.0,0.0,0.008826148443981108
2012-08-08,0.0008788091948281124,0.0008788091948281124,0.0006246681625557641,0.0006246681625557641,0.0004133893238005436,0.0006246681625557641,0.000924668162555764,0.008843331626100737
2012-08-09,0.0058971656884960755,0.0058971656884960755,-0.0003,-0.0003,-0.00019853228413748732,-0.0003,0.0,0.010971477983811484
2012-08-10,0.0016845714642619327,-0.00015687579052527087,-0.0,-0.0,-0.0,-0.0,-0.0,-0.00970743584517264
2012-08-13,0.00039192056417117205,0.0,0.0,0.0,0.0,0.0,0.0,-0.0007074263289779115
2012-08-14,0.0004089169085382557,0.0,0.0,0.0,0.0,0.0,0.0,0.00503418515399523
2012-08-15,-0.00204294275455673,-0.0021191869861097315,-0.0,-0.0,-0.0,-0.0,-0.0,-0.0005419830740741594
2012-08-16,-0.0027916735264825526,-0.00015019260109469193,0.0,0.0,0.0,0.0,0.0,0.018792041921205538
2012-08-17,-0.003763641170354328,-0.0038190094137497176,0.0,0.0,0.0,0.0,0.0,0.007669864394598047
2012-08-20,-0.00032751841977139956,-0.0002321170856397741,-0.0,-0.0,-0.0,-0.0,-0.0,0.0009451739427013273
2012-08-21,-0.00035913243646399837,-0.0,-0.0,-0.0,-0.0,-0.0,-0.0,-0.001552718972560485
2012-08-22,0.0006637432524427311,-0.0,-0.0,-0.0,-0.0,-0.0,-0.0,-0.0027497988095154247
2012-08-23,-0.0023753609078926057,0.0,0.0,0.0,0.0,0.0,0.0,0.005078975268909991
2012-08-24,-0.00010945507722644537,0.0,0.0,0.0,0.0,0.0,0.0,-0.01169742280463848
2012-08-27,-0.005517731739032942,-0.005581540645807931,-0.0,-0.0,-0.0,-0.0,-0.0,0.0016128618980675302
2012-08-28,-0.004943078488993306,-0.00026496838897799893,-0.0,-0.0,-0.0,-0.0,-0.0,-0.0057344386307042194
2012-08-29,0.0003254958356357321,0.0,0.0,0.0,0.0,0.0,0.0,0.004042771912789123
2012-08-30,-0.0027395703364613538,-0.0,-0.0,-0.0,-0.0,-0.0,-0.0,-0.009485237392038881
2012-08-31,-0.0011009812598032802,-0.0,-0.0,-0.0,-0.0,-0.0,-0.0,-0.01601442965083233
2012-09-03,0.0023829243348025956,-0.0,-0.0,-0.0,-0.0,-0.0,-0.0,-0.006337225924507028
2012-09-04,-0.0005018669793705584,-0.0,-0.0,-0.0,-0.0,-0.0,-0.0,-0.0009540059299345538
2012-09-05,-0.009001951852522672,-0.009067058023711582,-0.007268632496412468,-0.0,-0.0,-0.0,-0.0,-0.010904147528822739
2012-09-06,-0.0004794138060054031,-0.0003,-0.0002404958414538876,-0.0,-0.0,-0.0,-0.0,8.640731869991036e-05
2012-09-07,0.002363579789125177,0.0,0.0,0.0,0.0,0.0,0.0,0.022012387578941084
2012-09-10,-0.0022552404338135545,-0.002127554442491719,-0.0013994960449589615,0.0,0.0,0.0,0.0,-0.00025702922647963256
2012-09-11,-0.0005808124437319484,-0.0003,-0.00019733869324442568,-0.0,-0.0,-0.0,-0.0,-0.006989248791734681
2012-09-12,-0.007680407214550549,0.0,0.0,0.0,0.0,0.0,0.0,0.017324116837830417
2012-09-13,0.0002920490971840243,0.0,0.0,0.0,0.0,0.0,0.0,0.003927520864035028
2012-09-14,-0.0032465583001668064,0.0,0.0,0.0,0.0,0.0,0.0,0.018258645012058317
2012-09-18,0.0018947464382045671,0.0017579046857630393,-0.0,-0.0,-0.0,-0.0,-0.0,-0.0038889182090399155
2012-09-19,0.003362892646598281,0.003362892646598281,0.0,0.0,0.0,0.0,0.0,0.011885485414343089
2012-09-20,-0.00965180133516707,-0.00965180133516707,-0.008402284873502806,-0.0,-0.0,-0.0,-0.0,-0.015730739747252476
2012-09-21,-0.00030903152685500735,-0.0003,-0.0002570551164615472,-0.0,-0.0,-0.0,-0.0,0.0025332431745797024
2012-09-24,-3.466884335218813e-05,-0.0,-0.0,-0.0,-0.0,-0.0,-0.0,-0.004468711409165715
2012-09-25,-0.005610398955620061,-0.005575074081504142,0.0,0.0,0.0,0.0,0.0,0.002453334263670781
2012-09-26,0.0017351323553339063,-0.00024022467381807922,-0.0,-0.0,-0.0,-0.0,-0.0,-0.020330971755700533
2012-09-27,-0.005782992621394673,-0.005923427751123261,0.0,0.0,0.0,0.0,0.0,0.004846904120306972
2012-09-28,-0.013423900310943112,-0.013423900310943112,-0.010721513811169063,-0.0,-0.0,-0.0,-0.0,-0.008906270135074168
2012-10-01,0.0009211445234558537,0.0009211445234558537,-0.00024256207243348492,-0.0,-0.0,-0.0,-0.0,-0.008303163564989835
2012-10-02,0.0006157225234262546,-0.00020289879491151727,-0.0,-0.0,-0.0,-0.0,-0.0,-0.0011891035440414477
2012-10-03,0.0020564276328148214,0.002005968787748777,-0.0,-0.0,-0.0,-0.0,-0.0,-0.004459306328891577
2012-10-04,0.0042367027250098405,0.0042367027250098405,0.004420408497958406,0.0035269371460259296,0.0,0.0035269371460259296,0.003766299898200635,0.008885432791528647
2012-10-05,-0.0005907355430523,-0.0003,-0.0003,-0.0002393627521747052,0.0,-0.0002393627521747052,0.0,0.004386601714403415
2012-10-09,-0.004883725740972444,-0.004834448024666722,-0.0,-0.0,-0.0,-0.0,-0.0,-0.010572807306815868
2012-10-10,0.005748522508932427,0.005748522508932427,0.005979292896281041,0.0039003324894406706,-0.0,0.0039003324894406706,0.004096024482980571,-0.019768242083015086
2012-10-11,0.00016937609578434806,-0.0003,-0.0003,-0.00019569199353990023,0.0,-0.00019569199353990023,0.0,-0.00575254415202886
2012-10-12,0.006928436600429976,0.006968947786136763,-0.0,-0.0,-0.0,-0.0,-0.0,-0.0014812778432301554
2012-10-15,0.006509427683595728,0.006509427683595728,0.006685187562156858,0.0,0.0,0.0,0.0,0.005133460709589643
2012-10-16,0.0055425150069887625,0.0055425150069887625,-0.00029655269263379255,0.0,0.0,0.0,0.0,0.014383410369088523
2012-10-17,0.0032543448690598525,0.0032543448690598525,0.002448488454849801,0.0,0.0,0.0,0.0,0.012094758096420799
2012-10-18,-0.011436677624005864,-0.011436677624005864,-0.007004182045881206,0.0,0.0,0.0,0.0,0.02002038832292241
2012-10-19,0.004767964838845549,0.004767964838845549,-0.00018213145421898134,0.0,0.0,0.0,0.0,0.00220635022273874
2012-10-22,-0.003016734554357743,-0.0002429753685773583,0.0,0.0,0.0,0.0,0.0,0.0008919870212253933
2012-10-23,0.002664519035162838,-0.0,-0.0,-0.0,-0.0,-0.0,-0.0,0.00039287015982614193
2012-10-24,0.005072107690661069,0.005216874624352388,0.0,0.0,0.0,0.0,0.0,-0.006650602691571694
2012-10-25,-0.005683351532361327,-0.00025214150699938605,0.0,0.0,0.0,0.0,0.0,0.011268373052707004
2012-10-26,0.009883851185515229,0.009745927323374846,-0.0,-0.0,-0.0,-0.0,-0.0,-0.013488451096114629
2012-10-29,-0.0038023653112083246,-0.0038023653112083246,-0.0035146137121220655,-0.0,-0.0,-0.0,-0.0,-0.0004164000623998465
2012-10-30,-0.001426603100414635,-0.0003,-0.00029392168704156594,-0.0,-0.0,-0.0,-0.0,-0.009783408015447637
2012-10-31,0.00025313126056802834,0.0,0.0,0.0,0.0,0.0,0.0,0.009761339172546402
2012-11-01,0.0012042335514916996,0.0011634025294468189,0.0,0.0,0.0,0.0,0.0,0.0020810343350976535
2012-11-02,-0.00032166314693254775,-0.00024977496134465473,0.0,0.0,0.0,0.0,0.0,0.011663252959773995
2012-11-05,0.00039530261160638234,0.00043669588532010446,0.00023617328339161514,0.0,0.0,0.0,0.0,-0.0048368394755152755
2012-11-06,0.0010051570122961324,0.0010051570122961324,0.0005498498416752698,-0.0,-0.0,-0.0,-0.0,-0.003584818496947917
2012-11-07,0.0020654174734071164,-0.0003,-0.00016368040769208656,-0.0,-0.0,-0.0,-0.0,-0.0002518890591362011
2012-11-08,-0.0031676276901666787,-0.0030614930490578678,-0.0,-0.0,-0.0,-0.0,-0.0,-0.015127708367185466
2012-11-09,-0.001134750733879311,-0.0002400580031355665,0.0,0.0,0.0,0.0,0.0,-0.009001858940229424
2012-11-12,0.002688499407281817,0.002554734357405908,0.002554734357405908,0.002554734357405908,0.001339576497085646,0.002554734357405908,0.002854734357405908,-0.009267285935362857
2012-11-13,0.001622583849633385,-0.0003,-0.0003,-0.0003,-0.00015730518046258156,-0.0003,-0.0,-0.0017738409114570475
2012-11-14,0.0001186419206062379,0.0002151037717594509,0.0002151037717594509,0.0002151037717594509,0.00016880967752724938,0.0002151037717594509,0.0005151037717594509,0.00042496742837205836
2012-11-15,-0.0146811864173987,-0.0146811864173987,-0.0003,-0.0003,-0.0002354347524636082,-0.0003,0.0,0.01904147606293649
2012-11-16,-0.0035895130861698277,-0.0002922046148707464,0.0,0.0,0.0,0.0,0.0,0.02202113268698258
2012-11-19,0.000933674027090692,0.001005143013419885,0.0009242446291196696,0.0,0.0,0.0,0.0,0.0142993959358233
2012-11-20,0.005464114697008738,0.005464114697008738,0.00548826003251427,0.005418193223953231,-0.0,0.005418193223953231,0.005700189341766343,-0.0011537546049095182
2012-11-21,0.0002487566812111023,0.0002487566812111023,-0.0003,-0.00028199611781311247,0.0,-0.00028199611781311247,0.0,0.008737070023989268
2012-11-22,-0.00050220710147938,-0.00025175819183781786,0.0,0.0,0.0,0.0,0.0,0.015644344579440972
2012-11-26,-0.0003821766161467085,-0.0,-0.0,-0.0,-0.0,-0.0,-0.0,0.002363734195420797
2012-11-27,-0.00074354428866482,0.0,0.0,0.0,0.0,0.0,0.0,0.003659558313029221
2012-11-28,-0.004911345409944175,-0.004873981765509344,-0.0,-0.0,-0.0,-0.0,-0.0,-0.012198507709085038
2012-11-29,0.0031605546155794974,0.0031605546155794974,0.0029645567663838194,0.0017070057390287153,0.0,0.0017070057390287153,0.0018797471510048735,0.009940567052220128
2012-11-30,-0.0003083350482788956,-0.0003,-0.0003,-0.00017274141197615815,-0.0,-0.00017274141197615815,-0.0,0.004800602004819909
2012-12-03,-0.0030549517705172682,-0.0030435637456662,-0.0022682086650729094,-0.0,-0.0,-0.0,-0.0,0.001288366429525345
2012-12-04,-0.0013716827845337506,-0.0013716827845337506,-0.0002235742886906177,0.0,0.0,0.0,0.0,-0.0027193104183135253
2012-12-05,-0.008705494883311777,-0.008705494883311777,0.0,0.0,0.0,0.0,0.0,0.003856881763947051
2012-12-06,0.0003382952369566359,0.0003382952369566359,0.0,0.0,0.0,0.0,0.0,0.008060154544738296
2012-12-07,-0.0009224096060048554,-0.00026510065077568024,-0.0,-0.0,-0.0,-0.0,-0.0,-0.001861729664207279
2012-12-10,-0.0008550880937875672,-0.0,-0.0,-0.0,-0.0,-0.0,-0.0,0.0006675859597642386
2012-12-11,-0.0018925183041644013,-0.0018478207189469905,-0.0012117331832075715,0.0,0.0,0.0,0.0,-0.0008841943096892235
2012-12-12,0.001996251586293136,0.001996251586293136,-0.00019672901772063093,-0.0,-0.0,-0.0,-0.0,0.005893728147265298
2012-12-13,-0.001174933443046258,-0.00023914175308951006,0.0,0.0,0.0,0.0,0.0,0.016831517166484122
2012-12-14,-0.0007517121074369954,0.0,0.0,0.0,0.0,0.0,0.0,-0.0005307442768827109
2012-12-17,0.0002546140298245012,-0.0,-0.0,-0.0,-0.0,-0.0,-0.0,0.009378151870661044
2012-12-18,0.00721421912310888,0.007227731359571632,0.007227731359571632,0.004678418654992584,0.0,0.004678418654992584,0.004872604842424563,0.009576867754493845
2012-12-19,-0.009182950281782912,-0.009182950281782912,-0.0003,-0.00019418618743197977,0.0,-0.00019418618743197977,0.0,0.02392324814819413
2012-12-20,0.005222001717108987,0.005222001717108987,0.003445437070107998,-0.0,-0.0,-0.0,-0.0,-0.011915899752504955
2012-12-21,0.007235772447393237,-0.0003,-0.00020555806686228968,-0.0,-0.0,-0.0,-0.0,-0.009888160568482851
2012-12-25,-0.00027344952576007875,-0.0,-0.0,-0.0,-0.0,-0.0,-0.0,0.01409051383286597
2012-12-26,0.0014790761630562943,0.0,0.0,0.0,0.0,0.0,0.0,0.014904607547168824
2012-12-27,-0.0030383218666145666,-0.0029925695665840354,-0.0029925695665840354,-0.0029925695665840354,-0.0015105628360867428,-0.0029925695665840354,-0.0026925695665840355,0.009053455988317527
2012-12-28,-0.001047235905995393,-0.001047235905995393,-0.0003,-0.0003,-0.00015143135046424567,-0.0003,-0.0,0.006994028417331988
2013-01-04,-0.004080166892415627,-0.00016310365745601641,0.0,0.0,0.0,0.0,0.0,0.028179470953709762
2013-01-07,-0.008619673937580933,-0.008476093976614675,-0.0,-0.0,-0.0,-0.0,-0.0,-0.008336420845848957
2013-01-08,0.002943748552697474,0.002943748552697474,0.002196047431229504,-0.0,-0.0,-0.0,-0.0,-0.0085810087285203
2013-01-09,0.0028287818026930265,-0.0003,-0.00021058746418362823,0.0,0.0,0.0,0.0,0.006710158209105366
2013-01-10,-0.0010077776836912803,0.0,0.0,0.0,0.0,0.0,0.0,0.007001828578856006
2013-01-11,0.00035270327358631273,0.0,0.0,0.0,0.0,0.0,0.0,0.013980634751344923
2013-01-15,-0.0031395692816715923,-0.0032719838615555175,-0.0,-0.0,-0.0,-0.0,-0.0,0.007175786796046024
2013-01-16,-0.019084148027948552,-0.019084148027948552,-0.019359958264065592,-0.019359958264065592,-0.015667101722073837,-0.019359958264065592,-0.01905995826406559,-0.025612427377731284
2013-01-17,0.004212031507759218,0.004212031507759218,0.002208261686483559,-0.0003,-0.00024277585997414867,-0.0003,-0.0,0.0008678147677936288
2013-01-18,0.010642625878236767,0.010642625878236767,0.005658746352883819,0.0,0.0,0.0,0.0,0.02862115644942942
2013-01-21,-0.017704230927312437,-0.017704230927312437,-0.01670983215662676,-0.0,-0.0,-0.0,-0.0,-0.015170440955116882
2013-01-22,-0.0009103983563423827,-0.0003,-0.0002810929777008624,-0.0,-0.0,-0.0,-0.0,-0.0035179996957935833
2013-01-23,-0.007394431296057339,-0.007432384412247218,-0.0,-0.0,-0.0,-0.0,-0.0,-0.020816145355762816
2013-01-24,-0.01777345652906316,-0.01777345652906316,-0.017516537281219192,-0.01061469032665383,0.0,-0.01061469032665383,-0.010432896000134148,0.012766282777079363
2013-01-25,0.011379901297298756,0.011379901297298756,0.011379901297298756,0.011498106970779074,0.011679901297298756,0.011498106970779074,0.011979901297298756,0.028790510576215622
2013-01-28,-0.016227669491837626,-0.016227669491837626,-0.016227669491837626,-0.008483533072282723,-0.0003,-0.008483533072282723,-0.00833767112260722,-0.009366165902068957
2013-01-29,-0.010449327348312831,-0.010449327348312831,-0.0003,-0.00015413805032449656,0.0,-0.00015413805032449656,0.0,0.003918047241213252
2013-01-30,0.006424241295663598,-0.0002752308622901345,0.0,0.0,0.0,0.0,0.0,0.022751159040724334
2013-01-31,0.006602246658108382,0.006490733435772451,0.0,0.0,0.0,0.0,0.0,0.0022233283848906993
2013-02-01,-0.00028893839088023246,-0.0002766004832947284,-0.0,-0.0,-0.0,-0.0,-0.0,0.004729445621019401
2013-02-04,-0.0007927032812415219,-0.0008350573210155871,0.0,0.0,0.0,0.0,0.0,0.006166354215714431
2013-02-05,0.0012493635489382138,-0.000294736433686324,-0.0,-0.0,-0.0,-0.0,-0.0,-0.01895409067248721
2013-02-06,-0.0016476416968573336,0.0,0.0,0.0,0.0,0.0,0.0,0.037732696631537666
2013-02-07,-0.0035887589154446056,-0.003565185214210706,-0.0,-0.0,-0.0,-0.0,-0.0,-0.009305828153963636
2013-02-08,-0.0009156476336269529,-0.00023161674940064573,-0.0,-0.0,-0.0,-0.0,-0.0,-0.017954468066079476
2013-02-12,-0.0021893395073121044,-0.002091527667548294,0.0,0.0,0.0,0.0,0.0,0.019363118426707127
2013-02-13,-0.007838267657419715,-0.007838267657419715,-0.0054753853853467165,-0.0,-0.0,-0.0,-0.0,-0.01035348028028571
2013-02-14,-0.00029917394279161736,-0.0003,-0.00021720934732710357,0.0,0.0,0.0,0.0,0.0049656102134421065
2013-02-15,0.005517049451930688,0.005517124427760612,0.005517124427760612,0.004294723636179921,-0.0,0.004294723636179921,0.004528254184153612,-0.011802148004237067
2013-02-18,0.003072894378551025,-0.0003,-0.0003,-0.00023353054797369173,0.0,-0.00023353054797369173,0.0,0.02094537302125965
2013-02-19,-0.0007480870037767179,0.0,0.0,0.0,0.0,0.0,0.0,-0.0031145404946335553
2013-02-20,-0.0009515641052580075,-0.0,-0.0,-0.0,-0.0,-0.0,-0.0,0.008436296400360144
2013-02-21,-0.006994695104472738,-0.007143393626112937,-0.0,-0.0,-0.0,-0.0,-0.0,-0.013877441676553692
2013-02-22,0.0050763687335065215,-0.0002468193172024596,0.0,0.0,0.0,0.0,0.0,0.006791905979586899
2013-02-25,0.0012204176173697423,0.0,0.0,0.0,0.0,0.0,0.0,0.024291283031953492
2013-02-26,0.00022221330910254493,-0.0,-0.0,-0.0,-0.0,-0.0,-0.0,-0.02261174870754834
2013-02-27,0.0067993299849987004,-0.0,-0.0,-0.0,-0.0,-0.0,-0.0,-0.012706576318919027
2013-02-28,-0.0013194822122485211,0.0,0.0,0.0,0.0,0.0,0.0,0.0271362579089931
2013-03-01,0.012031802779355378,0.01205704368952173,0.008502344166645505,0.0,0.0,0.0,0.0,0.004067658574520072
2013-03-04,-0.0005091996930076996,-0.0003,-0.00021155295739787026,-0.0,-0.0,-0.0,-0.0,0.003955596552374319
2013-03-05,-0.004468134477050026,-0.0044866458822894525,-0.0044866458822894525,-0.0044866458822894525,-0.0044866458822894525,-0.0044866458822894525,-0.0041866458822894526,0.002674165863151501
2013-03-06,-0.010862412124494302,-0.010862412124494302,-0.010862412124494302,-0.009111069088404847,-0.0003,-0.009111069088404847,-0.008560811789658515,0.021296734421594854
2013-03-07,0.003229048807062689,0.003229048807062689,-0.0003,-0.0002502572987463324,-0.0,-0.0002502572987463324,-0.0,0.0030011513552568037
2013-03-08,-0.01811852782063944,-0.01811852782063944,-0.018293628408196295,-0.012654306267459055,0.0,-0.012654306267459055,-0.012446786370611428,0.026365134340907037
2013-03-11,0.0002488921710431045,-0.0003,-0.0003,-0.00020751989684762715,-0.0,-0.00020751989684762715,-0.0,0.005326580183674823
2013-03-12,0.0006610451789359111,-0.0,-0.0,-0.0,-0.0,-0.0,-0.0,-0.0027727019419747645
2013-03-13,0.0002066233074073749,-0.0,-0.0,-0.0,-0.0,-0.0,-0.0,-0.006102361033959003
2013-03-14,0.003600681996645513,0.003675805764462992,0.0030856831389849586,0.0,0.0,0.0,0.0,0.011563251890227555
2013-03-15,-0.010511053420710525,-0.010511053420710525,-0.007950941350610904,0.0,0.0,0.0,0.0,0.014518778840035829
2013-03-18,-0.012310908939994713,-0.012310908939994713,-0.012237108052338918,-0.00831359032914885,-0.0,-0.00831359032914885,-0.00810593934193341,-0.027093516589772104
2013-03-19,-0.005647725618724907,-0.005647725618724907,-0.005647725618724907,-0.0037231209628622833,0.0,-0.0037231209628622833,-0.0033182569793402906,0.02026086939149785
2013-03-21,0.0016080213426470436,0.0016080213426470436,-0.0003,-0.0001972129963065528,0.0,-0.0001972129963065528,0.0,0.013430932429202125
2013-03-22,-0.007589885054439139,-0.007589885054439139,-0.0,-0.0,-0.0,-0.0,-0.0,-0.023517524262213874
2013-03-25,-0.0032841047507213236,-0.0032841047507213236,0.0,0.0,0.0,0.0,0.0,0.01685206283828089
2013-03-26,-0.00027730037869470154,-0.00027359446184416577,0.0,0.0,0.0,0.0,0.0,-0.005965016744405083
2013-03-27,0.0010771068577019093,0.001079381275135927,0.001079381275135927,0.0005442357839956208,0.0,0.0005442357839956208,0.0006954990483857924,0.0017776296637233013
2013-03-28,-0.009726953400572835,-0.009726953400572835,-0.008257134135591702,-0.00015126326439017154,-0.0,-0.00015126326439017154,-0.0,-0.012632682127003525
2013-03-29,-0.0006142516296797629,-0.0006142516296797629,-0.0006610266333058067,-0.0009142516296797628,-0.0009142516296797628,-0.0009142516296797628,-0.0006142516296797629,0.00502191929194562
2013-04-01,0.00992117247292025,0.00992117247292025,-0.0003,-0.0003,-0.0003,-0.0003,-0.0,-0.021204430560216037
2013-04-02,-0.003383014393169051,-0.003383014393169051,-0.0,-0.0,-0.0,-0.0,-0.0,-0.010843809802788651
2013-04-03,-0.005282547123851323,-0.00022493125974727687,0.0,0.0,0.0,0.0,0.0,0.029888999823618034
2013-04-04,0.011868920091166933,0.0,0.0,0.0,0.0,0.0,0.0,0.022030046387152558
2013-04-05,-0.0038642245520861596,-0.003962861752423807,-0.003962861752423807,-0.003610014749105964,-0.0,-0.003610014749105964,-0.0033367262792093314,0.015758358338288536
2013-04-08,0.00840654037933386,0.00840654037933386,0.00840654037933386,0.007990740287224756,0.0,0.007990740287224756,0.008003052756429187,0.027969477493954953
2013-04-09,-0.004324484512331981,-0.0003,-0.0003,-0.00028560093910106287,-0.0,-0.00028560093910106287,-0.0,-1.8209796396662092e-05
2013-04-10,-0.008852403562828966,-0.008709934661447904,-0.008709934661447904,-0.008709934661447904,-0.008709934661447904,-0.008709934661447904,-0.008409934661447904,0.007260289203481651
2013-04-11,-0.007750862548663973,-0.007750862548663973,-0.007750862548663973,-0.007750862548663973,-0.004448289599875446,-0.007750862548663973,-0.007750862548663973,0.019643868304984657
2013-04-12,0.0016785252254431814,-0.0003,-0.0003,-0.0003,-0.00016702588080701945,-0.0003,-0.0,-0.004725053588134687
2013-04-15,-0.005608214971975409,-0.005515837579094621,-0.0,-0.0,-0.0,-0.0,-0.0,-0.015534098841295418
2013-04-16,-0.013395117427594513,-0.013395117427594513,0.0,0.0,0.0,0.0,0.0,-0.004084145415320428
2013-04-17,-0.0007761847696946413,-0.0002540451947451087,0.0,0.0,0.0,0.0,0.0,0.012211167127258005
2013-04-18,-0.003497240296353562,-0.003454088963993216,-0.0,-0.0,-0.0,-0.0,-0.0,-0.012166231674525574
2013-04-19,0.003566453206388528,0.003566453206388528,0.0018571714656655702,0.0,0.0,0.0,0.0,0.007292711307203881
2013-04-22,0.0023047797650883606,0.0023047797650883606,0.002172523862519039,0.0012596632978621766,0.0,0.0012596632978621766,0.001448162302061771,0.018915632327071163
2013-04-23,0.000577446492583556,0.000577446492583556,0.0005168230617623462,-0.00018849900419959446,-0.0,-0.00018849900419959446,-0.0,-0.002853675587272786
2013-04-24,-0.011410571302692851,-0.011410571302692851,-0.006226792212337953,0.0,0.0,0.0,0.0,0.023194211324924163
2013-04-25,0.0011804968999934188,0.0011804968999934188,-0.0001605908267031543,0.0,0.0,0.0,0.0,0.005968169620935271
2013-04-26,0.0031463072551933375,0.0031463072551933375,-0.0,-0.0,-0.0,-0.0,-0.0,-0.003012347701374707
2013-04-30,-0.00019913822706433843,-0.00015384341203280878,0.0,0.0,0.0,0.0,0.0,-0.0016759805221071566
2013-05-01,0.001306915205534376,-0.0,-0.0,-0.0,-0.0,-0.0,-0.0,-0.004437729017345293
2013-05-02,0.0022656978333530473,0.0021192726829845857,0.0010823143763942942,-0.0,-0.0,-0.0,-0.0,-0.007631487953675298
2013-05-07,-0.015773607718627236,-0.015773607718627236,-0.01592039746138888,-0.009628425223687653,0.0,-0.009628425223687653,-0.00944871898612912,0.0355045110081178
2013-05-08,0.005703816031317355,0.005703816031317355,0.0027161863651438563,-0.000179706237558533,0.0,-0.000179706237558533,0.0,0.007436418112076293
2013-05-09,0.011613429028225531,0.011613429028225531,0.011762715564517913,0.011913429028225531,0.009421803060729282,0.011913429028225531,0.012213429028225531,-0.006594708278272576
2013-05-10,-0.010955579817331973,-0.010955579817331973,-0.010955579817331973,-0.006296524475462961,-0.00023725670514526825,-0.006296524475462961,-0.006165352204547471,0.02931755930811253
2013-05-13,-0.0006162536394675751,-0.0003,-0.0003,-0.0001688277290845094,0.0,-0.0001688277290845094,0.0,0.011957517926215466
2013-05-14,0.0038797995884639583,0.0038032042936260854,-0.0,-0.0,-0.0,-0.0,-0.0,-0.0016093695817720466
2013-05-15,-0.0011608240862988732,-0.00028331631007969395,0.0,0.0,0.0,0.0,0.0,0.022875778934985602
2013-05-16,-0.0037949733186051515,-0.003764487109650614,-0.0,-0.0,-0.0,-0.0,-0.0,-0.003894403892786613
2013-05-17,-0.014633819313709648,-0.014633819313709648,-0.014131045889029789,0.0,0.0,0.0,0.0,0.006708670024562657
2013-05-20,9.188408093925614e-05,-0.0003,-0.00029271129328518533,0.0,0.0,0.0,0.0,0.014710509059322474
2013-05-21,-0.0062922999785899976,-0.006273537192069594,0.0,0.0,0.0,0.0,0.0,0.001315683320269656
2013-05-22,0.0035448117307202488,-0.00023780749156696848,0.0,0.0,0.0,0.0,0.0,0.016009357108916378
2013-05-23,0.07940048802090396,0.07949679533234807,0.0664490267072948,-0.0,-0.0,-0.0,-0.0,-0.07315929433705648
2013-05-24,0.0037552848663909484,-0.0003,-0.00025076115243197476,-0.0,-0.0,-0.0,-0.0,0.008869780433609531
2013-05-27,0.01592756934363689,0.015782705700304787,0.010691488790013292,-0.0,-0.0,-0.0,-0.0,-0.03215065224572711
2013-05-28,0.00032003525513430396,-0.0003,-0.00020322539733741893,0.0,0.0,0.0,0.0,0.011973008838374932
2013-05-29,0.01115323841780734,0.01116036039125975,0.01095215712193736,-0.0,-0.0,-0.0,-0.0,0.0010117043004016502
2013-05-30,0.00555533329836231,-0.0003,-0.0002944033186557637,-0.0,-0.0,-0.0,-0.0,-0.05147326621584636
2013-05-31,-0.0006763165865662404,-0.0,-0.0,-0.0,-0.0,-0.0,-0.0,0.013651435157048475
2013-06-03,-0.021589536594164675,-0.02166612351461198,-0.013520559968770812,-0.0,-0.0,-0.0,-0.0,-0.03722227567007719
2013-06-04,-0.008023408980490865,-0.0003,-0.00018721244655951945,0.0,0.0,0.0,0.0,0.02050543942815164
2013-06-05,-0.005345423644727129,-0.0,-0.0,-0.0,-0.0,-0.0,-0.0,-0.03834039154111857
2013-06-06,0.0001517352402536334,-0.0,-0.0,-0.0,-0.0,-0.0,-0.0,-0.008517225676429208
2013-06-07,0.009796117773170184,0.009838528023879127,0.0,0.0,0.0,0.0,0.0,-0.0020527912057440867
2013-06-10,0.006159006671783264,-0.00022415944367929822,0.0,0.0,0.0,0.0,0.0,0.04944037469577989
2013-06-11,0.001407397102743772,-0.0,-0.0,-0.0,-0.0,-0.0,-0.0,-0.014546186624731616
2013-06-12,-0.0009222610087239574,0.0,0.0,0.0,0.0,0.0,0.0,-0.002124989633168539
2013-06-13,0.0027889656746483186,-0.0,-0.0,-0.0,-0.0,-0.0,-0.0,-0.06350516127553085
2013-06-14,0.0006831203901912312,0.0007015324188497657,0.0,0.0,0.0,0.0,0.0,0.019375836712748562
2013-06-17,0.01482607834218519,-0.00019295140508157214,0.0,0.0,0.0,0.0,0.0,0.02732038405677284
2013-06-18,-8.183626161266562e-05,-0.0,-0.0,-0.0,-0.0,-0.0,-0.0,-0.0019826291415763198
2013-06-19,9.935639468498328e-06,0.0,0.0,0.0,0.0,0.0,0.0,0.018292790508320333
2013-06-20,0.0007676525157605704,-0.0,-0.0,-0.0,-0.0,-0.0,-0.0,-0.017413048118406493
2013-06-21,-0.0025444098788905255,0.0,0.0,0.0,0.0,0.0,0.0,0.016562178986458287
2013-06-24,-0.004662542286162544,-0.0,-0.0,-0.0,-0.0,-0.0,-0.0,-0.012649128229074047
2013-06-25,-0.0025340880278364084,-0.0,-0.0,-0.0,-0.0,-0.0,-0.0,-0.007153180849065244
2013-06-26,-0.00572855375254061,-0.0,-0.0,-0.0,-0.0,-0.0,-0.0,-0.010434615775005374
2013-06-27,0.0038950502731826785,0.0,0.0,0.0,0.0,0.0,0.0,0.0295729897353727
2013-06-28,-0.0021445847430463408,0.0,0.0,0.0,0.0,0.0,0.0,0.035098101166423756
2013-07-01,0.0042402869627237855,0.004268401852603542,0.0,0.0,0.0,0.0,0.0,0.012808041597146769
2013-07-02,-0.004720783526632559,-0.00017316157031496327,0.0,0.0,0.0,0.0,0.0,0.017775869653492204
2013-07-03,-0.001971789282899216,-0.0,-0.0,-0.0,-0.0,-0.0,-0.0,-0.0030627320841913885
2013-07-04,0.0009085536186545346,0.0,0.0,0.0,0.0,0.0,0.0,-0.002606077874684365
2013-07-05,0.002600003090005494,0.0,0.0,0.0,0.0,0.0,0.0,0.02076050351561487
2013-07-08,0.009757370798726312,-0.0,-0.0,-0.0,-0.0,-0.0,-0.0,-0.01402028701990099
2013-07-09,0.007801907128186571,0.007915110360520814,0.0,0.0,0.0,0.0,0.0,0.025767367637405503
2013-07-10,-0.0006383781265306187,-0.0001960197269923813,-0.0,-0.0,-0.0,-0.0,-0.0,-0.003890082825863228
2013-07-11,0.004291962036466717,0.0,0.0,0.0,0.0,0.0,0.0,0.003883056356340564
2013-07-12,0.0005635627171558242,0.0,0.0,0.0,0.0,0.0,0.0,0.002326462986782296
2013-07-16,8.439789333414194e-06,0.0,0.0,0.0,0.0,0.0,0.0,0.0064020761525205305
2013-07-17,-0.00023808833377709279,0.0,0.0,0.0,0.0,0.0,0.0,0.0010904713261628007
2013-07-18,0.003127512843789017,0.0,0.0,0.0,0.0,0.0,0.0,0.013237046249646056
2013-07-19,-0.0055006435344607425,-0.0,-0.0,-0.0,-0.0,-0.0,-0.0,-0.01476110637471717
2013-07-22,-0.0012364969178901752,-0.0,-0.0,-0.0,-0.0,-0.0,-0.0,0.004669657460729004
2013-07-23,-0.0017264939045093391,0.0,0.0,0.0,0.0,0.0,0.0,0.008218679048594302
2013-07-24,0.000275467958050283,0.00030768672115372034,0.0,0.0,0.0,0.0,0.0,-0.003195822375633317
2013-07-25,-0.0004546621729116907,-0.00018806387421691056,-0.0,-0.0,-0.0,-0.0,-0.0,-0.011428102840528975
2013-07-26,-0.007809442340792262,-0.00781600021821371,-0.0,-0.0,-0.0,-0.0,-0.0,-0.02972954124207705
2013-07-29,-0.005328035630704046,-0.0001573293013654813,-0.0,-0.0,-0.0,-0.0,-0.0,-0.033181262137935374
2013-07-30,0.005807535757133375,0.0,0.0,0.0,0.0,0.0,0.0,0.01527622030371445
2013-07-31,-8.312253138138047e-05,-0.0,-0.0,-0.0,-0.0,-0.0,-0.0,-0.014527945961808952
2013-08-01,0.01253750300735387,0.012538706256071633,0.0,0.0,0.0,0.0,0.0,0.024688418988937144
2013-08-02,0.016923772229532463,0.016923772229532463,0.0,0.0,0.0,0.0,0.0,0.03287149799036504
2013-08-05,-0.0015473450443866093,-0.00025178841156505625,-0.0,-0.0,-0.0,-0.0,-0.0,-0.014386686925872527
2013-08-06,0.0031937459429242695,0.0,0.0,0.0,0.0,0.0,0.0,0.010030798823553067
2013-08-07,-0.0057772236657028546,-0.0,-0.0,-0.0,-0.0,-0.0,-0.0,-0.040005330011456786
2013-08-08,0.010530192240749964,0.01060418942600544,-0.0,-0.0,-0.0,-0.0,-0.0,-0.015868484966770957
2013-08-09,-0.002552495089325419,-0.002552495089325419,-0.0,-0.0,-0.0,-0.0,-0.0,0.0007078620563327753
2013-08-12,-0.0010827839324735002,-0.00015081782540136805,0.0,0.0,0.0,0.0,0.0,-0.0070333751615179185
2013-08-13,0.007533694754344905,0.007603733122276399,0.0,0.0,0.0,0.0,0.0,0.025708947827981277
2013-08-14,-0.0015008188878027555,-0.00018761125180642398,0.0,0.0,0.0,0.0,0.0,0.013208347605826676
2013-08-15,0.0020558179617722024,-0.0,-0.0,-0.0,-0.0,-0.0,-0.0,-0.021154187799794277
2013-08-16,-0.00888848109191837,-0.008982729861237304,-0.005142404036091708,0.0,0.0,0.0,0.0,-0.007476952194385156
2013-08-19,0.0023654486820904414,-0.0003,-0.00017174302630258706,0.0,0.0,0.0,0.0,0.007913454797648267
2013-08-20,0.005011705416536539,-0.0,-0.0,-0.0,-0.0,-0.0,-0.0,-0.02629354447743082
2013-08-21,-0.00022804518010317601,-0.0,-0.0,-0.0,-0.0,-0.0,-0.0,0.0020863991284958416
2013-08-22,0.0005351966751088703,0.0,0.0,0.0,0.0,0.0,0.0,-0.004406935460146477
2013-08-23,-0.002525356456926081,0.0,0.0,0.0,0.0,0.0,0.0,0.022100720345429092
2013-08-26,0.00010885069733114101,-0.0,-0.0,-0.0,-0.0,-0.0,-0.0,-0.0017766145284776602
2013-08-27,0.00040317190250505915,0.00039215288154667046,0.00039215288154667046,0.00026082848994099566,-0.0,0.00026082848994099566,0.00046036431044467913,-0.00688678689253186
2013-08-28,-0.004021796443085979,-0.004021796443085979,-0.004021796443085979,-0.0030193193022419857,0.0,-0.0030193193022419857,-0.002995416432483299,-0.01505719859119814
2013-08-29,-0.005735638592743619,-0.005735638592743619,-0.005735638592743619,-0.005812199902481249,-0.00320381007175456,-0.005812199902481249,-0.005735638592743619,0.009090254823652
2013-08-30,-0.014184072751143594,-0.014184072751143594,-0.014184072751143594,-0.014184072751143594,-0.014043317378991576,-0.014184072751143594,-0.013584072751143594,-0.005263828832910877
2013-09-02,-0.0009645808579779695,-0.0003,-0.0003,-0.0003,-0.0003,-0.0003,0.0,0.01374721712524396
2013-09-03,0.0012340107645207065,0.0,0.0,0.0,0.0,0.0,0.0,0.029877175298067993
2013-09-04,0.001109422089664476,0.0,0.0,0.0,0.0,0.0,0.0,0.005396144718676998
2013-09-05,-0.0056049799536290745,-0.005630892191858005,-0.005630892191858005,-0.004228930141095068,-0.0,-0.004228930141095068,-0.004003623209422149,0.0007791587101055875
2013-09-06,-0.0006135091680618229,-0.0003,-0.0003,-0.0002253069316729182,-0.0,-0.0002253069316729182,-0.0,-0.014505037224413542
2013-09-09,-0.0047895674683535745,-0.004783635473801151,0.0,0.0,0.0,0.0,0.0,0.02484854125513647
2013-09-10,0.006708642973921564,0.006708642973921564,0.004351556248374538,0.0,0.0,0.0,0.0,0.015355603226034464
2013-09-11,-0.0024509541146368217,-0.0003,-0.00018628344807037646,-0.0,-0.0,-0.0,-0.0,0.00011855496193824422
2013-09-12,-0.0009246028431335537,-0.0010383617809942899,-0.0010383617809942899,-0.0007123166326709418,-0.0,-0.0007123166326709418,-0.000506516502395868,-0.0026204919928358716
2013-09-13,0.006144553239391115,0.006144553239391115,0.003096459182256907,-0.00020580013027507384,0.0,-0.00020580013027507384,0.0,0.0012094296688613948
2013-09-17,0.00848910579610253,0.00848910579610253,-0.00015810836171683822,-0.0,-0.0,-0.0,-0.0,-0.006456239573998879
2013-09-18,0.005939019159885458,0.005939019159885458,0.005939665659884462,0.0,0.0,0.0,0.0,0.0135337406986622
2013-09-19,-0.006443116985404517,-0.006443116985404517,-0.006430085067157833,-0.006143116985404517,-0.006143116985404517,-0.006143116985404517,-0.005843116985404517,0.01798089324333163
2013-09-20,-0.004600889629058868,-0.004600889629058868,-0.0033878134209414917,-0.0003,-0.0003,-0.0003,-0.0,-0.0016090665377120894
2013-09-24,0.0072863408151062625,0.0072863408151062625,0.005152117103831306,0.0,0.0,0.0,0.0,-0.0006653975646118138
2013-09-25,0.0029522684248035934,0.0029522684248035934,-0.00021225653514699036,-0.0,-0.0,-0.0,-0.0,-0.007607618436274777
2013-09-26,0.016444854384599767,0.016444854384599767,0.016158778372282922,0.0,0.0,0.0,0.0,0.012215004545660157
2013-09-27,-0.002966762418757707,-0.002966762418757707,-0.0029748738502721707,-0.0021020924660753787,-0.0,-0.0021020924660753787,-0.0019090488164357363,-0.0026386571889600585
2013-09-30,-0.003395738757424732,-0.003395738757424732,-0.0003,-0.0001930436496396424,-0.0,-0.0001930436496396424,-0.0,-0.02061443484824188
2013-10-01,0.0017994807276850567,0.0017994807276850567,0.0019910033705509925,0.0019910033705509925,0.0017037565777753131,0.0019910033705509925,0.0022910033705509925,0.002000575704266705
2013-10-02,-0.022817020167194845,-0.022817020167194845,-0.022817020167194845,-0.01822329614402835,-0.0002567182863136711,-0.01822329614402835,-0.01768449950027696,-0.021693860711109014
2013-10-03,-0.0018121297508549399,-0.0018121297508549399,-0.0017908202777776982,-0.00023879664375139062,0.0,-0.00023879664375139062,0.0,-0.0009343525986759138
2013-10-04,-0.0003535287734756814,-0.0003,-0.00029577229274170547,-0.0,-0.0,-0.0,-0.0,-0.00939027209998411
2013-10-07,0.002879245046130665,-0.0,-0.0,-0.0,-0.0,-0.0,-0.0,-0.012192347648575907
2013-10-08,-0.005192519470214119,-0.005253649402968105,0.0,0.0,0.0,0.0,0.0,0.002980515726994648
2013-10-09,-0.01807153985911709,-0.01807153985911709,-0.018280578643759905,-0.018280578643759905,-0.018280578643759905,-0.018280578643759905,-0.017980578643759904,0.010308276991113585
2013-10-10,0.0011356075409346658,-0.0003,-0.0003,-0.0003,-0.0003,-0.0003,0.0,0.011174804594835441
2013-10-11,0.001702561418236955,0.00163717741587629,0.00163717741587629,0.00163717741587629,0.00163717741587629,0.00163717741587629,0.00193717741587629,0.014796376538547262
2013-10-15,0.00011349477795571234,-0.0003,-0.0003,-0.0003,-0.0003,-0.0003,-0.0,0.0025547010281852245
2013-10-16,-4.955929559939241e-05,0.0,0.0,0.0,0.0,0.0,0.0,0.00177263708065456
2013-10-17,-0.0033475804076558693,-0.0033443741532984636,-0.0,-0.0,-0.0,-0.0,-0.0,0.008251120821965108
2013-10-18,0.001369842625730363,0.001369842625730363,0.0014158366731420247,-0.0,-0.0,-0.0,-0.0,-0.0017118369619403273
2013-10-21,0.004155189763851142,0.004155189763851142,0.002653333880342613,0.0,0.0,0.0,0.0,0.00906705424586396
2013-10-22,0.0024643813130724723,0.0024643813130724723,0.0013325690832859602,0.0,0.0,0.0,0.0,0.0013393400706196434
2013-10-23,0.023639069924004042,0.023639069924004042,0.022010658274386027,-0.0,-0.0,-0.0,-0.0,-0.01951983384449396
2013-10-24,0.004467004966649043,-0.0003,-0.0002779127393500432,0.0,0.0,0.0,0.0,0.00418412194465656
2013-10-25,-0.015395551544837098,-0.015544892427890353,-0.0,-0.0,-0.0,-0.0,-0.0,-0.027489193131170042
2013-10-28,-0.008406007494946957,-0.008406007494946957,0.0,0.0,0.0,0.0,0.0,0.021851607622103142
2013-10-29,0.0020541904790753514,0.0020541904790753514,0.0016303899838936199,0.0,0.0,0.0,0.0,-0.004866586236381587
2013-10-30,0.00195575128761873,0.00195575128761873,-0.00021194968443827747,0.0,0.0,0.0,0.0,0.012311139262664916
2013-10-31,-0.0009440084135656948,-0.0002329562514387922,-0.0,-0.0,-0.0,-0.0,-0.0,-0.012026270527553229
2013-11-01,0.005633381417151953,-0.0,-0.0,-0.0,-0.0,-0.0,-0.0,-0.008819838259912172
2013-11-05,-0.0018612952309481502,-0.0,-0.0,-0.0,-0.0,-0.0,-0.0,0.0016758572583026599
2013-11-06,0.012630837813684017,0.012555200127381172,0.011174717655120299,0.0,0.0,0.0,0.0,0.007869001101753481
2013-11-07,0.0030107358445128586,-0.0003,-0.00026701408679459683,-0.0,-0.0,-0.0,-0.0,-0.007593414935423426
2013-11-08,-0.0025987521756357145,-0.002714849827376779,0.0,0.0,0.0,0.0,0.0,-0.009954754050519043
2013-11-11,-0.0005911471058811075,-0.0005911471058811075,-0.00026193229337132814,-0.0,-0.0,-0.0,-0.0,0.012993727574774683
2013-11-12,-0.010426316670469019,-0.0003,-0.00018936767809785395,0.0,0.0,0.0,0.0,0.022343617534687832
2013-11-13,0.002254359347124625,0.0023975847572041634,0.0023975847572041634,0.001751578750507732,0.0,0.001751578750507732,0.0019707466541963913,-0.0014750842235873307
2013-11-14,0.0029372539608245396,-0.0003,-0.0003,-0.00021916790368865923,0.0,-0.00021916790368865923,0.0,0.0212292579118325
2013-11-15,-0.00804900646335709,-0.00798277827100432,0.0,0.0,0.0,0.0,0.0,0.019460996475911818
2013-11-18,0.004647018420027202,0.004647018420027202,-0.0,-0.0,-0.0,-0.0,-0.0,-0.00010682617314650145
2013-11-19,-0.00018615971956095073,-0.00024033410323471413,0.0,0.0,0.0,0.0,0.0,-0.0024887554889500008
2013-11-20,0.0024892936430989904,-0.0,-0.0,-0.0,-0.0,-0.0,-0.0,-0.0033371429869996083
2013-11-21,0.0031790191183481177,0.0,0.0,0.0,0.0,0.0,0.0,0.01920389980350956
2013-11-22,0.0017171813004264796,-0.0,-0.0,-0.0,-0.0,-0.0,-0.0,0.0010491043367852892
2013-11-25,0.0017706774920447001,0.0,0.0,0.0,0.0,0.0,0.0,0.015434565215748819
2013-11-26,0.0005340121529959223,0.0004561385736383165,0.0,0.0,0.0,0.0,0.0,-0.006651436361498009
2013-11-27,0.0022232830895866904,0.0022232830895866904,0.0014688609752061916,0.0,0.0,0.0,0.0,-0.0042287680094785784
2013-11-28,0.005195694173713552,0.005195694173713552,-0.00022280839777872184,0.0,0.0,0.0,0.0,0.017960963238588867
2013-11-29,-0.0003339488398107358,-0.00023496892151183047,0.0,0.0,0.0,0.0,0.0,-0.004148884189464019
2013-12-02,2.0225484631367877e-05,-0.0,-0.0,-0.0,-0.0,-0.0,-0.0,-0.0004341630109701011
2013-12-03,-9.02580996086666e-05,0.0,0.0,0.0,0.0,0.0,0.0,0.006042121936333578
2013-12-04,-0.00019029140467108414,-0.0,-0.0,-0.0,-0.0,-0.0,-0.0,-0.021696958738941063
2013-12-05,0.0036438572677690894,-0.0,-0.0,-0.0,-0.0,-0.0,-0.0,-0.014956586596640564
2013-12-06,-0.002908160448034607,0.0,0.0,0.0,0.0,0.0,0.0,0.008062605562436653
2013-12-09,0.0007116288370066079,0.0,0.0,0.0,0.0,0.0,0.0,0.02289887628544407
2013-12-10,0.00011852579055747592,-0.0,-0.0,-0.0,-0.0,-0.0,-0.0,-0.0024856146161676973
2013-12-11,-0.0005525772028919709,-0.0005942132381826628,0.0,0.0,0.0,0.0,0.0,-0.006165402048207147
2013-12-12,-0.0028912176821189834,-0.0028912176821189834,-0.0019908690431107495,-0.0,-0.0,-0.0,-0.0,-0.011165877709163774
2013-12-13,-0.006229126089172764,-0.006229126089172764,-0.00615808489044558,-0.005519915314058102,0.0,-0.005519915314058102,-0.005240620428216254,0.003994965252758442
2013-12-16,0.011294219300690505,0.011294219300690505,-0.0003,-0.0002792948858418481,-0.0,-0.0002792948858418481,-0.0,-0.01624348521836827
2013-12-17,0.000525326503704654,0.000525326503704654,-0.0,-0.0,-0.0,-0.0,-0.0,0.0082967380698582
2013-12-18,-0.01686807411858019,-0.01686807411858019,0.0,0.0,0.0,0.0,0.0,0.02023544808967448
2013-12-19,0.0011372087625481427,-0.00024518026231039813,0.0,0.0,0.0,0.0,0.0,0.01741233049409452
2013-12-20,-0.002014117687679966,0.0,0.0,0.0,0.0,0.0,0.0,0.0007062261262287262
2013-12-24,0.0013860842659888487,-0.0,-0.0,-0.0,-0.0,-0.0,-0.0,0.0011915347132016585
2013-12-25,-0.0076732669773234095,-0.007773278119702547,0.0,0.0,0.0,0.0,0.0,0.007593784990099328
2013-12-26,-0.0003037262207516602,-0.00024077729106123532,0.0,0.0,0.0,0.0,0.0,0.010271723649113218
2013-12-27,-0.0005567079641627368,-0.0,-0.0,-0.0,-0.0,-0.0,-0.0,0.00027821673457961715
2013-12-30,-5.906763311372498e-05,0.0,0.0,0.0,0.0,0.0,0.0,0.006945395535223664
2014-01-06,-0.001278060395405172,-0.0,-0.0,-0.0,-0.0,-0.0,-0.0,-0.023474459548475934
2014-01-07,0.0003174515853295452,-0.0,-0.0,-0.0,-0.0,-0.0,-0.0,-0.005940692639656242
2014-01-08,-0.0007928568019471145,0.0,0.0,0.0,0.0,0.0,0.0,0.019417787483755555
2014-01-09,-0.0032445211850941655,-0.0,-0.0,-0.0,-0.0,-0.0,-0.0,-0.014956478124877881
2014-01-10,0.001078018698343014,0.0,0.0,0.0,0.0,0.0,0.0,0.0019980373223607018
2014-01-14,0.014653130467021864,0.014696282972596586,0.011976900091049774,-0.0,-0.0,-0.0,-0.0,-0.030772834749881683
2014-01-15,0.009602532997916736,0.009602532997916736,0.005807745345931007,0.0,0.0,0.0,0.0,0.025049931809567383
2014-01-16,0.005581714461382049,0.005581714461382049,0.005027853102765071,-0.0,-0.0,-0.0,-0.0,-0.0038921704408289015
2014-01-17,-0.00048075598899184716,-0.0003,-0.0002658004181685174,0.0,0.0,0.0,0.0,-0.0008090475904911631
2014-01-20,0.002828768815909281,0.0028039487310119395,-0.0,-0.0,-0.0,-0.0,-0.0,-0.005896629033842693
2014-01-21,-7.948445583282999e-05,-0.00017013688981905385,0.0,0.0,0.0,0.0,0.0,0.009863408311627353
2014-01-22,-0.0009992628516000417,0.0,0.0,0.0,0.0,0.0,0.0,0.001582683171002186
2014-01-23,0.012637481084229815,0.012576234204804105,0.012576234204804105,0.008224909699445226,-0.0,0.008224909699445226,0.008421110952511187,-0.007905355478352916
2014-01-24,0.004309907730367522,0.004309907730367522,-0.0003,-0.0001962012530659612,-0.0,-0.0001962012530659612,-0.0,-0.01938915760377402
2014-01-27,-0.006226976186986412,-0.006226976186986412,-0.005980019179941098,-0.005980019179941098,-0.004901526648991883,-0.005980019179941098,-0.005680019179941098,-0.025067576797525692
2014-01-28,0.0032886158292632535,0.0032886158292632535,0.0028317649995930026,-0.0003,-0.00024589519706390777,-0.0003,-0.0,-0.0017040365048039963
2014-01-29,0.012862459691080491,0.012862459691080491,-0.0002618083251532631,0.0,0.0,0.0,0.0,0.02695231531497
2014-01-30,0.0064117041950170805,0.0064117041950170805,0.006690188625111915,0.005247987688644169,-0.0,0.005247987688644169,0.005483316824310642,-0.024496410997590035
2014-01-31,0.012162472764920003,0.012162472764920003,-0.0003,-0.00023532913566647217,-0.0,-0.00023532913566647217,-0.0,-0.006165717970364026
2014-02-03,0.011411377547002307,0.011411377547002307,0.005935900807932263,-0.0,-0.0,-0.0,-0.0,-0.019806214826027957
2014-02-04,0.0184932914434058,0.0184932914434058,-0.00015961287882611762,-0.0,-0.0,-0.0,-0.0,-0.04177130657878236
2014-02-05,-0.00283384556096924,-0.00283384556096924,-0.0026020824071983136,-0.0025088683310068366,-0.0,-0.0025088683310068366,-0.0022196151938963763,0.012271872631742786
2014-02-06,-0.004375641996788875,-0.004375641996788875,-0.0003,-0.0002892531371104605,-0.0,-0.0002892531371104605,-0.0,-0.0017813179783439104
2014-02-07,-0.005768920375912647,-0.005768920375912647,-0.002942301489585409,0.0,0.0,0.0,0.0,0.02170875531387262
2014-02-10,0.002076698114514802,0.002076698114514802,-0.00015950782239722544,0.0,0.0,0.0,0.0,0.017696198955427844
2014-02-12,-0.0016041363213426646,-0.0016041363213426646,-0.0014721591654490798,-0.0,-0.0,-0.0,-0.0,0.005552238053342817
2014-02-13,0.004989607356300618,-0.0003,-0.00025063672117025924,-0.0,-0.0,-0.0,-0.0,-0.017926910001747953
2014-02-14,-0.00998809870861757,-0.009892975789487004,-0.0,-0.0,-0.0,-0.0,-0.0,-0.015253795896066347
2014-02-17,-0.002238804579534407,-0.002238804579534407,0.0,0.0,0.0,0.0,0.0,0.00559490733933643
2014-02-18,0.0003778165094279495,-0.00016438970675410514,0.0,0.0,0.0,0.0,0.0,0.031273982608188255
2014-02-19,-0.0014342573794632412,-0.0014269798422933192,0.0,0.0,0.0,0.0,0.0,-0.005168006427589189
2014-02-20,0.011046216136469203,0.011046216136469203,-0.0,-0.0,-0.0,-0.0,-0.0,-0.02149120883924638
2014-02-21,0.00678540477958859,-0.00019409024458531186,0.0,0.0,0.0,0.0,0.0,0.028824489928331865
2014-02-24,-3.686367690024102e-05,0.0,0.0,0.0,0.0,0.0,0.0,-0.0018828774298165207
2014-02-25,-0.0035824112848022206,-0.0035721087682594518,-0.0033427473920662693,0.0,0.0,0.0,0.0,0.014417343303024355
2014-02-26,-0.002367291513054921,-0.0003,-0.00028073731307698044,0.0,0.0,0.0,0.0,-0.005356897931451665
2014-02-27,-0.0015537750351622183,-0.0014218146806858397,-0.0014218146806858397,-0.0010044878336640203,-0.0,-0.0010044878336640203,-0.0007925429478833743,-0.003196811955012202
2014-02-28,-0.00592646753217696,-0.00592646753217696,-0.0053770096119470905,-0.00021194488578064609,-0.0,-0.00021194488578064609,-0.0,-0.005497516076057862
2014-03-03,0.00013677618791276442,0.00013677618791276442,-0.00027070322095945994,-0.0,-0.0,-0.0,-0.0,-0.012724139147225033
2014-03-04,0.00800159141988327,0.00800159141988327,0.0,0.0,0.0,0.0,0.0,0.004726242884842247
2014-03-05,-0.0005757816884172554,-0.0005757816884172554,-0.0,-0.0,-0.0,-0.0,-0.0,0.011965468720107397
2014-03-06,0.013436657261621155,0.013436657261621155,0.010709103705123747,0.0,0.0,0.0,0.0,0.015916633656006374
2014-03-07,-0.0002021760976047215,-0.0002021760976047215,-0.0002441510794489181,-0.0,-0.0,-0.0,-0.0,0.009205326318571405
2014-03-10,0.005005332093861248,0.005005332093861248,0.0028409283753529713,-0.0,-0.0,-0.0,-0.0,-0.010077907258062457
2014-03-11,-0.00026410534745627463,-0.0003,-0.00017784272385220837,0.0,0.0,0.0,0.0,0.0068763057446856735
2014-03-12,-0.006029008852634049,-0.00603308646926589,-0.0,-0.0,-0.0,-0.0,-0.0,-0.025861655888785084
2014-03-13,0.0010869139831839868,0.0010869139831839868,-0.0,-0.0,-0.0,-0.0,-0.0,-0.0009715981864992784
2014-03-14,0.013575516297000604,0.013575516297000604,0.012112570015510271,-0.0,-0.0,-0.0,-0.0,-0.03295902782336746
2014-03-17,-0.0016380724484297282,-0.0016380724484297282,-0.0011188884996384198,0.0,0.0,0.0,0.0,-0.0034890717555995376
2014-03-18,-0.006130215771681557,-0.006130215771681557,-0.005273714498881533,-0.0,-0.0,-0.0,-0.0,0.009357241770263203
2014-03-19,-0.0022910840934574628,-0.0022910840934574628,-0.0014751963415139935,-0.0,-0.0,-0.0,-0.0,0.0035562446381887103
2014-03-20,-0.02230632040827152,-0.02230632040827152,-0.022423464472557723,-0.02260632040827152,-0.016264490266054234,-0.02260632040827152,-0.02230632040827152,-0.016476317420703546
2014-03-24,0.01243005638656336,0.01243005638656336,0.008815916692565488,-0.0003,-0.0002158399505843926,-0.0003,0.0,0.017650820301954973
2014-03-25,-0.0020928803049174542,-0.0020928803049174542,-0.0018563832145048287,0.0,0.0,0.0,0.0,-0.0035998822617218096
2014-03-26,0.0010025276495052408,-0.0003,-0.00027467896499318826,-0.0,-0.0,-0.0,-0.0,0.0037418715939168123
2014-03-27,-0.018438428797948842,-0.0185561602336623,0.0,0.0,0.0,0.0,0.0,0.010066165643997982
2014-03-28,-0.008269798586345795,-0.008269798586345795,-0.008517495819397902,-0.007735709694082339,0.0,-0.007735709694082339,-0.007463245467808289,0.005001790122092231
2014-03-31,0.0007891053837703055,0.0007891053837703055,0.0004775585491050105,-0.0002724642262740496,-0.0,-0.0002724642262740496,-0.0,0.008968395017920017
2014-04-01,-0.005880217859881864,-0.005880217859881864,-0.0038923146115074914,-0.0,-0.0,-0.0,-0.0,-0.0024170659874821476
2014-04-02,0.0011313049777344699,-0.0003,-0.00019774130545711672,0.0,0.0,0.0,0.0,0.010433354516848903
2014-04-03,-1.086196283985429e-05,0.0,0.0,0.0,0.0,0.0,0.0,0.008400701155018897
2014-04-04,-0.004187906019785148,-0.004180532925567337,-0.00225231132466252,0.0,0.0,0.0,0.0,-0.0005381114781672913
2014-04-07,0.0048364741737082495,0.0048364741737082495,0.004698102705148905,0.0032855617628793224,-0.0,0.0032855617628793224,0.003502838108146837,-0.016922717872585924
2014-04-08,-0.0030921260955082248,-0.0003,-0.0003,-0.00021727634526751458,-0.0,-0.00021727634526751458,-0.0,-0.013638448082735621
2014-04-09,0.004453179262246232,-0.0,-0.0,-0.0,-0.0,-0.0,-0.0,-0.021030463424736023
2014-04-10,-0.01318183170339538,-0.01303219041665452,-0.01303219041665452,-0.01132952067498751,-0.0,-0.01132952067498751,-0.011068715998733495,3.0048727426068567e-05
2014-04-11,0.0018307691787663605,-0.0003,-0.0003,-0.0002608046762540145,-0.0,-0.0002608046762540145,-0.0,-0.02378094097903871
2014-04-14,-0.00026096073305677064,0.0,0.0,0.0,0.0,0.0,0.0,-0.0035737443014528525
2014-04-15,0.0023051936407771268,-0.0,-0.0,-0.0,-0.0,-0.0,-0.0,0.006229217571126711
2014-04-16,0.00703291092689561,0.0,0.0,0.0,0.0,0.0,0.0,0.030069003587801513
2014-04-17,-0.0005511853676779667,0.0,0.0,0.0,0.0,0.0,0.0,-1.0363253015621687e-05
2014-04-18,-0.0005537040148584308,0.0,0.0,0.0,0.0,0.0,0.0,0.006848555608335749
2014-04-21,-0.0006920975799022685,-0.0,-0.0,-0.0,-0.0,-0.0,-0.0,-0.00026795096557874487
2014-04-22,-0.005479102157163508,-0.0,-0.0,-0.0,-0.0,-0.0,-0.0,-0.008517579649971574
2014-04-23,0.0027683452367028814,0.0026482108676041875,0.0,0.0,0.0,0.0,0.0,0.010946036744694299
2014-04-24,0.0008525972393601878,-0.00018701303331587117,-0.0,-0.0,-0.0,-0.0,-0.0,-0.009712407471309858
2014-04-25,0.0001875770903342244,0.0,0.0,0.0,0.0,0.0,0.0,0.0016848002570724052
2014-04-28,-2.7416171146027292e-05,-0.0,-0.0,-0.0,-0.0,-0.0,-0.0,-0.009773841428163621
2014-04-30,-0.0034580285033956083,-0.0034413851505994894,-0.0,-0.0,-0.0,-0.0,-0.0,0.001111396043564028
2014-05-01,0.003459170832708163,-0.00015856257865962041,0.0,0.0,0.0,0.0,0.0,0.012655070941215651
2014-05-02,1.92200715650906e-05,-8.570391194012816e-05,0.0,0.0,0.0,0.0,0.0,-0.001906791130694141
2014-05-07,0.017789105100202592,0.017789105100202592,0.018082429286526223,0.018082429286526223,0.012841879759092414,0.018082429286526223,0.018382429286526225,-0.029331439313343477
2014-05-08,-0.0019361433974380837,-0.0019361433974380837,-0.0019361433974380837,-0.0013797512050973573,-0.0002130556611991503,-0.0013797512050973573,-0.0012777322390558833,0.00928710162583779
2014-05-09,0.006321678498726047,0.006321678498726047,0.006321678498726047,0.006423697464767521,0.006621678498726047,0.006423697464767521,0.006921678498726047,0.0025282494942155953
2014-05-12,-0.0016912350259968845,-0.0016912350259968845,-0.0016912350259968845,-0.0016912350259968845,-0.0016912350259968845,-0.0016912350259968845,-0.0016912350259968845,-0.0035261801961159467
2014-05-13,0.004001965367366855,0.004001965367366855,0.004001965367366855,0.004001965367366855,0.004001965367366855,0.004001965367366855,0.004001965367366855,0.019500372279646294
2014-05-14,-0.001314623317432056,-0.001314623317432056,-0.0003,-0.0003,-0.0003,-0.0003,0.0,-0.0013643024737045595
2014-05-15,-0.001360562681757292,-0.001360562681757292,-0.0008775215124764294,0.0,0.0,0.0,0.0,-0.007465750258041637
2014-05-16,2.679079370342455e-05,2.679079370342455e-05,6.265890193766414e-05,0.0,0.0,0.0,0.0,-0.014101074032226601
2014-05-19,0.0005339941210419951,-0.0003,-0.0002145079094436621,-0.0,-0.0,-0.0,-0.0,-0.006395122158035282
2014-05-20,-0.0012665580540365583,-0.001236951554606935,-0.001236951554606935,-0.0011452580693756412,-0.0,-0.0011452580693756412,-0.0008674966489440459,0.0049127093109719855
2014-05-21,-0.00578693381180535,-0.00578693381180535,-0.0031550193103636313,-0.0002777614204315953,0.0,-0.0002777614204315953,0.0,-0.0023502302356973592
2014-05-22,0.009937553723470206,0.009937553723470206,0.0061987834540032805,0.0,0.0,0.0,0.0,0.02105231020791032
2014-05-23,0.0009081720857910654,-0.0003,-0.00018622268928321345,0.0,0.0,0.0,0.0,0.008674968908990444
2014-05-26,2.7425040503441004e-05,0.0,0.0,0.0,0.0,0.0,0.0,0.009704602430560039
2014-05-27,0.00027184396901687387,0.0,0.0,0.0,0.0,0.0,0.0,0.0023283653158099327
2014-05-28,0.00031294829191470076,0.0,0.0,0.0,0.0,0.0,0.0,0.002352380563493073
2014-05-29,-0.0005243497994017913,0.0,0.0,0.0,0.0,0.0,0.0,0.0007340718294743809
2014-05-30,0.0035827557224008717,0.003562709619948849,-0.0,-0.0,-0.0,-0.0,-0.0,-0.003360631088790811
2014-06-02,-0.006769961054710374,-0.006769961054710374,0.0,0.0,0.0,0.0,0.0,0.020744406685275107
2014-06-03,-0.004119646991139348,-0.004119646991139348,-0.002047803519245443,-0.0,-0.0,-0.0,-0.0,0.0065834631304488855
2014-06-04,-0.00010734676379083875,-0.00010734676379083875,-0.0001562765428033911,0.0,0.0,0.0,0.0,0.002242211014017892
2014-06-05,-4.548781483782848e-06,-0.00017176150585200968,-0.0,-0.0,-0.0,-0.0,-0.0,0.0007572462549396697
2014-06-06,-3.6036984952742487e-05,-0.0,-0.0,-0.0,-0.0,-0.0,-0.0,-0.00014124481300925584
2014-06-09,-0.0024663037672764056,-0.0,-0.0,-0.0,-0.0,-0.0,-0.0,0.0031013477863404137
2014-06-10,-0.004619113724593318,-0.004751698066387212,-0.0,-0.0,-0.0,-0.0,-0.0,-0.008542726481916119
2014-06-11,-0.00018211782885801708,-0.00015353834142179605,0.0,0.0,0.0,0.0,0.0,0.004980437554034767
2014-06-12,0.0007844073900719512,0.0,0.0,0.0,0.0,0.0,0.0,-0.006367186679824499
2014-06-13,0.011145952259357815,0.011014934108030398,0.0,0.0,0.0,0.0,0.0,0.008301954718922921
2014-06-16,-0.002137615685724612,-0.00018677079164310556,-0.0,-0.0,-0.0,-0.0,-0.0,-0.010898897219102421
2014-06-17,0.000329327281240149,0.0,0.0,0.0,0.0,0.0,0.0,0.002858023073840865
2014-06-18,-0.0026156057121021177,0.0,0.0,0.0,0.0,0.0,0.0,0.009336963193574466
2014-06-19,-0.006891342584165284,0.0,0.0,0.0,0.0,0.0,0.0,0.016232045590231614
2014-06-20,0.00020201650171605858,-0.0,-0.0,-0.0,-0.0,-0.0,-0.0,-0.0007642804485846755
2014-06-23,-0.0018739534696955796,-0.0,-0.0,-0.0,-0.0,-0.0,-0.0,0.0012938828739839092
2014-06-24,-4.614739733554746e-06,0.0,0.0,0.0,0.0,0.0,0.0,0.00045284885262519836
2014-06-25,-0.0006747865439945868,-0.0,-0.0,-0.0,-0.0,-0.0,-0.0,-0.007129823750243736
2014-06-26,-0.000696426010307374,-0.0007854291387960166,-0.0,-0.0,-0.0,-0.0,-0.0,0.0027432338841486548
2014-06-27,-0.008186827140173903,-0.008186827140173903,-0.0,-0.0,-0.0,-0.0,-0.0,-0.013945871284916866
2014-06-30,-0.0004952679655291145,-0.0004952679655291145,0.0,0.0,0.0,0.0,0.0,0.004445154645577931
2014-07-01,-0.0015356660917119646,-0.0001921870572538017,0.0,0.0,0.0,0.0,0.0,0.010823077948652449
2014-07-02,0.001379600172881181,0.0013365172745034033,-0.0,-0.0,-0.0,-0.0,-0.0,0.0028558632075932344
2014-07-03,0.0021470558720559536,-0.00019524108642516279,-0.0,-0.0,-0.0,-0.0,-0.0,-0.0014105224594250787
2014-07-04,-0.001554304282813901,-0.0,-0.0,-0.0,-0.0,-0.0,-0.0,0.0057882567715292765
2014-07-07,0.0001547685755434068,-0.0,-0.0,-0.0,-0.0,-0.0,-0.0,-0.0037370582202090885
2014-07-08,-8.3890308033313e-05,0.0,0.0,0.0,0.0,0.0,0.0,-0.0042283900857646994
2014-07-09,-0.005691585720341588,-0.005725615600077325,0.0,0.0,0.0,0.0,0.0,-0.0007678889036546455
2014-07-10,-0.006151587596742968,-0.006151587596742968,-0.0,-0.0,-0.0,-0.0,-0.0,-0.005631747564153855
2014-07-11,-0.0014378983071384327,-0.0002556445063430817,0.0,0.0,0.0,0.0,0.0,-0.003445588131948618
2014-07-14,0.0023459192564058554,0.0,0.0,0.0,0.0,0.0,0.0,0.008756259749740813
2014-07-15,-0.003071581711418762,-0.002952685223675677,-0.0024895893558707057,0.0,0.0,0.0,0.0,0.006428776813808934
2014-07-16,-9.651319468867979e-05,-9.651319468867979e-05,-0.00025294833352789813,0.0,0.0,0.0,0.0,-0.001030216730552258
2014-07-17,0.0005467059165212968,-0.00018657854144515102,-0.0,-0.0,-0.0,-0.0,-0.0,-0.0005878056333712411
2014-07-18,-0.0015110757111565795,-0.0015817834743677027,0.0,0.0,0.0,0.0,0.0,-0.01005511989024055
2014-07-22,-0.0032075666688963535,-0.0032075666688963535,-0.003363484907045888,-0.0021554737565376812,0.0,-0.0021554737565376812,-0.0019632201431479773,0.008384118311107747
2014-07-23,-0.001729364477053549,-0.001729364477053549,-0.0003,-0.00019225361338970392,-0.0,-0.00019225361338970392,-0.0,-0.0009594234650386335
2014-07-24,-0.004437999584126461,-0.004437999584126461,-0.0031285142340444715,-0.0,-0.0,-0.0,-0.0,-0.0028795692272995943
2014-07-25,-0.0007774196481741137,-0.0003,-0.00020445585793698833,0.0,0.0,0.0,0.0,0.011348169979565892
2014-07-28,-0.006920702857708273,-0.0069390128698528005,-0.006662721071896749,0.0,0.0,0.0,0.0,0.00462743397992238
2014-07-29,0.0028231283110008894,0.0028231283110008894,0.0028350734595315873,0.0031231283110008893,0.0031231283110008893,0.0031231283110008893,0.003423128311000889,0.005709809757273643
2014-07-30,0.0002257352688940503,-0.0003,-0.0003,-0.0003,-0.0003,-0.0003,0.0,0.0018030496525209827
2014-07-31,-0.007347187956511792,-0.007419577102123076,-0.00663422208975943,-0.0,-0.0,-0.0,-0.0,-0.0016272889211783603
2014-08-01,0.0006703738756517595,0.0006703738756517595,-0.0002682452920879175,0.0,0.0,0.0,0.0,-0.006251880196563198
2014-08-04,-0.000568613630274879,-0.000568613630274879,-0.00029028148480229025,-0.00018549410536861146,-0.0,-0.00018549410536861146,6.210273050443606e-06,-0.003131482702988464
2014-08-05,0.0017398133200349209,-0.0003,-0.0003,-0.00019170437841905505,-0.0,-0.00019170437841905505,-0.0,-0.009964162311383196
2014-08-06,0.0063164660019578035,0.006266838855668444,0.006266838855668444,0.006266838855668444,0.006266838855668444,0.006266838855668444,0.006566838855668444,-0.010477564471742307
2014-08-07,-0.006186149972819743,-0.006186149972819743,-0.006186149972819743,-0.006186149972819743,-0.006186149972819743,-0.006186149972819743,-0.006186149972819743,0.004787670405591582
2014-08-08,-0.019543538066781396,-0.019543538066781396,-0.019543538066781396,-0.019543538066781396,-0.019543538066781396,-0.019543538066781396,-0.018943538066781396,-0.02980494804861178
2014-08-11,0.006846924036986146,0.006846924036986146,-0.0003,-0.0003,-0.0003,-0.0003,0.0,0.02382870446944252
2014-08-12,-0.00036101459668798873,-0.00036101459668798873,-7.441745868489417e-05,-7.441745868489417e-05,-7.441745868489417e-05,-7.441745868489417e-05,0.0002255825413151058,0.0020349624478464
2014-08-13,-0.002460361158570184,-0.0003,-0.0003,-0.0003,-0.0003,-0.0003,0.0,0.0034509098476855904
2014-08-14,-3.672546041438675e-05,0.0,0.0,0.0,0.0,0.0,0.0,0.006634868237562319
2014-08-15,-2.726474447504481e-06,0.0,0.0,0.0,0.0,0.0,0.0,0.0002461401902293936
2014-08-18,-0.00040117066389102924,-0.0003820535152594059,0.0,0.0,0.0,0.0,0.0,0.0002780827210031589
2014-08-19,-6.851936696443655e-07,-0.00020192223699755016,-0.0,-0.0,-0.0,-0.0,-0.0,0.008300838821741374
2014-08-20,-0.0016990252822085142,-0.001561557762730527,-0.0,-0.0,-0.0,-0.0,-0.0,0.0003016323353404182
2014-08-21,0.0015123667080852727,-0.0002008193127785187,0.0,0.0,0.0,0.0,0.0,0.008525052546997758
2014-08-22,-0.003206767744895747,-0.003340073825975235,-0.0,-0.0,-0.0,-0.0,-0.0,-0.003016114578018758
2014-08-25,-0.00039479679816032217,-0.00018732026043275716,0.0,0.0,0.0,0.0,0.0,0.0047659864037066235
2014-08-26,-0.0002507227055017411,-0.0,-0.0,-0.0,-0.0,-0.0,-0.0,-0.0058943700662899
2014-08-27,0.0007665629688758025,0.0007734267312106895,-0.0,-0.0,-0.0,-0.0,-0.0,0.0008762575478669099
2014-08-28,-0.0010818113042515031,-0.00021142785868759226,-0.0,-0.0,-0.0,-0.0,-0.0,-0.0048252866418534435
2014-08-29,-0.00010267865388679856,0.0,0.0,0.0,0.0,0.0,0.0,-0.0022814247354397965
2014-09-01,0.001083220298955294,0.001042688124048238,0.0,0.0,0.0,0.0,0.0,0.0033718734923815497
2014-09-02,-0.002145506414966772,-0.00027825862178861797,0.0,0.0,0.0,0.0,0.0,0.012405825882042976
2014-09-03,0.004155023471619952,0.004095578718023097,0.002730592057651043,-0.0,-0.0,-0.0,-0.0,0.003813359297550001
2014-09-04,0.0005433977330748837,-0.0003,-0.0002000151074353476,-0.0,-0.0,-0.0,-0.0,-0.0033169355444581106
2014-09-05,0.007681030556624623,0.007549223669822991,0.005874156431803443,-0.0,-0.0,-0.0,-0.0,-0.0004784328930588222
2014-09-08,-0.0003175406055732789,-0.0003,-0.00023343419225812297,-0.0,-0.0,-0.0,-0.0,0.002325062786979082
2014-09-09,-0.002489068017067104,-0.002493731777647765,-0.0,-0.0,-0.0,-0.0,-0.0,0.002804185266875203
2014-09-10,-0.0043759711387305784,-0.0043759711387305784,0.0,0.0,0.0,0.0,0.0,0.002516318774636206
2014-09-11,-0.0018081825749287769,-0.0018081825749287769,0.0,0.0,0.0,0.0,0.0,0.007626929996460197
2014-09-12,0.0032723123805551103,0.0032723123805551103,0.0,0.0,0.0,0.0,0.0,0.0024570590142876103
2014-09-16,-0.0011423528280102143,-0.0011423528280102143,0.0,0.0,0.0,0.0,0.0,-0.0023049346064665244
2014-09-17,0.0003163317901994418,-0.00020081663632542205,-0.0,-0.0,-0.0,-0.0,-0.0,-0.0014367160901338494
2014-09-18,0.0004031335668031423,0.0,0.0,0.0,0.0,0.0,0.0,0.011259620314642893
2014-09-19,-0.003700871881005326,0.0,0.0,0.0,0.0,0.0,0.0,0.015783320342946272
2014-09-22,0.003370924423662988,0.003252277992800878,-0.0,-0.0,-0.0,-0.0,-0.0,-0.007062577731974162
2014-09-24,-0.003917726860832859,-0.003917726860832859,-0.0038958809176726137,0.0,0.0,0.0,0.0,-0.002372604692470137
2014-09-25,-0.002875523437555705,-0.002875523437555705,-0.00289340479550165,-0.0031755234375557048,-0.0031755234375557048,-0.0031755234375557048,-0.002875523437555705,0.012784295026616377
2014-09-26,0.003789509336510836,-0.0003,-0.0003,-0.0003,-0.0003,-0.0003,0.0,-0.008811412383964101
2014-09-29,-0.0003356197867786665,-0.0,-0.0,-0.0,-0.0,-0.0,-0.0,0.004977202214017984
2014-09-30,-0.005133051191560255,-0.005173042582716813,-0.0032981524336861286,-0.0,-0.0,-0.0,-0.0,-0.00840678968716202
2014-10-01,-0.005635160619920199,-0.005635160619920199,-0.0031673239159745042,-0.0,-0.0,-0.0,-0.0,-0.005643145950617101
2014-10-02,-0.014671722159641187,-0.014671722159641187,-0.014804376439125135,-0.012425776378011738,-0.0,-0.012425776378011738,-0.012176791466746668,-0.026131901047738992
2014-10-03,-0.003051616032702325,-0.0003,-0.0003,-0.0002489849112650685,0.0,-0.0002489849112650685,0.0,0.0029791971232104864
2014-10-06,-0.0007127886900132548,-0.0008458864675433882,-0.0008458864675433882,-0.0007022174720515093,0.0,-0.0007022174720515093,-0.0004531707622403643,0.011605058369387189
2014-10-07,-0.0022800223002828585,-0.0022800223002828585,-0.0003,-0.00024904670981114503,-0.0,-0.00024904670981114503,-0.0,-0.00674095103633876
2014-10-08,0.0012243481362777474,0.0012243481362777474,0.0007980967077612111,0.0,0.0,0.0,0.0,-0.011901395823776806
2014-10-09,0.001990879317203545,-0.0003,-0.00022318075104475272,-0.0,-0.0,-0.0,-0.0,-0.007505189012293134
2014-10-10,-0.000747075860748439,-0.0008015354814641436,-0.0005047918593934923,0.0,0.0,0.0,0.0,-0.011524045035009811
2014-10-14,0.006674284660328711,0.006674284660328711,0.00445542724198593,-0.0,-0.0,-0.0,-0.0,-0.023792611619157134
2014-10-15,-0.00026294280856619946,-0.0003,-0.00020079866934833094,0.0,0.0,0.0,0.0,0.009172809965305007
2014-10-16,-0.004807792462148221,-0.004810607972674219,-0.004810607972674219,-0.004810607972674219,-0.0047182364678716535,-0.004810607972674219,-0.004510607972674219,-0.022233669299508874
2014-10-17,-0.017829469848130497,-0.017829469848130497,-0.017829469848130497,-0.011526360387683883,-0.00029423951159641786,-0.011526360387683883,-0.011418488737570308,-0.013968300371167697
2014-10-20,-0.009984255603929525,-0.0003,-0.0003,-0.00019212834988642562,0.0,-0.00019212834988642562,0.0,0.03982248850738079
2014-10-21,0.005054087504462711,-0.0,-0.0,-0.0,-0.0,-0.0,-0.0,-0.020312720128732864
2014-10-22,0.002783480190793577,0.0,0.0,0.0,0.0,0.0,0.0,0.02644432897659521
2014-10-23,0.002385661938825127,0.002301419733198285,0.0,0.0,0.0,0.0,0.0,-0.003738512234979008
2014-10-24,0.0035278294313511056,0.0035278294313511056,0.0037841821720153383,0.002335237313630987,-0.0,0.002335237313630987,0.0025203687798881188,0.010085216414730924
2014-10-27,-0.0009561132210814953,-0.0009561132210814953,-0.0003,-0.00018513146625713148,-0.0,-0.00018513146625713148,-0.0,0.006348572184338597
2014-10-28,0.00012725946932501945,-0.00015023837981052336,-0.0,-0.0,-0.0,-0.0,-0.0,-0.003821602534679225
2014-10-29,-0.005413846064674436,-0.005458315215621079,0.0,0.0,0.0,0.0,0.0,0.014611957781675233
2014-10-30,-0.001418341467554617,-0.00021770234256400948,0.0,0.0,0.0,0.0,0.0,0.006705068887169485
2014-10-31,0.037321328922413646,0.0374198488758641,0.030264633787847765,0.0,0.0,0.0,0.0,0.04825328332043477
2014-11-04,-0.007283466647267493,-0.007283466647267493,-0.00024263567088349621,0.0,0.0,0.0,0.0,0.027337486590959248
2014-11-05,0.004004432226650761,-0.0002603664747182322,0.0,0.0,0.0,0.0,0.0,0.004438828134546657
2014-11-06,0.0030825547559847765,-0.0,-0.0,-0.0,-0.0,-0.0,-0.0,-0.008551520611150387
2014-11-07,0.002952692343039468,0.0028686594631652466,0.002185229688555319,-0.0,-0.0,-0.0,-0.0,0.0052345090285248475
2014-11-10,-0.00012301626591581561,-0.0003,-0.00022852796401398175,0.0,0.0,0.0,0.0,-0.005915243461141695
2014-11-11,0.013178312925345305,0.013126678313473998,0.0,0.0,0.0,0.0,0.0,0.020474924958951313
2014-11-12,0.0026835532817733546,0.0026835532817733546,0.0017089874770253512,-0.0,-0.0,-0.0,-0.0,0.004259573718706111
2014-11-13,-0.008267300728998455,-0.008267300728998455,-0.00017380994525053627,0.0,0.0,0.0,0.0,0.011382084273625193
2014-11-14,-0.001282000952975483,-0.001282000952975483,-0.0,-0.0,-0.0,-0.0,-0.0,0.005636877172068067
2014-11-17,0.02298809262781865,0.02298809262781865,0.017091805634633497,-0.0,-0.0,-0.0,-0.0,-0.029560020568813683
2014-11-18,0.007978945685721437,0.007978945685721437,-0.00022149940463709824,0.0,0.0,0.0,0.0,0.02181360382372377
2014-11-19,-0.0007867352514413144,-0.0002844894637103619,-0.0,-0.0,-0.0,-0.0,-0.0,-0.0031890194758900092
2014-11-20,0.0035366517975817875,0.003565644566054309,-0.0,-0.0,-0.0,-0.0,-0.0,0.0007004193478417076
2014-11-21,-0.0033346053395180812,-0.0033346053395180812,0.0,0.0,0.0,0.0,0.0,0.0032744263968100817
2014-11-25,0.0013272550164020055,-0.00023699534282237318,-0.0,-0.0,-0.0,-0.0,-0.0,0.0028868988510803995
2014-11-26,-0.00021547676888369148,0.0,0.0,0.0,0.0,0.0,0.0,-0.0013809506231612367
2014-11-27,-0.0039020003752478277,-0.0038810790760795185,-0.0036021450985810216,-0.0,-0.0,-0.0,-0.0,-0.007770555749616936
2014-11-28,-0.0011619363432342701,-0.0003,-0.00027843893628313316,0.0,0.0,0.0,0.0,0.01225321676522606
2014-12-01,0.006244890408949189,0.006280792245573619,0.006280792245573619,0.005049280080423362,0.0,0.005049280080423362,0.0052904573021655,0.0074599726179807035
2014-12-02,-0.004632827145548518,-0.0003,-0.0003,-0.00024117722174213783,0.0,-0.00024117722174213783,0.0,0.004156945973803783
2014-12-03,0.001389839300433271,-0.0,-0.0,-0.0,-0.0,-0.0,-0.0,0.0032388761560839807
2014-12-04,-0.00045062947636050803,-0.000596432607237218,-0.00032041043337676506,0.0,0.0,0.0,0.0,0.00941180620002946
2014-12-05,0.000520556928750791,-0.0003,-0.00016116343883056453,0.0,0.0,0.0,0.0,0.001858214864583374
2014-12-08,0.00010403632005301757,-0.0,-0.0,-0.0,-0.0,-0.0,-0.0,0.0008477134732820524
2014-12-09,2.9559681783227326e-05,-0.0,-0.0,-0.0,-0.0,-0.0,-0.0,-0.006816582032458052
2014-12-10,0.003795849530572208,-0.0,-0.0,-0.0,-0.0,-0.0,-0.0,-0.022499983827554138
2014-12-11,-0.00044186252157453736,0.0,0.0,0.0,0.0,0.0,0.0,-0.008911929582161582
2014-12-12,1.4297508313934668e-05,0.0,0.0,0.0,0.0,0.0,0.0,0.006616273883407686
2014-12-15,0.0003785828560043622,0.00038275763459167983,-0.0,-0.0,-0.0,-0.0,-0.0,-0.015668101938679735
2014-12-16,0.0010138098462050904,-0.0002824545735972174,-0.0,-0.0,-0.0,-0.0,-0.0,-0.020122347583231504
2014-12-17,-0.002968743154809158,0.0,0.0,0.0,0.0,0.0,0.0,0.0038441614393935897
2014-12-18,0.0016337330688118768,0.0,0.0,0.0,0.0,0.0,0.0,0.02320609793511208
2014-12-19,0.0061489695168129525,0.006004069638331411,0.004319822725684489,0.0,0.0,0.0,0.0,0.0239017080544095
2014-12-22,0.0022491469511123803,0.0022491469511123803,0.0011049464041795005,-0.0,-0.0,-0.0,-0.0,0.0007797470161514664
2014-12-24,-0.00022854286842605831,-0.0003,-0.00015543919171310565,0.0,0.0,0.0,0.0,0.012423481525257296
2014-12-25,-0.00045853415284972845,-0.00040260583418139556,0.0,0.0,0.0,0.0,0.0,-0.002547321702248917
2014-12-26,-0.0003265597264862047,-0.00023244604312160641,0.0,0.0,0.0,0.0,0.0,0.0005733663227345254
2014-12-29,0.002196242940913192,-0.0,-0.0,-0.0,-0.0,-0.0,-0.0,-0.0050014753420579705
2014-12-30,0.013964226726503328,0.013898842939553646,0.013898842939553646,0.008688375637043442,-0.0,0.008688375637043442,0.008875910146387047,-0.015740148526969144
2015-01-05,0.0024099694390215644,0.0024099694390215644,-0.0003,-0.00018753450934360576,0.0,-0.00018753450934360576,0.0,-0.002410128314094262
2015-01-06,-0.012889230531572652,-0.012889230531572652,-0.009241788744599966,-0.0,-0.0,-0.0,-0.0,-0.03018727154823264
2015-01-07,-0.0015968861379954272,-0.0003,-0.00021212653879844895,0.0,0.0,0.0,0.0,0.00012679032039186744
2015-01-08,0.00546185926761515,0.00554149996297989,0.0038144281370529865,0.0,0.0,0.0,0.0,0.01668723856426313
2015-01-09,-0.00698721523548318,-0.00698721523548318,-0.006192015177312041,-0.0,-0.0,-0.0,-0.0,0.0017842769059412955
2015-01-13,-0.0007287142208414161,-0.0003,-0.0002634140699963623,0.0,0.0,0.0,0.0,-0.006397328499241017
2015-01-14,0.0002681757924087526,-0.0,-0.0,-0.0,-0.0,-0.0,-0.0,-0.017073673651614607
2015-01-15,-0.01426355277365942,-0.014272068364789703,-0.01177048038765193,0.0,0.0,0.0,0.0,0.01861985047558412
2015-01-16,-0.0030452232025237613,-0.0030452232025237613,-0.0023827069882810118,0.0,0.0,0.0,0.0,-0.014293258615009186
2015-01-19,-0.0005540640449069759,-0.0005540640449069759,-0.0002333461150733078,0.0,0.0,0.0,0.0,0.008902246234560485
2015-01-20,-0.0008228521361850683,-0.00015408539401481065,0.0,0.0,0.0,0.0,0.0,0.02068918174934753
2015-01-21,-0.0018389759650350582,-0.0018271461074363718,-0.0,-0.0,-0.0,-0.0,-0.0,-0.004941772780571618
2015-01-22,-0.0018052235417965754,-0.0018052235417965754,0.0,0.0,0.0,0.0,0.0,0.0028088954232365904
2015-01-23,-0.001093389035365347,-0.001093389035365347,-0.0008068801144365586,-0.0008068801144365586,-0.0007388546902318723,-0.0008068801144365586,-0.0005068801144365587,0.010544766737695443
2015-01-26,-0.009375244261696133,-0.009375244261696133,-0.0003,-0.0003,-0.00027470798090537094,-0.0003,0.0,-0.0024686549745170927
2015-01-27,-0.006637829578176393,-0.006637829578176393,0.0,0.0,0.0,0.0,0.0,0.017161228200461398
2015-01-28,-0.010213051973990925,-0.010213051973990925,-0.010506715424027957,-0.010506715424027957,-0.010506715424027957,-0.010506715424027957,-0.010206715424027957,0.0015437428619480276
2015-01-29,-0.004035204718213236,-0.004035204718213236,-0.002606502132576623,-0.0003,-0.0003,-0.0003,-0.0,-0.010649170370263028
2015-01-30,-0.0012869377061888285,-0.0003,-0.00018525106171529652,-0.0,-0.0,-0.0,-0.0,0.003871922488333901
2015-02-02,-8.57659552590426e-05,0.0,0.0,0.0,0.0,0.0,0.0,-0.006583059352293752
2015-02-03,-0.010458323684074983,-0.01045094165914576,-0.0,-0.0,-0.0,-0.0,-0.0,-0.01265457106765111
2015-02-04,0.003161062717630456,-0.0001708155393680501,0.0,0.0,0.0,0.0,0.0,0.019779280088734197
2015-02-05,-0.00039187737819884914,-0.0,-0.0,-0.0,-0.0,-0.0,-0.0,-0.009849179943909991
2015-02-06,-0.0017541448326664757,-0.001771552456625188,-0.0,-0.0,-0.0,-0.0,-0.0,0.008219593823728388
2015-02-09,-0.004180201593096591,-0.004180201593096591,-0.0,-0.0,-0.0,-0.0,-0.0,0.0035940554438054217
2015-02-10,-0.0005597977413029171,-0.0005597977413029171,-0.0,-0.0,-0.0,-0.0,-0.0,-0.003345202981570927
2015-02-12,-0.0018347300042209642,-0.00029029293535565214,0.0,0.0,0.0,0.0,0.0,0.018526423263465208
2015-02-13,0.0007914378266069952,0.0008882208398761308,0.0008882208398761308,0.0004680041473401785,0.0,0.0004680041473401785,0.0006260743455373224,-0.0036908987197707965
2015-02-16,-0.001067478026542945,-0.001067478026542945,-0.001067478026542945,-0.0008408543039373909,-0.0,-0.0008408543039373909,-0.000779778494064511,0.005102904169810518
2015-02-17,-0.00024102992642798424,-0.0003,-0.0003,-0.0002191460080700238,0.0,-0.0002191460080700238,0.0,-0.0009819446713447144
2015-02-18,-0.0005253114291848026,0.0,0.0,0.0,0.0,0.0,0.0,0.01179068320485932
2015-02-19,-0.001606062333481887,-0.001634016331110916,0.0,0.0,0.0,0.0,0.0,0.0036056117343092886
2015-02-20,-0.0007067851041882581,-0.0007067851041882581,-0.0,-0.0,-0.0,-0.0,-0.0,0.0036962769468062984
2015-02-23,-0.0007064057113782571,-0.0002467668622977931,-0.0,-0.0,-0.0,-0.0,-0.0,0.007343275796712234
2015-02-24,-0.002751029740965697,0.0,0.0,0.0,0.0,0.0,0.0,0.007394874047904176
2015-02-25,-0.00036222599253654165,-0.0,-0.0,-0.0,-0.0,-0.0,-0.0,-0.0009826790223855797
2015-02-26,-0.0007555313467796941,0.0,0.0,0.0,0.0,0.0,0.0,0.010792988624390487
2015-02-27,-0.0008169289213461301,-0.0,-0.0,-0.0,-0.0,-0.0,-0.0,0.0006467862800212387
2015-03-02,0.000875103662278992,-0.0,-0.0,-0.0,-0.0,-0.0,-0.0,0.001539605248871423
2015-03-03,-0.005490370604078236,-0.005342662886253213,-0.0031138820140329698,-0.0,-0.0,-0.0,-0.0,-0.0006225515109244961
2015-03-04,-0.0001570540571238559,-0.0003,-0.0001748499997283221,-0.0,-0.0,-0.0,-0.0,-0.005929290314222624
2015-03-05,-0.0003256471110943338,0.0,0.0,0.0,0.0,0.0,0.0,0.002579195202126794
2015-03-06,-0.004262467971333172,0.0,0.0,0.0,0.0,0.0,0.0,0.01168739484104786
2015-03-09,-0.0037091295226843635,-0.0035599402422267796,-0.0,-0.0,-0.0,-0.0,-0.0,-0.009511845382425776
2015-03-10,-0.00375538216351237,-0.0002288579088482764,-0.0,-0.0,-0.0,-0.0,-0.0,-0.006675770588649876
2015-03-11,-0.006705154582516619,-0.006614405815157366,0.0,0.0,0.0,0.0,0.0,0.0031293765858255718
2015-03-12,-0.0008563988939006761,-0.00029717054027537845,0.0,0.0,0.0,0.0,0.0,0.014291642300657603
2015-03-13,-0.0013486324135135082,0.0,0.0,0.0,0.0,0.0,0.0,0.013855990179615363
2015-03-16,-4.438156955474821e-05,0.0,0.0,0.0,0.0,0.0,0.0,-0.00042533223184493263
2015-03-17,-0.0002594610069269264,0.0,0.0,0.0,0.0,0.0,0.0,0.0099209629243322
2015-03-18,0.0005993804257121502,0.0,0.0,0.0,0.0,0.0,0.0,0.005529684043319438
2015-03-19,0.000619667957592619,-0.0,-0.0,-0.0,-0.0,-0.0,-0.0,-0.0034751459361428427
2015-03-20,-0.0035464087750232557,-0.0036647967278723445,0.0,0.0,0.0,0.0,0.0,0.004295427626898052
2015-03-23,-0.002759784596138018,-0.00024801206552352875,0.0,0.0,0.0,0.0,0.0,0.009925177983497013
2015-03-24,-7.882109887243828e-05,-0.0,-0.0,-0.0,-0.0,-0.0,-0.0,-0.0020709432016192686
2015-03-25,-0.0001593224436144314,-0.00014572000913640163,0.0,0.0,0.0,0.0,0.0,0.0016613023746676614
2015-03-26,0.0064016114643855706,0.0064016114643855706,0.006559288745532433,0.0044759934118694805,-0.0,0.0044759934118694805,0.0046807104285544725,-0.013930786126364891
2015-03-27,-0.0020920486025196323,-0.0003,-0.0003,-0.00020471701668499213,-0.0,-0.00020471701668499213,-0.0,-0.00952632870819392
2015-03-30,-0.0014651211443686978,0.0,0.0,0.0,0.0,0.0,0.0,0.006521411312239378
2015-03-31,-0.00555284992911256,-0.0,-0.0,-0.0,-0.0,-0.0,-0.0,-0.010530417802763092
2015-04-01,-0.0042001668334460795,-0.004282606585786802,-0.0,-0.0,-0.0,-0.0,-0.0,-0.008962903012097123
2015-04-02,0.0042659355139881535,-0.00024419058470378683,0.0,0.0,0.0,0.0,0.0,0.014602130673627034
2015-04-03,-0.0013021903783592506,0.0,0.0,0.0,0.0,0.0,0.0,0.006332126096818103
2015-04-06,0.00042538535137414166,0.0,0.0,0.0,0.0,0.0,0.0,-0.0019088992289132412
2015-04-07,0.0006801380231463511,0.0,0.0,0.0,0.0,0.0,0.0,0.012504321990671086
2015-04-08,-0.0016503461147508282,0.0,0.0,0.0,0.0,0.0,0.0,0.007600172474899525
2015-04-09,0.0014352745856596716,0.0,0.0,0.0,0.0,0.0,0.0,0.007474056201783874
2015-04-10,0.0030982778729666894,0.0032149257919438213,-0.0,-0.0,-0.0,-0.0,-0.0,-0.0015091917575755787
2015-04-13,-0.00144346503538629,-0.00025393441157224795,-0.0,-0.0,-0.0,-0.0,-0.0,-0.00010899950327225572
2015-04-14,0.0006812140768645196,0.0,0.0,0.0,0.0,0.0,0.0,0.0001617018570987394
2015-04-15,-0.001333507650369055,-0.0012791165819660978,0.0,0.0,0.0,0.0,0.0,-0.001954922299515216
2015-04-16,-0.0003172526090624751,-0.00020474239947344862,0.0,0.0,0.0,0.0,0.0,0.0008057352385657524
2015-04-17,0.001518383451234117,-0.0,-0.0,-0.0,-0.0,-0.0,-0.0,-0.011711323090063064
2015-04-20,-0.0019309233006566857,0.0,0.0,0.0,0.0,0.0,0.0,-0.0009357724769001319
2015-04-21,0.008613219064755581,0.008696725979662168,0.006077500487732687,0.0,0.0,0.0,0.0,0.01398557365621067
2015-04-22,0.0008848990348962289,-0.0003,-0.0002096478779006708,0.0,0.0,0.0,0.0,0.011291854556855885
2015-04-23,6.493779343762316e-06,-0.0,-0.0,-0.0,-0.0,-0.0,-0.0,0.002669626796456548
2015-04-24,0.0011229600774755374,-0.0,-0.0,-0.0,-0.0,-0.0,-0.0,-0.008302666475878628
2015-04-27,-0.004368992447109172,-0.004311227465197442,-0.0026751802477638534,-0.0,-0.0,-0.0,-0.0,-0.0018340998179557921
2015-04-28,-0.00022943321346202564,-0.0003,-0.00018615442604404573,-0.0,-0.0,-0.0,-0.0,0.003784601611109162
2015-04-30,0.012422536663683885,0.012307105284739195,-0.0,-0.0,-0.0,-0.0,-0.0,-0.026867780921506546
2015-05-01,-0.0011372077491107345,-0.0011372077491107345,-0.001294867545109578,0.0,0.0,0.0,0.0,0.0005953426196776412
2015-05-07,-0.003930707164557078,-0.003930707164557078,-0.003915269983139785,-0.0033329240668385244,-0.0,-0.0033329240668385244,-0.0030575294468007676,-0.01226936074746543
2015-05-08,0.0032905264245692845,0.0032905264245692845,0.0016038857442981177,-0.0002753946200377566,0.0,-0.0002753946200377566,0.0,0.004519970085544944
2015-05-11,-0.0007250248040916041,-0.0007250248040916041,-0.0001590757609750642,-0.0,-0.0,-0.0,-0.0,0.012473210177839533
2015-05-12,0.0005113102451060227,0.0005113102451060227,0.0,0.0,0.0,0.0,0.0,0.00020028059191479208
2015-05-13,-0.006651843873363728,-0.006651843873363728,0.0,0.0,0.0,0.0,0.0,0.007127745270214092
2015-05-14,-0.005048294560788155,-0.005048294560788155,-0.0,-0.0,-0.0,-0.0,-0.0,-0.009839778242818786
2015-05-15,-0.00018635944431362716,-0.0002950188884800515,0.0,0.0,0.0,0.0,0.0,0.008312605545549356
2015-05-18,-0.006592941467013199,-0.006578881382065338,-0.006578881382065338,-0.0038698415374197664,0.0,-0.0038698415374197664,-0.0036933749933670346,0.007973964826187174
2015-05-19,0.0018648289412039228,0.0018648289412039228,0.0018460986205796484,-0.00017646654405273178,0.0,-0.00017646654405273178,0.0,0.00684311129676507
2015-05-20,0.0010394096671972886,0.0010394096671972886,0.0009282501725971922,0.0,0.0,0.0,0.0,0.008497775444050504
2015-05-21,-0.00016447694709826065,-0.0003,-0.00027452121006141424,-0.0,-0.0,-0.0,-0.0,0.0003123598067777955
2015-05-22,-0.0017436383790565347,-0.0018695581468720114,0.0,0.0,0.0,0.0,0.0,0.00304615226662297
2015-05-25,0.0012198200443472305,-0.0001839321149261468,0.0,0.0,0.0,0.0,0.0,0.00737052664490867
2015-05-26,-0.0001793580351631616,0.0,0.0,0.0,0.0,0.0,0.0,0.001161516860651357
2015-05-27,-0.0016541344999138016,0.0,0.0,0.0,0.0,0.0,0.0,0.0017174137207700557
2015-05-28,-0.002290474705300524,-0.0021852759991891953,-0.0017559357399227747,-0.0,-0.0,-0.0,-0.0,0.0038530004070802537
2015-05-29,-0.002363213774723807,-0.002363213774723807,-0.00024105912579110568,0.0,0.0,0.0,0.0,0.0005687893994761328
2015-06-01,-0.0022754232221832084,-0.00021504783749230183,0.0,0.0,0.0,0.0,0.0,0.0003267373856810085
2015-06-02,-0.0016095763518210549,-0.0,-0.0,-0.0,-0.0,-0.0,-0.0,-0.001297027575508869
2015-06-03,0.0013224243308297512,0.0011850634280869635,0.001109178721747891,0.0,0.0,0.0,0.0,-0.003391863160245534
2015-06-04,-0.002519481623502351,-0.002519481623502351,-0.002538691913316519,-0.002819481623502351,-0.002819481623502351,-0.002819481623502351,-0.002519481623502351,0.0007170088405969999
2015-06-05,-0.0016156933859015345,-0.0003,-0.0003,-0.0003,-0.0003,-0.0003,0.0,-0.0013319411440642082
2015-06-08,-0.004345344306453089,-0.0042273905391331575,-0.0042273905391331575,-0.0042273905391331575,-0.0042273905391331575,-0.0042273905391331575,-0.003927390539133158,-0.0001813672628845353
2015-06-09,0.005407221186553573,0.005407221186553573,-0.0003,-0.0003,-0.0003,-0.0003,-0.0,-0.01764116584548081
2015-06-10,0.00278886938558407,0.00278886938558407,-0.0,-0.0,-0.0,-0.0,-0.0,-0.0024851044375587827
2015-06-11,-0.0034505800611875476,-0.00021279313252502055,0.0,0.0,0.0,0.0,0.0,0.016791643900427644
2015-06-12,-0.0002353063629003581,-0.0,-0.0,-0.0,-0.0,-0.0,-0.0,0.0011828194894232258
2015-06-15,-0.008979357286118156,-0.008952737246444463,0.0,0.0,0.0,0.0,0.0,-0.0009453099390578368
2015-06-16,-0.004270743946789628,-0.004270743946789628,-0.003983236652853861,-0.00217606808343142,-0.0,-0.00217606808343142,-0.002012176132758165,-0.006368989250229107
2015-06-17,0.0036760589081771718,0.0036760589081771718,0.0031176957067852815,-0.0001638919506732549,-0.0,-0.0001638919506732549,-0.0,-0.001908877354702243
2015-06-18,0.007543231654510962,0.007543231654510962,-0.0002578706039608549,-0.0,-0.0,-0.0,-0.0,-0.0112985891204882
2015-06-19,-0.0002687461434658637,-0.0002275317010670146,0.0,0.0,0.0,0.0,0.0,0.009175207370570426
2015-06-22,0.00665224770925933,0.006668033663328506,0.0,0.0,0.0,0.0,0.0,0.01258779591200132
2015-06-23,0.004870201600904038,-0.00016273028312993742,0.0,0.0,0.0,0.0,0.0,0.01866198028096333
2015-06-24,-0.0012033987960868063,-0.0013192296975913839,-0.0013192296975913839,-0.0012696105108477068,-0.0,-0.0012696105108477068,-0.0009808941834714214,0.00281648288227343
2015-06-25,-0.00030007702268146293,-0.0003,-0.0003,-0.00028871632737628543,-0.0,-0.00028871632737628543,-0.0,-0.0046304758765347565
2015-06-26,-0.0010936125758302323,-0.0,-0.0,-0.0,-0.0,-0.0,-0.0,-0.003141338512229086
2015-06-29,0.003923722048720733,-0.0,-0.0,-0.0,-0.0,-0.0,-0.0,-0.028793433865183293
2015-06-30,-0.00319999266852767,-0.0033296048173175104,-0.0025168009612145156,0.0,0.0,0.0,0.0,0.006254677653920959
2015-07-01,0.001286030036717612,0.001286030036717612,0.0013592643003042886,0.0009181586435762536,0.0,0.0009181586435762536,0.0010918297511190414,0.00462497975521714
2015-07-02,0.0015122036862945006,0.0015122036862945006,0.0007592268121905021,-0.0001736711075427878,-0.0,-0.0001736711075427878,-0.0,0.00950251580133843
2015-07-03,-0.0030815337371525864,-0.0030815337371525864,-0.0032061847705544076,-0.0033815337371525863,-0.0033815337371525863,-0.0033815337371525863,-0.0030815337371525864,0.0008424442684857869
2015-07-06,0.0012261306005329495,-0.0003,-0.0003,-0.0003,-0.0003,-0.0003,-0.0,-0.02082153427056399
2015-07-07,-0.0010763202336495465,-0.0011746122199850694,0.0,0.0,0.0,0.0,0.0,0.013149817842456502
2015-07-08,0.02681502331357613,0.02681502331357613,0.02656305296238145,0.02656305296238145,0.02656305296238145,0.02656305296238145,0.02686305296238145,-0.03135702409723784
2015-07-09,-0.017026158380633472,-0.017026158380633472,-0.0003,-0.0003,-0.0003,-0.0003,0.0,0.005971300077817654
2015-07-10,-0.0030547658772658334,-0.0030547658772658334,-0.0028264642973787942,-0.002626359132262708,-0.0,-0.002626359132262708,-0.0023475982293178163,-0.0038110307912165853
2015-07-13,0.002165042243952018,-0.0003,-0.0003,-0.00027876090294489195,0.0,-0.00027876090294489195,0.0,0.01566946995504126
2015-07-14,0.0010966318865691838,0.0010077543970425438,0.0,0.0,0.0,0.0,0.0,0.014711992908392979
2015-07-15,-0.0004949128676290889,-0.0004949128676290889,-0.0,-0.0,-0.0,-0.0,-0.0,0.0038262809432603184
2015-07-16,-0.0008588401777802777,-0.0008588401777802777,0.0,0.0,0.0,0.0,0.0,0.006684594441753511
2015-07-17,-0.0002635435357230721,-0.0002508833413114488,0.0,0.0,0.0,0.0,0.0,0.002466043079810021
2015-07-21,0.0025849055271509134,0.002543740108131119,0.0,0.0,0.0,0.0,0.0,0.009251441677792904
2015-07-22,0.001048231979045082,-0.00021875859878020047,-0.0,-0.0,-0.0,-0.0,-0.0,-0.011913498238089848
2015-07-23,-0.00037654921431093716,-0.0,-0.0,-0.0,-0.0,-0.0,-0.0,0.004383837228502108
2015-07-24,-0.0004946743699644087,-0.0,-0.0,-0.0,-0.0,-0.0,-0.0,-0.006740488501519648
2015-07-27,-0.00020525894362073233,-0.0,-0.0,-0.0,-0.0,-0.0,-0.0,-0.009463818065161278
2015-07-28,-0.0013866050129080591,0.0,0.0,0.0,0.0,0.0,0.0,-0.0010422054330009312
2015-07-29,0.005766276448649856,0.005711023380961822,0.004582754133131105,-0.0,-0.0,-0.0,-0.0,-0.001278007208029841
2015-07-30,-0.0014263110446015531,-0.0003,-0.0002407320279098192,0.0,0.0,0.0,0.0,0.010831940848996968
2015-07-31,-0.00039391453566004424,0.0,0.0,0.0,0.0,0.0,0.0,0.0030410112061747263
2015-08-03,8.294185775458492e-06,0.0,0.0,0.0,0.0,0.0,0.0,-0.001803761284893568
2015-08-04,0.000936611027269953,0.0,0.0,0.0,0.0,0.0,0.0,-0.0013504892101539046
2015-08-05,-0.00018897592483529697,0.0,0.0,0.0,0.0,0.0,0.0,0.004566253941398202
2015-08-06,0.004727592747211529,0.004723411616562945,0.0026897598162444816,-0.0,-0.0,-0.0,-0.0,0.00244390988060994
2015-08-07,-0.005969944645451308,-0.005969944645451308,-0.006099108815255227,-0.006269944645451308,-0.006269944645451308,-0.006269944645451308,-0.005969944645451308,0.002909398722688694
2015-08-10,0.008633487186895317,0.008633487186895317,0.00832012486397236,-0.0003,-0.0003,-0.0003,0.0,0.0040593819135377185
2015-08-11,0.008952766799544421,0.008952766799544421,0.008963289979900552,0.007443960014360027,-0.0,0.007443960014360027,0.007685313552462594,-0.004226092821611793
2015-08-12,0.007667647825200706,0.007667647825200706,-0.0003,-0.00024135353810256663,-0.0,-0.00024135353810256663,-0.0,-0.015828600255782255
2015-08-13,-0.010054796810300002,-0.010054796810300002,-0.00565449774574162,0.0,0.0,0.0,0.0,0.009943781774675475
2015-08-14,-0.000546884459420815,-0.000546884459420815,-0.0003286382609557322,0.0,0.0,0.0,0.0,-0.0036950486689233397
2015-08-17,-0.0002691636851331899,-0.0003,-0.0001983412994303627,0.0,0.0,0.0,0.0,0.004912926550820096
2015-08-18,-0.0023710919076921576,-0.0023783435207709045,-0.0,-0.0,-0.0,-0.0,-0.0,-0.0031905059998164065
2015-08-19,-0.0022029880018246376,-0.00015953757699826792,-0.0,-0.0,-0.0,-0.0,-0.0,-0.016144412013467613
2015-08-20,-0.00820713836041525,-0.008259699253181518,-0.00553784568436454,-0.0,-0.0,-0.0,-0.0,-0.009351470114845606
2015-08-21,0.013377221630236292,0.013377221630236292,0.013476081896889532,0.01155398980455598,-0.0,0.01155398980455598,0.011807418244561958,-0.02983447078246404
2015-08-24,0.028014137413215456,0.028014137413215456,0.028014137413215456,0.027967565853221434,0.025100157736204335,0.027967565853221434,0.028014137413215456,-0.04605671005698342
2015-08-25,0.007189255467177801,-0.0003,-0.0003,-0.0003,-0.000271704192289622,-0.0003,-0.0,-0.039587570742880884
2015-08-26,0.026555979950830984,0.026666202118430703,0.022765066607100155,0.0,0.0,0.0,0.0,0.0320177733318856
2015-08-27,-0.0056760480870678975,-0.0056760480870678975,-0.005390775577522224,-0.0,-0.0,-0.0,-0.0,0.01075318072594178
2015-08-28,-0.01051280131080352,-0.01051280131080352,-0.00028347598393711114,0.0,0.0,0.0,0.0,0.030250218898555614
2015-08-31,0.004403259313301838,0.004403259313301838,-0.0,-0.0,-0.0,-0.0,-0.0,-0.0128467667626474
2015-09-01,-0.00628419849261854,-0.00021705010819960926,-0.0,-0.0,-0.0,-0.0,-0.0,-0.0383680561658557
2015-09-02,0.0023442256771838694,0.0,0.0,0.0,0.0,0.0,0.0,-0.0038693308438072505
2015-09-03,-0.0043607523644854165,-0.0,-0.0,-0.0,-0.0,-0.0,-0.0,0.004807311940998371
2015-09-04,-0.005952735955333005,-0.0,-0.0,-0.0,-0.0,-0.0,-0.0,-0.02146200006359178
2015-09-07,-0.00017881762229244512,0.0,0.0,0.0,0.0,0.0,0.0,0.0038393621839676317
2015-09-08,-0.002878554224775836,-0.0,-0.0,-0.0,-0.0,-0.0,-0.0,-0.0242653529239949
2015-09-09,0.0054413761376219715,0.0,0.0,0.0,0.0,0.0,0.0,0.0770886276689755
2015-09-10,2.1354538897483196e-05,-0.0,-0.0,-0.0,-0.0,-0.0,-0.0,-0.025086725447507896
2015-09-11,0.001045188605798503,0.0,0.0,0.0,0.0,0.0,0.0,-0.001934381105310301
2015-09-14,1.3159059007086056e-05,-0.0,-0.0,-0.0,-0.0,-0.0,-0.0,-0.0163446056214116
2015-09-15,-0.0003573472601123318,-0.0,-0.0,-0.0,-0.0,-0.0,-0.0,0.0033831831013046987
2015-09-16,-3.0374606730994203e-05,-0.0,-0.0,-0.0,-0.0,-0.0,-0.0,0.008050331337643657
2015-09-17,0.0010555204475629343,0.0,0.0,0.0,0.0,0.0,0.0,0.01434490784952791
2015-09-18,-0.0002816361986208788,-0.0,-0.0,-0.0,-0.0,-0.0,-0.0,-0.01964264862426013
2015-09-24,-0.004501071110247863,-0.0,-0.0,-0.0,-0.0,-0.0,-0.0,-0.027580245803370262
2015-09-25,0.004607272327811266,0.0,0.0,0.0,0.0,0.0,0.0,0.017566735287536828
2015-09-28,-0.005521711966679488,-0.005614755524492235,-0.0,-0.0,-0.0,-0.0,-0.0,-0.013165194600746388
2015-09-29,-0.014976213938045766,-0.014976213938045766,-0.0,-0.0,-0.0,-0.0,-0.0,-0.040479745184350824
2015-09-30,-0.0014193628328329337,-0.00018191439433776912,0.0,0.0,0.0,0.0,0.0,0.027010505745455715
2015-10-01,0.002812571252403794,0.0,0.0,0.0,0.0,0.0,0.0,0.019223984365250635
2015-10-02,-0.005064801022213298,-0.005001914949030843,0.0,0.0,0.0,0.0,0.0,0.00015296655377494695
2015-10-05,-0.0018245488717014591,-0.0001587660237815793,0.0,0.0,0.0,0.0,0.0,0.01581705529986066
2015-10-06,-0.0005108134478297387,-0.0,-0.0,-0.0,-0.0,-0.0,-0.0,0.010030794643691054
2015-10-07,0.00045934071446080836,0.0,0.0,0.0,0.0,0.0,0.0,0.0075266748953930485
2015-10-08,0.006697353266613061,0.006713587960954153,-0.0,-0.0,-0.0,-0.0,-0.0,-0.009922542196946549
2015-10-09,0.0027346391514002054,-0.00022493216620017765,0.0,0.0,0.0,0.0,0.0,0.016399162858910632
2015-10-13,0.002057721317823201,-0.0,-0.0,-0.0,-0.0,-0.0,-0.0,-0.011059891432736446
2015-10-14,-0.006451571256267031,-0.006326112605597368,-0.0,-0.0,-0.0,-0.0,-0.0,-0.018850843497457803
2015-10-15,-0.0020014673367528073,-0.0001554258287780503,0.0,0.0,0.0,0.0,0.0,0.011508601566430077
2015-10-16,5.675519266066699e-05,-0.0,-0.0,-0.0,-0.0,-0.0,-0.0,0.010769821705266525
2015-10-19,-0.002738400677857351,-0.0,-0.0,-0.0,-0.0,-0.0,-0.0,-0.008778267072785506
2015-10-20,-0.0004673045476487986,-0.0,-0.0,-0.0,-0.0,-0.0,-0.0,0.004187245979022203
2015-10-21,0.015432036807895044,0.015370018625916498,0.0,0.0,0.0,0.0,0.0,0.01906552638949699
2015-10-22,-0.0002523690126379348,-0.00021976297521776052,-0.0,-0.0,-0.0,-0.0,-0.0,-0.006381824610667719
2015-10-23,0.003117980401114885,0.003039101316746973,0.0020079237404649498,0.0,0.0,0.0,0.0,0.021123584554354036
2015-10-26,0.0040759354307633895,0.0040759354307633895,0.0026121969655886405,-0.0,-0.0,-0.0,-0.0,0.00647099139559737
2015-10-27,-0.00439960777949099,-0.0003,-0.00019267235362219236,-0.0,-0.0,-0.0,-0.0,-0.008976566667611596
2015-10-28,-0.001787345984169112,0.0,0.0,0.0,0.0,0.0,0.0,0.006709282988157428
2015-10-29,-0.0007118946366749918,-0.0,-0.0,-0.0,-0.0,-0.0,-0.0,0.0017294277348629539
2015-10-30,0.0005331936414914605,0.0,0.0,0.0,0.0,0.0,0.0,0.007783635500218544
2015-11-02,-0.0008049942246116274,-0.0,-0.0,-0.0,-0.0,-0.0,-0.0,-0.020953586324286677
2015-11-04,0.00021970424562659012,0.00025084710531187045,-0.0,-0.0,-0.0,-0.0,-0.0,0.01304216607067299
2015-11-05,0.00023568815234264364,-0.000163319406793261,0.0,0.0,0.0,0.0,0.0,0.010012199478710126
2015-11-06,0.000811196717643561,0.0,0.0,0.0,0.0,0.0,0.0,0.007804260941546293
2015-11-09,-0.00029280621504859395,0.0,0.0,0.0,0.0,0.0,0.0,0.019575857105245564
2015-11-10,-0.006781243044508698,-0.006786744767010605,0.0,0.0,0.0,0.0,0.0,0.0014519120504423721
2015-11-11,0.00026732669189820867,-0.00018003050879637008,0.0,0.0,0.0,0.0,0.0,0.0010233640150580925
2015-11-12,0.0010223301401681782,0.0,0.0,0.0,0.0,0.0,0.0,0.0003239439190192428
2015-11-13,0.0012603602179057467,0.0,0.0,0.0,0.0,0.0,0.0,-0.005120344962915135
2015-11-16,-0.005918133003630985,-0.005842834849749712,0.0,0.0,0.0,0.0,0.0,-0.010370038006230708
2015-11-17,-0.000376597249315895,-0.0002491876234307253,-0.0,-0.0,-0.0,-0.0,-0.0,0.012217448713030654
2015-11-18,-0.00022760191592218214,-0.0,-0.0,-0.0,-0.0,-0.0,-0.0,0.0009448921054995285
2015-11-19,6.175380959157443e-05,0.0,0.0,0.0,0.0,0.0,0.0,0.010719575204912735
2015-11-20,0.003840169453404452,0.003720733692901901,0.0031999684690610392,0.0,0.0,0.0,0.0,0.0010070589521886664
2015-11-24,0.0007785930558345278,-0.0003,-0.00025801108597202214,0.0,0.0,0.0,0.0,0.0022676311737832577
2015-11-25,-1.3208346212785504e-05,0.00010401837326088207,-0.0,-0.0,-0.0,-0.0,-0.0,-0.0038800989340437297
2015-11-26,-0.0005446418737546127,-0.0005446418737546127,0.0,0.0,0.0,0.0,0.0,0.004878684340551942
2015-11-27,-0.0001748801232202227,-0.00021442206832409917,-0.0,-0.0,-0.0,-0.0,-0.0,-0.003031962472254457
2015-11-30,0.005072389138244391,0.005070346402646123,-0.0,-0.0,-0.0,-0.0,-0.0,-0.0068632652157142315
2015-12-01,0.007998582635033126,0.007998582635033126,0.0,0.0,0.0,0.0,0.0,0.013415879505929595
2015-12-02,-0.00025207406915871014,-0.00023741495165164234,-0.0,-0.0,-0.0,-0.0,-0.0,-0.0037111755611681785
2015-12-03,0.0019820234504106474,0.0019754647507654547,0.0010039610868228463,0.0,0.0,0.0,0.0,8.875111024608806e-05
2015-12-04,-0.002169091357970732,-0.0003,-0.00015246454077712555,-0.0,-0.0,-0.0,-0.0,-0.02183661469441034
2015-12-07,-0.0008173857362278272,-0.0009210041499368212,-0.0009210041499368212,-0.0009210041499368212,-0.0009210041499368212,-0.0009210041499368212,-0.0006210041499368213,0.009929509385563806
2015-12-08,-0.0006959269145073517,-0.0003,-0.0003,-0.0003,-0.0003,-0.0003,-0.0,-0.01043502954205433
2015-12-09,0.0024533926397453127,0.0024656140722572406,-0.0,-0.0,-0.0,-0.0,-0.0,-0.00982574416512838
2015-12-10,-0.00031656907647623615,-0.0001695214192232277,-0.0,-0.0,-0.0,-0.0,-0.0,-0.013186809183590498
2015-12-11,0.010755224132500095,0.010726403730136858,0.009613189495928952,0.0,0.0,0.0,0.0,0.009656850188385135
2015-12-14,-0.00040569151174902837,-0.00040569151174902837,-0.0003745567270938445,-6.14738817685304e-05,-0.0,-6.14738817685304e-05,0.00011301661633647619,-0.018047419430782363
2015-12-15,-0.016665400621139925,-0.016665400621139925,-0.016665400621139925,-0.009440397349889409,-0.0,-0.009440397349889409,-0.009096050206054352,-0.01681472596402822
2015-12-16,-0.010230539480388167,-0.010230539480388167,-0.010230539480388167,-0.010100396126118218,-0.009930539480388167,-0.010100396126118218,-0.009630539480388167,0.02606982454076956
2015-12-17,-0.0011685520229640194,-0.0011685520229640194,-0.0011685520229640194,-0.0011685520229640194,-0.0011685520229640194,-0.0011685520229640194,-0.0005685520229640195,0.015939728226244565
2015-12-18,0.01666978239956911,0.01666978239956911,0.01666978239956911,0.008951157001333943,-0.0003,0.008951157001333943,0.009414703417843718,-0.018950506018605484
2015-12-21,-0.0037419825024542774,-0.0037419825024542774,-0.0021219290141447147,-0.0001635464165097752,0.0,-0.0001635464165097752,0.0,-0.0037279187165590866
2015-12-22,-0.0026031119212417547,-0.0026031119212417547,-0.00015879764172353604,-0.0,-0.0,-0.0,-0.0,-0.0015500254930251867
2015-12-24,-0.009145303299033316,-0.009145303299033316,-0.0,-0.0,-0.0,-0.0,-0.0,-0.005136406552643802
2015-12-25,-0.00034950520154800643,-0.00018379271436560197,-0.0,-0.0,-0.0,-0.0,-0.0,-0.0010978843637338143
2015-12-28,-7.386633239105828e-05,0.0,0.0,0.0,0.0,0.0,0.0,0.005556434870010785
2015-12-29,0.007060360635297777,0.0070680924263066495,0.0070680924263066495,0.0070680924263066495,0.004996977730171581,0.0070680924263066495,0.007368092426306649,0.005769026782660447
2015-12-30,-0.0015834391241435963,-0.0015834391241435963,-0.0003,-0.0003,-0.00021209305547165969,-0.0003,-0.0,0.002712034754543291
2016-01-04,0.0029462438439643024,-0.0002338652202774844,-0.0,-0.0,-0.0,-0.0,-0.0,-0.030615704455294157
2016-01-05,0.0010953318594008696,0.0010457301437925785,0.0010457301437925785,0.0005424898335920324,-0.0,0.0005424898335920324,0.0006981198027993566,-0.004172161413339537
2016-01-06,0.005895019179060088,0.005895019179060088,-0.0003,-0.00015562996920732422,-0.0,-0.00015562996920732422,-0.0,-0.009942292777838202
2016-01-07,-0.020983339868233784,-0.020983339868233784,-0.020831114624053106,-0.020831114624053106,-0.020831114624053106,-0.020831114624053106,-0.020531114624053104,-0.023306745275584295
2016-01-08,-0.00832854387667432,-0.00832854387667432,-0.00832854387667432,-0.00832854387667432,-0.005172858386203719,-0.00832854387667432,-0.007728543876674321,-0.003904856149549274
2016-01-12,0.009366582077838012,0.009366582077838012,-0.0003,-0.0003,-0.00018208252185160427,-0.0003,-0.0,-0.02706526484557059
2016-01-13,0.014776668781970256,0.014776668781970256,0.01281690237540712,0.0,0.0,0.0,0.0,0.028844360799572755
2016-01-14,0.0015136046417773626,-0.0003,-0.00025678915990340237,-0.0,-0.0,-0.0,-0.0,-0.026794509571404945
2016-01-15,0.021189331317079445,0.021121167028924935,0.021121167028924935,0.021121167028924935,0.021121167028924935,0.021121167028924935,0.021421167028924937,-0.005442846711012139
2016-01-18,0.002469455574969017,-0.0003,-0.0003,-0.0003,-0.0003,-0.0003,0.0,-0.01117034121093663
2016-01-19,-0.002161574854984559,0.0,0.0,0.0,0.0,0.0,0.0,0.005473058494327887
2016-01-20,-0.0364274266031743,-0.0363587065570136,-0.0363587065570136,-0.0363587065570136,-0.0363587065570136,-0.0363587065570136,-0.0360587065570136,-0.037081534443876074
2016-01-21,0.026703300473773606,0.026703300473773606,0.026703300473773606,0.026703300473773606,0.015033827289084152,0.026703300473773606,0.027303300473773606,-0.02430099193476709
2016-01-22,-0.03806208227355934,-0.03806208227355934,-0.03806208227355934,-0.03806208227355934,-0.025533829020072108,-0.03806208227355934,-0.03806208227355934,0.05876595279237962
2016-01-25,0.002035505439045071,0.002035505439045071,0.0018302054567139,-0.0003,-0.00020101242579626002,-0.0003,-0.0,0.008985499668481278
2016-01-26,-0.007980116615728127,-0.007980116615728127,-0.006475389624842442,-0.0,-0.0,-0.0,-0.0,-0.023494353132241796
2016-01-27,-0.013269070066380517,-0.013269070066380517,-0.010633616591179632,0.0,0.0,0.0,0.0,0.027232164930811376
2016-01-28,-0.001678006896221728,-0.001678006896221728,-0.0016183795043346184,-0.001378006896221728,-0.0007511397159846679,-0.001378006896221728,-0.0010780068962217282,-0.007135357405677167
2016-01-29,0.02117394067963052,0.02117394067963052,0.02117394067963052,0.02117394067963052,0.021037468101309797,0.02117394067963052,0.02117394067963052,0.027981866822414325
2016-02-01,0.008142869226239626,0.008142869226239626,-0.0003,-0.0003,-0.0003,-0.0003,0.0,0.019803843525242115
2016-02-02,0.0018904110359256431,0.0018904110359256431,0.001352395461975664,0.0,0.0,0.0,0.0,-0.006411939742416051
2016-02-03,-0.017497455538621032,-0.017497455538621032,-0.01754826599972096,-0.017797455538621033,-0.014218089568010173,-0.017797455538621033,-0.017497455538621032,-0.0315159586758782
2016-02-04,0.00011180726937175863,-0.0003,-0.0003,-0.0003,-0.00023966498251095178,-0.0003,-0.0,-0.00850780284301611
2016-02-05,-0.0012996504668120936,-0.0014000896221702096,0.0,0.0,0.0,0.0,0.0,-0.013223849795491849
2016-02-08,0.02255993345173041,0.02255993345173041,0.022766764779775538,0.022766764779775538,0.021826884917965077,0.022766764779775538,0.02306676477977554,0.010981893091087214
2016-02-09,0.0046435044331538415,-0.0003,-0.0003,-0.0003,-0.00028761510643824035,-0.0003,-0.0,-0.054036938265388246
2016-02-10,0.00048576032752412925,-0.0,-0.0,-0.0,-0.0,-0.0,-0.0,-0.023129660818197895
2016-02-12,0.023474155059993833,0.023468055063624794,-0.0,-0.0,-0.0,-0.0,-0.0,-0.0484159887774851
2016-02-15,-0.050841063113514585,-0.050841063113514585,-0.05107261986272741,-0.03968846935008784,0.0,-0.03968846935008784,-0.03945533972335186,0.07155738706524195
2016-02-16,-0.006967710856821105,-0.006967710856821105,-0.0003,-0.0002331296267359822,0.0,-0.0002331296267359822,0.0,0.00198779530011417
2016-02-17,0.012267768982878423,0.012267768982878423,0.011927291546107725,-0.0,-0.0,-0.0,-0.0,-0.013583125665764917
2016-02-18,-0.003638581930331064,-0.003638581930331064,-0.0036430938007928977,-0.003938581930331064,-0.0028324007144577765,-0.003938581930331064,-0.003638581930331064,0.02276024573344837
2016-02-19,-0.005785569625952402,-0.005785569625952402,-0.005785569625952402,-0.005785569625952402,-0.00570131230424827,-0.005785569625952402,-0.005185569625952402,-0.014177484785978689
2016-02-22,-0.01698090804711223,-0.01698090804711223,-0.015908831797627813,-0.0003,-0.0003,-0.0003,0.0,0.009010982128735634
2016-02-23,0.0054118333794974235,0.0054118333794974235,-0.00028071910270490314,-0.0,-0.0,-0.0,-0.0,-0.0036620829005713507
2016-02-24,0.0036274037986903473,0.0036274037986903473,0.002633174899379,0.0,0.0,0.0,0.0,-0.008488620910284572
2016-02-25,-0.0028759457413905874,-0.0003,-0.00020902558037462293,0.0,0.0,0.0,0.0,0.014108618179580201
2016-02-26,-0.0006468344307606544,-0.0,-0.0,-0.0,-0.0,-0.0,-0.0,0.002978271397340748
2016-02-29,0.017243592634171575,0.017265399801458657,0.017265399801458657,0.017265399801458657,0.017265399801458657,0.017265399801458657,0.01756539980145866,-0.009985563070416204
2016-03-01,0.0038229531772690974,0.0038229531772690974,-0.0003,-0.0003,-0.0003,-0.0003,0.0,0.0036657440966956223
2016-03-02,-0.022254415612674338,-0.022254415612674338,-0.021961881803595186,-0.021961881803595186,-0.021210766553750367,-0.021961881803595186,-0.021661881803595184,0.04109543466490906
2016-03-03,0.0035147029800373627,-0.0003,-0.0003,-0.0003,-0.00028973974193247147,-0.0003,0.0,0.012755425149348687
2016-03-04,0.001647055469999929,0.0,0.0,0.0,0.0,0.0,0.0,0.003220437786070729
2016-03-07,-0.006859218180073565,-0.0069562528394046304,-0.00440821461529539,-0.0,-0.0,-0.0,-0.0,-0.0060805363719294014
2016-03-08,0.0011442157740818814,-0.0003,-0.00019011160392235017,-0.0,-0.0,-0.0,-0.0,-0.007578942359708241
2016-03-09,0.0006267613979891191,0.0006990247056554936,0.0006990247056554936,0.0006990247056554936,0.0005476311721399885,0.0006990247056554936,0.0009990247056554935,-0.008398373880611487
2016-03-10,-0.00022078455848436202,-0.0003,-0.0003,-0.0003,-0.0002350265309835339,-0.0003,0.0,0.0126275612893898
2016-03-11,-0.007028781875869718,0.0,0.0,0.0,0.0,0.0,0.0,0.0051339743866853915
2016-03-14,-0.004755236771076528,-0.004860075759145521,-0.004860075759145521,-0.0030727259213049396,0.0,-0.0030727259213049396,-0.002883054438374486,0.017408532820398115
2016-03-15,-0.0009622939571364093,-0.0003,-0.0003,-0.00018967148293045377,-0.0,-0.00018967148293045377,-0.0,-0.006770417784869753
2016-03-16,-0.00036565878418494857,-0.0003973423356597038,-0.0,-0.0,-0.0,-0.0,-0.0,-0.008332097207420452
2016-03-17,-0.01013972328140756,-0.01013972328140756,-0.008411029464491234,-0.0,-0.0,-0.0,-0.0,-0.002242685985531123
2016-03-18,-0.001846928215831171,-0.0003,-0.00024478313136610104,-0.0,-0.0,-0.0,-0.0,-0.01249206157187277
2016-03-22,-0.006918683253420909,-0.006867762577602609,-0.006867762577602609,-0.0035970029828432553,0.0,-0.0035970029828432553,-0.0034398774441165413,0.01935688499834698
2016-03-23,0.002448555033082574,0.002448555033082574,-0.0003,-0.00015712553872671407,-0.0,-0.00015712553872671407,-0.0,-0.002790284823054767
2016-03-24,-0.005627289569519908,-0.005627289569519908,-0.003948987474187938,-0.0,-0.0,-0.0,-0.0,-0.006390830859709151
2016-03-25,8.624720254215147e-06,-0.0003,-0.00021827962759960514,0.0,0.0,0.0,0.0,0.006536689809180984
2016-03-28,-0.00017211558875870818,0.0,0.0,0.0,0.0,0.0,0.0,0.007741050161003349
2016-03-29,-0.005131895140727444,-0.005204773036712179,0.0,0.0,0.0,0.0,0.0,-0.0017998820672585625
2016-03-30,-0.009592059522097815,-0.009592059522097815,-0.0,-0.0,-0.0,-0.0,-0.0,-0.013129942684755203
2016-03-31,0.008605157798144369,0.008605157798144369,-0.0,-0.0,-0.0,-0.0,-0.0,-0.007126683690448554
2016-04-01,-0.024916629052937574,-0.024916629052937574,-0.0,-0.0,-0.0,-0.0,-0.0,-0.03547475834278413
2016-04-04,-0.001535595716259752,-0.001535595716259752,0.0,0.0,0.0,0.0,0.0,-0.002529709221186449
2016-04-05,0.012730177184020412,0.012730177184020412,-0.0,-0.0,-0.0,-0.0,-0.0,-0.02421650385445917
2016-04-06,0.0006819754104653899,0.0006819754104653899,0.00048459301720912314,0.0002765923426029264,-0.0,0.0002765923426029264,0.0004478240769328278,-0.0011097794667894734
2016-04-07,-0.0006722093848470223,-0.0006722093848470223,-0.0006722093848470223,-0.00040106212037804915,0.0,-0.00040106212037804915,-0.0003956979905984919,0.002193999463974805
2016-04-08,0.013425961633697567,0.013425961633697567,-0.0003,-0.00017659586410945867,0.0,-0.00017659586410945867,0.0,0.004551137548769679
2016-04-11,-0.00043884241385938746,-0.0002921983660868174,-0.0,-0.0,-0.0,-0.0,-0.0,-0.004448981546840036
2016-04-12,-0.004130642821966532,0.0,0.0,0.0,0.0,0.0,0.0,0.011279200766661335
2016-04-13,0.000669160666046066,0.0,0.0,0.0,0.0,0.0,0.0,0.028403267692680867
2016-04-14,-0.017226315287649976,-0.01721061795603788,-0.015156829217651019,0.0,0.0,0.0,0.0,0.0323438097731128
2016-04-15,4.4301688962622475e-06,-0.0003,-0.00026420020343895305,0.0,0.0,0.0,0.0,-0.0037266450908464144
2016-04-18,-0.0011141049657123212,-0.0,-0.0,-0.0,-0.0,-0.0,-0.0,-0.03395525325140614
2016-04-19,0.001222315207552287,0.0,0.0,0.0,0.0,0.0,0.0,0.036771386655193083
2016-04-20,0.0049761264790540265,0.0049969914568391924,-0.0,-0.0,-0.0,-0.0,-0.0,0.0019022622626470032
2016-04-21,-0.010380662231487417,-0.010380662231487417,-0.010560478492779779,-0.005846085781005697,0.0,-0.005846085781005697,-0.005680011323726057,0.02703569763363567
2016-04-22,-0.015694865769133228,-0.015694865769133228,-0.0003,-0.00016607445727963966,0.0,-0.00016607445727963966,0.0,0.012029237226317102
2016-04-25,-0.005913071856243816,-0.005913071856243816,-0.0,-0.0,-0.0,-0.0,-0.0,-0.0075794296282752915
2016-04-26,-0.00016690237714880727,-0.00016727647559244867,-0.0,-0.0,-0.0,-0.0,-0.0,-0.004932622325517055
2016-04-27,-0.0027764969821891,-0.002750057044577204,-0.0,-0.0,-0.0,-0.0,-0.0,-0.0036182822523526115
2016-04-28,-0.041831343467899594,-0.041831343467899594,-0.0,-0.0,-0.0,-0.0,-0.0,-0.0361146181895734
2016-05-02,-0.0016226218203767477,-0.0002823764457660357,-0.0,-0.0,-0.0,-0.0,-0.0,-0.0311214039393799
2016-05-06,0.0011879694112604357,-0.0,-0.0,-0.0,-0.0,-0.0,-0.0,-0.0025180652554832594
2016-05-09,0.0004082588586557641,0.00034955433338742544,0.0002442916451154193,-0.0,-0.0,-0.0,-0.0,0.006786642390922637
2016-05-10,-0.002162042831602601,-0.0003,-0.00020965980545690517,0.0,0.0,0.0,0.0,0.02153172964035699
2016-05-11,0.008059807354370369,0.008023772228465897,-0.0,-0.0,-0.0,-0.0,-0.0,0.000834298487144336
2016-05-12,0.010775997188513717,0.010775997188513717,0.011039848856599444,0.011039848856599444,0.00666231910848538,0.011039848856599444,0.011339848856599444,0.004061164030713327
2016-05-13,-0.008730789294330186,-0.0003,-0.0003,-0.0003,-0.0001810437587060647,-0.0003,-0.0,-0.014064888044317159
2016-05-16,0.004353577566037448,0.004243730637105226,0.003060402827012531,0.0,0.0,0.0,0.0,0.0033017765449980807
2016-05-17,-0.0010540243496936512,-0.0003,-0.00021634757872616457,0.0,0.0,0.0,0.0,0.011320044830874343
2016-05-18,0.0016071919640651133,0.0017039889303244963,0.0011383685602450134,0.0,0.0,0.0,0.0,-0.00048708491932081266
2016-05-19,-0.0023505224836216526,-0.0003,-0.00020041830201823497,-0.0,-0.0,-0.0,-0.0,0.00011839831139837109
2016-05-20,-0.004501573271677246,-0.004435193458625481,0.0,0.0,0.0,0.0,0.0,0.005387834693755478
2016-05-23,-0.0008035790648749494,-0.0008035790648749494,-0.0,-0.0,-0.0,-0.0,-0.0,-0.0048845776951389475
2016-05-24,0.0018237540263573023,-0.00015056265135433906,-0.0,-0.0,-0.0,-0.0,-0.0,-0.009357165432081427
2016-05-25,6.1003314418519465e-05,-0.0,-0.0,-0.0,-0.0,-0.0,-0.0,0.01567328983653482
2016-05-26,-0.005261649386344875,-0.005195552180963712,-0.0,-0.0,-0.0,-0.0,-0.0,0.0009017731608669255
2016-05-27,-0.00040492208993864697,-0.00016458818004135272,0.0,0.0,0.0,0.0,0.0,0.0037191266375546927
2016-05-30,0.0003720582019620585,0.0,0.0,0.0,0.0,0.0,0.0,0.01385101905715902
2016-05-31,0.0012002248222702642,0.0,0.0,0.0,0.0,0.0,0.0,0.009782092010986343
2016-06-01,-0.00598246949491482,-0.006012335977840361,-0.0,-0.0,-0.0,-0.0,-0.0,-0.01620251328432476
2016-06-02,0.011181663815514518,0.011181663815514518,-0.0,-0.0,-0.0,-0.0,-0.0,-0.02318860212036533
2016-06-03,0.001485635666652376,0.001485635666652376,0.0,0.0,0.0,0.0,0.0,0.004810834306404166
2016-06-06,-0.013151147636224578,-0.013151147636224578,-0.012125796799025517,0.0,0.0,0.0,0.0,-0.003737550203489759
2016-06-07,0.0008652791478766414,0.0008652791478766414,0.00036168368197367286,0.0,0.0,0.0,0.0,0.005755111777334676
2016-06-08,0.003588786925604162,0.003588786925604162,-0.0001655755389156937,0.0,0.0,0.0,0.0,0.009323329230026767
2016-06-09,0.002413597354584054,0.002413597354584054,-0.0,-0.0,-0.0,-0.0,-0.0,-0.009655429791082804
2016-06-10,0.001609064079422511,0.001609064079422511,-0.0,-0.0,-0.0,-0.0,-0.0,-0.004022626070600888
2016-06-13,0.018306530194862138,0.018306530194862138,0.018079106311624536,0.01062591319110774,-0.0,0.01062591319110774,0.010802236837995232,-0.035068193775547374
2016-06-14,-0.009003989777946706,-0.009003989777946706,-0.0003,-0.00017632364688749248,-0.0,-0.00017632364688749248,-0.0,-0.009999244070218571
2016-06-15,-0.005241991438740071,-0.005241991438740071,0.0,0.0,0.0,0.0,0.0,0.003819917909388959
2016-06-16,-0.011324865025912859,-0.00018761200668716558,-0.0,-0.0,-0.0,-0.0,-0.0,-0.030493293623651607
2016-06-17,0.000902139598997212,0.0010221567174918246,-0.0,-0.0,-0.0,-0.0,-0.0,0.010724310624548261
2016-06-20,0.007488576826822111,0.007488576826822111,0.0,0.0,0.0,0.0,0.0,0.023438949616540583
2016-06-21,0.017249283823411714,0.017249283823411714,0.0,0.0,0.0,0.0,0.0,0.012765845262433517
2016-06-22,-0.00036215830411501373,-0.0002804148450518795,-0.0,-0.0,-0.0,-0.0,-0.0,-0.006394329851920899
2016-06-23,-0.0006681736707907554,0.0,0.0,0.0,0.0,0.0,0.0,0.010745231819716095
2016-06-24,-0.08492211631507947,-0.08490031676653478,-0.07927250145410898,-0.0,-0.0,-0.0,-0.0,-0.07921556741101043
2016-06-27,-0.010903508066184408,-0.010903508066184408,-0.010883621867192118,-0.010603508066184408,-0.010603508066184408,-0.010603508066184408,-0.010303508066184408,0.02388910935683075
2016-06-28,-0.015133095507706695,-0.015133095507706695,-0.015133095507706695,-0.015133095507706695,-0.015133095507706695,-0.015133095507706695,-0.015133095507706695,0.0009098893761039228
2016-06-29,0.0022009720739485823,0.0022009720739485823,0.0022009720739485823,0.0022009720739485823,0.0009626316255213243,0.0022009720739485823,0.002800972073948582,0.015903426796240794
2016-06-30,-0.011222833372854013,-0.011222833372854013,-0.00936193318836621,-0.0003,-0.00015145690413822063,-0.0003,-0.0,0.0005839238755984688
2016-07-01,0.00038987407099770946,0.00038987407099770946,0.0004409844410170657,0.0005553375334863801,-0.0,0.0005553375334863801,0.0007968327092725523,0.006841364581320564
2016-07-04,0.01237661479976165,0.01237661479976165,-0.0003,-0.00024149517578617215,0.0,-0.00024149517578617215,0.0,0.0059505469254979015
2016-07-05,-0.0003887626371362614,-0.00027247134363072613,-0.0,-0.0,-0.0,-0.0,-0.0,-0.006748927336848176
2016-07-06,0.0032265553937902286,0.0032938883966711855,0.0032938883966711855,0.003256228210844656,-0.0,0.003256228210844656,0.00355279820521381,-0.018529180399060263
2016-07-07,-0.004794129616236553,-0.004794129616236553,-0.0003,-0.00029656999436915445,-0.0,-0.00029656999436915445,-0.0,-0.006681192876391462
2016-07-08,-0.014369483803839234,-0.014369483803839234,-0.014644729718674176,-0.014644729718674176,-0.011752305758529836,-0.014644729718674176,-0.014344729718674176,-0.01107993609868263
2016-07-11,0.01550908499857982,0.01550908499857982,-0.0003,-0.0003,-0.00024074815959649817,-0.0003,0.0,0.039838526633098725
2016-07-12,0.004988476358459337,0.004988476358459337,0.0,0.0,0.0,0.0,0.0,0.02462502405843847
2016-07-13,-0.006947683376452833,-0.006947683376452833,-0.007126795111056771,-0.007126795111056771,-0.006732289472320838,-0.007126795111056771,-0.0068267951110567715,0.008435775726968187
2016-07-14,-0.009217674350343276,-0.009217674350343276,-0.0003,-0.0003,-0.0002833934202153272,-0.0003,0.0,0.009516163423296753
2016-07-15,0.005612058436509554,0.005612058436509554,0.005405457982413011,0.0,0.0,0.0,0.0,0.006832645654559988
2016-07-19,-0.002472773819368712,-0.0003,-0.00027464220053638233,0.0,0.0,0.0,0.0,0.013666080297633387
2016-07-20,-1.5072952868782502e-05,0.0,0.0,0.0,0.0,0.0,0.0,-0.0024767776546934517
2016-07-21,-0.0029543559420404622,-0.0029673690348339995,-0.0021488605837104756,-0.0,-0.0,-0.0,-0.0,0.007692777815763829
2016-07-22,-0.0013301866020791642,-0.0013301866020791642,-0.00021724907402668442,0.0,0.0,0.0,0.0,-0.010884491426753629
2016-07-25,0.001981803732086435,0.001981803732086435,-0.0,-0.0,-0.0,-0.0,-0.0,-0.0004186463486144376
2016-07-26,-0.0011052188511057883,-0.00028093927915594615,-0.0,-0.0,-0.0,-0.0,-0.0,-0.01427466288614676
2016-07-27,0.008122345320727906,0.008096421230057793,0.008096421230057793,0.004563657168154258,0.0,0.004563657168154258,0.0047327562196417886,0.01719951076025228
2016-07-28,-0.007189049512493995,-0.007189049512493995,-0.007189049512493995,-0.005311963997512393,-0.0,-0.005311963997512393,-0.005261499950644551,-0.011280077746112838
2016-07-29,-0.005670852532201207,-0.0003,-0.0003,-0.00021956309835537298,0.0,-0.00021956309835537298,0.0,0.005609673236889545
2016-08-01,-0.007663899398593927,-0.007786789398189291,0.0,0.0,0.0,0.0,0.0,0.004013453934983646
2016-08-02,0.00034595087245607503,-0.00017014003530790254,-0.0,-0.0,-0.0,-0.0,-0.0,-0.014686444894601913
2016-08-03,0.0019228031246351657,-0.0,-0.0,-0.0,-0.0,-0.0,-0.0,-0.018810958266874622
2016-08-04,0.004986917306759159,0.00505304215051835,0.0033687353338293074,0.0,0.0,0.0,0.0,0.010680726123247108
2016-08-05,-0.0003800267358189713,-0.0003,-0.00020000240845905487,-0.0,-0.0,-0.0,-0.0,-2.7035134319897125e-05
2016-08-08,0.011157007490306507,0.011137124526557652,0.011137124526557652,0.011137124526557652,0.006954550180324226,0.011137124526557652,0.011437124526557652,0.02436994868652853
2016-08-09,-0.003395186557691975,-0.0003,-0.0003,-0.0003,-0.0001873342664995897,-0.0003,0.0,0.006870658991128709
2016-08-10,-0.00032494977654200203,0.0,0.0,0.0,0.0,0.0,0.0,-0.0017805913907403825
2016-08-12,-0.0006553843070434249,0.0,0.0,0.0,0.0,0.0,0.0,0.011042692896125805
2016-08-15,-0.00012881195485806552,0.0,0.0,0.0,0.0,0.0,0.0,-0.002976336485782771
2016-08-16,-0.017148538320450737,-0.017016397392509965,-0.017016397392509965,-0.010386347585322246,-0.0,-0.010386347585322246,-0.010203235719530478,-0.01618600440072404
2016-08-17,0.0033268243798813307,-0.0003,-0.0003,-0.00018311186579176788,0.0,-0.00018311186579176788,0.0,0.008985675993387732
2016-08-18,0.009426937094283315,0.009543920422806352,0.006599137998595535,-0.0,-0.0,-0.0,-0.0,-0.015504385003186516
2016-08-19,0.0007585612978511236,0.0007585612978511236,0.0004309994047015617,-0.0,-0.0,-0.0,-0.0,0.0036279577487399184
2016-08-22,-0.0006644795319256763,-0.0006644795319256763,-0.00038802533590488866,-0.0,-0.0,-0.0,-0.0,0.00316509786978858
2016-08-23,-0.00014639768502383907,-0.0003,-0.00017045469806886273,-0.0,-0.0,-0.0,-0.0,-0.006074763660804949
2016-08-24,0.0012535560344709609,0.0,0.0,0.0,0.0,0.0,0.0,0.006058024437623155
2016-08-25,0.00043929060586965344,0.0005889342912361521,-0.0,-0.0,-0.0,-0.0,-0.0,-0.002491463102645919
2016-08-26,0.00040048182660859207,-0.00015235691596391496,-0.0,-0.0,-0.0,-0.0,-0.0,-0.011792694893711486
2016-08-29,0.006078386266697625,0.00609945283104626,0.006008661563018833,0.0,0.0,0.0,0.0,0.023029579665985844
2016-08-30,-0.0010715254920692647,-0.0003,-0.00029553445511217176,0.0,0.0,0.0,0.0,-0.0007247717074143623
2016-08-31,0.0005908641890759621,0.0,0.0,0.0,0.0,0.0,0.0,0.009688342832693264
2016-09-01,-0.0010216360777429417,0.0,0.0,0.0,0.0,0.0,0.0,0.0023354366102963375
2016-09-02,0.00020853994467597372,0.0,0.0,0.0,0.0,0.0,0.0,-6.853944745199847e-05
2016-09-05,0.004354579550703382,0.0044461371698505505,-0.0,-0.0,-0.0,-0.0,-0.0,0.006614279245617416
2016-09-06,-0.0005202381488768458,-0.0002574752404026901,0.0,0.0,0.0,0.0,0.0,0.0026030385175646042
2016-09-07,-0.004340602070701604,-0.004372696498804683,0.0,0.0,0.0,0.0,0.0,-0.004071015989757121
2016-09-08,5.1040783419965564e-05,-0.00027724807866581124,-0.0,-0.0,-0.0,-0.0,-0.0,-0.0031547457977957327
2016-09-09,0.0013318712449172203,0.0012767134370585064,-0.0,-0.0,-0.0,-0.0,-0.0,0.000412189950580899
2016-09-12,-0.0036685026668797967,-0.0036685026668797967,-0.0,-0.0,-0.0,-0.0,-0.0,-0.01726063835604552
2016-09-13,0.00012696515482773672,-0.00021178892744440776,-0.0,-0.0,-0.0,-0.0,-0.0,0.003365885573010541
2016-09-14,-0.00013208674483050658,-0.0,-0.0,-0.0,-0.0,-0.0,-0.0,-0.006862248793616299
2016-09-15,0.00010239546122398186,-0.0,-0.0,-0.0,-0.0,-0.0,-0.0,-0.01259344187867828
2016-09-16,-0.0001422009597014922,0.0,0.0,0.0,0.0,0.0,0.0,0.006966121843734685
2016-09-20,-0.0032130324128371796,-0.003224188433694468,0.0,0.0,0.0,0.0,0.0,-0.001642847447751672
2016-09-21,0.002640523216195675,-0.00016905713186371726,0.0,0.0,0.0,0.0,0.0,0.019128418218847143
2016-09-23,-1.0929844294058294e-05,3.1036665431217634e-05,-0.0,-0.0,-0.0,-0.0,-0.0,-0.003189006659809812
2016-09-26,-0.0007639176537427592,-0.00019694426128199615,-0.0,-0.0,-0.0,-0.0,-0.0,-0.012502013859080896
2016-09-27,-0.0026133319400110577,0.0,0.0,0.0,0.0,0.0,0.0,0.008423864763898115
2016-09-28,0.0007700387015304676,-0.0,-0.0,-0.0,-0.0,-0.0,-0.0,-0.013098190951903121
2016-09-29,-0.0014254658410200217,0.0,0.0,0.0,0.0,0.0,0.0,0.01386607926066552
2016-09-30,9.877964552029303e-05,-0.0,-0.0,-0.0,-0.0,-0.0,-0.0,-0.014608560952267258
2016-10-03,-0.0013255135431099335,-0.0013553917593591243,0.0,0.0,0.0,0.0,0.0,0.009047509248641505
2016-10-04,-0.0019182238810744765,-0.0001791002442584043,0.0,0.0,0.0,0.0,0.0,0.008252496699719059
2016-10-05,-0.0014138955814314033,-0.0015396209871749776,0.0,0.0,0.0,0.0,0.0,0.004994717372730495
2016-10-06,0.000256461930575932,-0.0002131067337900226,-0.0,-0.0,-0.0,-0.0,-0.0,0.004748096459005646
2016-10-07,-9.472749561854866e-05,-0.0,-0.0,-0.0,-0.0,-0.0,-0.0,-0.0023083931408605096
2016-10-11,-0.0007733994106579391,0.0,0.0,0.0,0.0,0.0,0.0,0.009766847235161302
2016-10-12,0.00012216364548005892,-0.0,-0.0,-0.0,-0.0,-0.0,-0.0,-0.010852415433083018
2016-10-13,-0.0056225954818736445,-0.005551437688387386,-0.0,-0.0,-0.0,-0.0,-0.0,-0.003904974205760081
2016-10-14,0.006170217512465815,0.006170217512465815,0.0055241272806424765,0.0,0.0,0.0,0.0,0.004896132707202794
2016-10-17,-0.0013997071465523072,-0.0013997071465523072,-0.0002767611406106546,0.0,0.0,0.0,0.0,0.0025954581105227525
2016-10-18,0.00320102947379752,0.00320102947379752,0.0,0.0,0.0,0.0,0.0,0.0037567921176591135
2016-10-19,0.00014051455468932486,-0.00017703186116389624,0.0,0.0,0.0,0.0,0.0,0.0020809711229277106
2016-10-20,-0.009315572980206709,-0.009283959528949103,0.0,0.0,0.0,0.0,0.0,0.013917941890116525
2016-10-21,-0.000949152051697829,-0.00019626232959658066,-0.0,-0.0,-0.0,-0.0,-0.0,-0.0029537963070407347
2016-10-24,-0.0003461514548907002,0.0,0.0,0.0,0.0,0.0,0.0,0.0028996955166271654
2016-10-25,0.00040679889335874293,0.0,0.0,0.0,0.0,0.0,0.0,0.007591208681119621
2016-10-26,0.0019285089881964667,0.0018882915173295779,0.0,0.0,0.0,0.0,0.0,0.0015312099595456985
2016-10-27,-0.00023274331091732305,-0.00017039341277066223,-0.0,-0.0,-0.0,-0.0,-0.0,-0.0031865473907819464
2016-10-28,-0.00013852351233012693,-0.0,-0.0,-0.0,-0.0,-0.0,-0.0,0.006344460671272367
2016-10-31,0.002492696750909085,0.0026013387958469256,0.0,0.0,0.0,0.0,0.0,-0.001226076012682542
2016-11-01,0.0034891738847281197,0.0034891738847281197,0.0032592295441786438,0.002587203132811572,0.0,0.002587203132811572,0.0028253455923476865,0.0009974657040601187
2016-11-02,0.0026948520310028355,0.0026948520310028355,-0.0003,-0.0002381424595361145,-0.0,-0.0002381424595361145,-0.0,-0.017642107521530948
2016-11-04,0.0009273432144233391,-0.0001577967335412725,-0.0,-0.0,-0.0,-0.0,-0.0,-0.013383402356058727
2016-11-07,-0.0007342392069897751,0.0,0.0,0.0,0.0,0.0,0.0,0.016080791686807983
2016-11-08,0.003908484031370776,0.0038361482022169716,0.0038361482022169716,0.003272304075726508,-0.0,0.003272304075726508,0.003528209523318605,-0.0003394077272621532
2016-11-09,-0.0059341863696249246,-0.0003,-0.0003,-0.00025590544759209697,-0.0,-0.00025590544759209697,-0.0,-0.05356824985978326
2016-11-10,-0.0475157443663592,-0.047487537440225304,-0.047487537440225304,-0.047487537440225304,-0.047487537440225304,-0.047487537440225304,-0.0471875374402253,0.06724777345320088
2016-11-11,0.008662275129869501,0.008662275129869501,0.008662275129869501,0.008662275129869501,0.008662275129869501,0.008662275129869501,0.008662275129869501,0.0017509458812570156
2016-11-14,0.005714404940679157,0.005714404940679157,-0.0003,-0.0003,-0.0003,-0.0003,0.0,0.017141507563266378
2016-11-15,-0.0013899269964820571,-0.0013899269964820571,-0.0008571881759892226,-0.0,-0.0,-0.0,-0.0,-0.0002528629154762152
2016-11-16,-0.0005110082542825742,-0.0003,-0.00016616471771236478,0.0,0.0,0.0,0.0,0.010983636803203245
2016-11-17,-0.0034047996932705577,-0.0034370054633843755,0.0,0.0,0.0,0.0,0.0,2.3508952865292088e-05
2016-11-18,-0.0010133118754837931,-0.00018074903654248184,-0.0,-0.0,-0.0,-0.0,-0.0,0.005865837888040293
2016-11-21,0.0010779818534750593,0.0,0.0,0.0,0.0,0.0,0.0,0.007714488275973652
2016-11-22,0.0003889118754380497,0.0,0.0,0.0,0.0,0.0,0.0,0.0031437015616138098
2016-11-24,-4.321698915935119e-05,-7.662740847646019e-05,0.0,0.0,0.0,0.0,0.0,0.00938563405801962
2016-11-25,-0.00023327916983686072,-0.0002255633086495285,-0.0,-0.0,-0.0,-0.0,-0.0,0.002607837083637321
2016-11-28,0.0012592570489898208,0.0,0.0,0.0,0.0,0.0,0.0,-0.0013236377778144126
2016-11-29,0.0015920881440059777,0.001456072055807621,0.0,0.0,0.0,0.0,0.0,-0.0027156866333402085
2016-11-30,-0.0006905889666636569,-0.0002103383903856125,-0.0,-0.0,-0.0,-0.0,-0.0,7.873508354250269e-05
2016-12-01,0.00022288999770260409,-0.0,-0.0,-0.0,-0.0,-0.0,-0.0,0.011177261391205562
2016-12-02,-0.0009096816990107031,-0.0008137195648438064,-0.0004404441609149782,-0.0,-0.0,-0.0,-0.0,-0.004701480168676886
2016-12-05,0.00031741164861384913,-0.0003,-0.0001623818007864373,-0.0,-0.0,-0.0,-0.0,-0.008199782216803175
2016-12-06,-0.0010182596482618122,-0.0,-0.0,-0.0,-0.0,-0.0,-0.0,0.004681196926939135
2016-12-07,-0.00022914296329255954,0.0,0.0,0.0,0.0,0.0,0.0,0.0074153808971260116
2016-12-08,0.0011782045177464594,0.0,0.0,0.0,0.0,0.0,0.0,0.014531316573225483
2016-12-09,0.0006464858560150282,0.0,0.0,0.0,0.0,0.0,0.0,0.012304430896132423
2016-12-12,0.0002741884018920441,-0.0,-0.0,-0.0,-0.0,-0.0,-0.0,0.00835213061377571
2016-12-13,0.0009932961456796737,0.0,0.0,0.0,0.0,0.0,0.0,0.004985125989370287
2016-12-14,-1.7820513952040257e-05,-0.0,-0.0,-0.0,-0.0,-0.0,-0.0,0.00016050703177050707
2016-12-15,0.001031450798800484,-0.0,-0.0,-0.0,-0.0,-0.0,-0.0,0.00104809893599489
2016-12-16,-8.071398126416611e-05,-0.0,-0.0,-0.0,-0.0,-0.0,-0.0,0.0066080067449114654
2016-12-19,0.001386390384850007,0.0013920120455994387,0.0,0.0,0.0,0.0,0.0,-0.000492279120449246
2016-12-20,0.0005839321674780068,-0.00020219466072783228,0.0,0.0,0.0,0.0,0.0,0.005307952390386506
2016-12-21,-0.0021587483387919843,-0.0,-0.0,-0.0,-0.0,-0.0,-0.0,-0.0025668258893545293
2016-12-22,6.030424218937669e-05,0.0,0.0,0.0,0.0,0.0,0.0,-0.0008650426057590366
2016-12-26,-3.0057641562543068e-05,0.0,0.0,0.0,0.0,0.0,0.0,-0.0015971702731093496
2016-12-27,0.00025548210757572276,0.0,0.0,0.0,0.0,0.0,0.0,0.0003309811218921155
2016-12-28,-6.331026655017125e-05,0.0,0.0,0.0,0.0,0.0,0.0,-6.905321697903144e-05
2016-12-29,-0.0019657844426453396,-0.0,-0.0,-0.0,-0.0,-0.0,-0.0,-0.013224604252945138
2016-12-30,0.0022962547687788216,0.0,0.0,0.0,0.0,0.0,0.0,-0.001607273875795845
2017-01-04,0.0030004204069144546,0.0,0.0,0.0,0.0,0.0,0.0,0.025101064654300842
2017-01-05,-0.0013286750266003854,-0.0,-0.0,-0.0,-0.0,-0.0,-0.0,-0.0037496224660369393
2017-01-06,-0.0011455537118436358,0.0,0.0,0.0,0.0,0.0,0.0,-0.0033994380761678267
2017-01-10,0.0001357283460569543,-0.0,-0.0,-0.0,-0.0,-0.0,-0.0,-0.007858950906354467
2017-01-11,-8.110713595215987e-06,0.0,0.0,0.0,0.0,0.0,0.0,0.003275945760603083
2017-01-12,-0.0016347457567384165,-0.0,-0.0,-0.0,-0.0,-0.0,-0.0,-0.011875787403182958
2017-01-13,0.00035174482656614395,0.0,0.0,0.0,0.0,0.0,0.0,0.007973999297333556
2017-01-16,-0.001277722370825201,-0.0,-0.0,-0.0,-0.0,-0.0,-0.0,-0.009956773039062838
2017-01-17,-0.0007112698368594802,-0.0,-0.0,-0.0,-0.0,-0.0,-0.0,-0.01475294021139717
2017-01-18,0.0016463610694208727,0.0,0.0,0.0,0.0,0.0,0.0,0.00429689945327949
2017-01-19,-4.2185545842893397e-05,-0.0,-0.0,-0.0,-0.0,-0.0,-0.0,0.009414490531601594
2017-01-20,-8.947213981336226e-05,0.0,0.0,0.0,0.0,0.0,0.0,0.0034427063534716584
2017-01-23,0.0004873842875363927,-0.0,-0.0,-0.0,-0.0,-0.0,-0.0,-0.012900095013476442
2017-01-24,0.00012652342075127241,-0.0,-0.0,-0.0,-0.0,-0.0,-0.0,-0.005454391122936109
2017-01-25,4.581915977724189e-05,-0.0,-0.0,-0.0,-0.0,-0.0,-0.0,0.014344789531128166
2017-01-26,0.0005970275196450376,0.0,0.0,0.0,0.0,0.0,0.0,0.01809736980191534
2017-01-27,0.0002525294409889017,0.00022667936241486017,0.0,0.0,0.0,0.0,0.0,0.003350605957867625
2017-01-30,-0.0001994489375854265,-0.0001642437047645111,-0.0,-0.0,-0.0,-0.0,-0.0,-0.005062349326182214
2017-01-31,-0.004574078866190731,-0.004513579311583354,-0.0,-0.0,-0.0,-0.0,-0.0,-0.016909097454423816
2017-02-01,0.001942692105683843,-0.00023620428286642956,0.0,0.0,0.0,0.0,0.0,0.005605710273063336
2017-02-02,0.009486586535576769,0.009541139693386044,-0.0,-0.0,-0.0,-0.0,-0.0,-0.012194434065833759
2017-02-03,-0.000308024883665232,-0.00023583020079400783,-0.0,-0.0,-0.0,-0.0,-0.0,0.00019134131500941898
2017-02-06,0.000538524963487273,-0.0,-0.0,-0.0,-0.0,-0.0,-0.0,0.0030928799339424717
2017-02-07,0.0001962447864274714,0.0,0.0,0.0,0.0,0.0,0.0,-0.003474344992772771
2017-02-08,-0.0005040185141480928,0.0,0.0,0.0,0.0,0.0,0.0,0.005119847838105818
2017-02-09,-0.0006429722426922215,-0.0,-0.0,-0.0,-0.0,-0.0,-0.0,-0.00525735440316788
2017-02-10,0.008224969271621845,0.00814000861472205,0.00814000861472205,0.00814000861472205,0.00814000861472205,0.00814000861472205,0.00844000861472205,0.02492426446898044
2017-02-13,-0.0021254966150790213,-0.0021254966150790213,-0.0003,-0.0003,-0.0003,-0.0003,-0.0,0.004139583786030521
2017-02-14,-0.01239573025872615,-0.01239573025872615,-0.012549852920089567,-0.0,-0.0,-0.0,-0.0,-0.011314467356245528
2017-02-15,-4.270210479173642e-05,-4.270210479173642e-05,-5.859524268092902e-05,-0.0,-0.0,-0.0,-0.0,0.010343583451484673
2017-02-16,-0.0006963018886106563,-0.0003,-0.0002796673765044675,-0.0,-0.0,-0.0,-0.0,-0.0046533214713543325
2017-02-17,-0.0004182853213836954,-0.0003887617754094953,0.0,0.0,0.0,0.0,0.0,-0.005835895349606046
2017-02-20,-0.001654088875829958,-0.0001925403996494503,0.0,0.0,0.0,0.0,0.0,0.0008557974233673882
2017-02-21,-0.000608174798063937,0.0,0.0,0.0,0.0,0.0,0.0,0.006771535647401183
2017-02-22,0.0014926596295091641,0.0014654090647725072,-0.0,-0.0,-0.0,-0.0,-0.0,-8.102145889621326e-05
2017-02-23,-0.0005851381444759105,-0.0002546436344463,-0.0,-0.0,-0.0,-0.0,-0.0,-0.0004338627399383954
2017-02-24,-0.0031087816838276904,-0.0029741573946564844,-0.0029741573946564844,-0.0029741573946564844,-0.0023292432322200344,-0.0029741573946564844,-0.0026741573946564845,-0.004538732276500479
2017-02-27,-0.0005968226427095571,-0.0003,-0.0003,-0.0003,-0.00023494821455026543,-0.0003,-0.0,-0.009130500309323053
2017-02-28,-0.0041840572437256635,-0.004243251690430194,-0.004243251690430194,-0.002678964353515709,-0.0,-0.002678964353515709,-0.0024895602444294455,0.0006028810107303606
2017-03-01,-0.009264905289849534,-0.009264905289849534,-0.005629111658149024,-0.00018940410908626355,0.0,-0.00018940410908626355,0.0,0.014360006713711071
2017-03-02,-0.003658348066084959,-0.003658348066084959,-0.003536680513083018,-0.0033583480660849593,-0.0033583480660849593,-0.0033583480660849593,-0.0030583480660849593,0.00883086466054861
2017-03-03,0.003602777023553539,0.003602777023553539,0.0021894377332982162,-0.0003,-0.0003,-0.0003,-0.0,-0.004887903559265938
2017-03-06,-0.0012960132953038735,-0.0012960132953038735,-0.0001913589517111237,-0.0,-0.0,-0.0,-0.0,-0.004624198013385539
2017-03-07,-0.0005335107917374494,-0.0005335107917374494,0.0,0.0,0.0,0.0,0.0,-0.00180556171463353
2017-03-08,-0.0001714802156758057,-0.00016900219640835572,-0.0,-0.0,-0.0,-0.0,-0.0,-0.004658829254846841
2017-03-09,-0.0015653563078489151,-0.0015655943815444991,-0.0015655943815444991,-0.0015655943815444991,-0.0009656350236834256,-0.0015655943815444991,-0.0012655943815444992,0.003352585594147639
2017-03-10,-0.008823235511906068,-0.008823235511906068,-0.005867272054386183,-0.0003,-0.00018503547950858158,-0.0003,0.0,0.014805917190512385
2017-03-13,-0.0004147188343599069,-0.0003,-0.00019595629077511534,0.0,0.0,0.0,0.0,0.001486417017681596
2017-03-14,-0.0003810633024035785,-0.0,-0.0,-0.0,-0.0,-0.0,-0.0,-0.001235118100210042
2017-03-15,0.0006264877858507576,0.0,0.0,0.0,0.0,0.0,0.0,-0.0016379377661337458
2017-03-16,-0.007130897510938558,-0.007054891720786027,-0.004446311391402546,0.0,0.0,0.0,0.0,0.0006517606066231973
2017-03-17,-0.0003939088037733386,-0.0003,-0.0001890735492779678,0.0,0.0,0.0,0.0,-0.00349924906422161
2017-03-21,0.0016121661242603806,0.0017255955122050474,0.0010616515067363263,0.0,0.0,0.0,0.0,-0.0033659648061931113
2017-03-22,0.004896441981587608,0.004896441981587608,0.005011870655475436,0.005196441981587608,0.005196441981587608,0.005196441981587608,0.0054964419815876076,-0.02130461236866943
2017-03-23,0.0006913734840833206,0.0006913734840833206,-0.0003,-0.0003,-0.0003,-0.0003,0.0,0.002307064168530104
2017-03-24,0.00966182248758659,0.00966182248758659,0.0,0.0,0.0,0.0,0.0,0.00928560997552208
2017-03-27,-0.00019447044325857774,-0.0002846327014564296,0.0,0.0,0.0,0.0,0.0,-0.014377107432611558
2017-03-28,-0.00045814467016598153,0.0,0.0,0.0,0.0,0.0,0.0,0.011444432259581694
2017-03-29,-9.679656633294868e-05,0.0,0.0,0.0,0.0,0.0,0.0,0.0007608929695870348
2017-03-30,0.0023480694965693077,0.0024096698560733118,-0.0,-0.0,-0.0,-0.0,-0.0,-0.008027054632673947
2017-03-31,-0.007362612566975315,-0.007362612566975315,-0.0,-0.0,-0.0,-0.0,-0.0,-0.008076333999257557
2017-04-03,-0.00013054779144826596,-0.00013054779144826596,-0.0,-0.0,-0.0,-0.0,-0.0,0.003911877251772111
2017-04-04,0.0008976057606598438,-0.00015026513781795335,-0.0,-0.0,-0.0,-0.0,-0.0,-0.009112277756663123
2017-04-05,0.000346040252719965,-0.0,-0.0,-0.0,-0.0,-0.0,-0.0,0.0027123260589305698
2017-04-06,-0.001639701723458156,-0.0,-0.0,-0.0,-0.0,-0.0,-0.0,-0.01400801700740506
2017-04-07,0.00030581954348892247,-0.0,-0.0,-0.0,-0.0,-0.0,-0.0,0.0036333867026827615
2017-04-10,-6.805661517086515e-05,-0.00011332871668627427,-0.0,-0.0,-0.0,-0.0,-0.0,0.007139171463070859
2017-04-11,-0.00019134951485513148,-0.00019367829692597493,0.0,0.0,0.0,0.0,0.0,-0.0026604976978060746
2017-04-12,-0.0002818705090103721,-0.0,-0.0,-0.0,-0.0,-0.0,-0.0,-0.010415037792315784
2017-04-13,-0.000738459701359394,0.0,0.0,0.0,0.0,0.0,0.0,-0.006779075045878824
2017-04-14,0.0007920558836657784,-0.0,-0.0,-0.0,-0.0,-0.0,-0.0,-0.004949789825515638
2017-04-17,-0.0005151176360242545,0.0,0.0,0.0,0.0,0.0,0.0,0.0010705334548095635
2017-04-18,-0.0002832376566656036,-0.0,-0.0,-0.0,-0.0,-0.0,-0.0,0.003450241453057723
2017-04-19,0.005439037679146615,0.005422008616528829,0.002987930377848918,0.0,0.0,0.0,0.0,0.0007388934286203241
2017-04-20,0.00010857978452803892,0.00010857978452803892,-0.00016532233287532794,-0.0,-0.0,-0.0,-0.0,-9.271733419968786e-05
2017-04-21,-0.0016379323780944014,-0.0016379323780944014,-0.0009478301291973152,0.0,0.0,0.0,0.0,0.010323098474621428
2017-04-24,-0.0013675864297254085,-0.0013675864297254085,-0.0010042259734097626,-0.0,-0.0,-0.0,-0.0,0.013701427674771338
2017-04-25,-0.010016937105908862,-0.010016937105908862,-0.00023914437300265247,0.0,0.0,0.0,0.0,0.010778263555788037
2017-04-26,-0.001650355425068954,-0.00025897805695383606,0.0,0.0,0.0,0.0,0.0,0.0110118965663204
2017-04-27,-0.0026285879538696677,-0.002709678497328871,-0.002709678497328871,-0.0014715639920625323,0.0,-0.0014715639920625323,-0.0013086409006131414,-0.001947208781363785
2017-04-28,-0.0012858022949487737,-0.0003,-0.0003,-0.00016292309144939085,-0.0,-0.00016292309144939085,-0.0,-0.0028635612390315313
2017-05-01,-0.008584627244767561,-0.00847009475914987,-0.005234289588037471,0.0,0.0,0.0,0.0,0.005927011330353782
2017-05-02,-0.00568784155054658,-0.00568784155054658,-0.005802449660483611,-0.0059878415505465795,-0.0035074796920251173,-0.0059878415505465795,-0.00568784155054658,0.00700031334119422
2017-05-08,-0.008009335238006053,-0.008009335238006053,-0.0003,-0.0003,-0.0001757300854949117,-0.0003,0.0,0.02314136380172438
2017-05-09,-0.00031211933797651464,-0.00025215083797254414,-0.0,-0.0,-0.0,-0.0,-0.0,-0.0026487743994609847
2017-05-10,-0.000520046876252982,-0.0005154893251129761,0.0,0.0,0.0,0.0,0.0,0.0028770772438644343
2017-05-11,-8.111579081137652e-05,-0.00019849762394030213,0.0,0.0,0.0,0.0,0.0,0.0030884753778788188
2017-05-12,-0.00014986119102655018,-0.0,-0.0,-0.0,-0.0,-0.0,-0.0,-0.0038899979002602336
2017-05-15,0.002873020163880045,0.0028626853076196843,0.0,0.0,0.0,0.0,0.0,-0.000706641100285621
2017-05-16,0.001021242822919179,0.001021242822919179,-0.0,-0.0,-0.0,-0.0,-0.0,0.0025149009231264507
2017-05-17,-0.0003400007667940739,-0.0003400007667940739,0.0,0.0,0.0,0.0,0.0,-0.005268092356192078
2017-05-18,-0.0006856414136102088,-0.0006856414136102088,-0.0004600890186822523,-0.0004600890186822523,-0.0004600890186822523,-0.0004600890186822523,-0.00016008901868225234,-0.013173002968196124
2017-05-19,-0.0003001620746410962,-0.0003,-0.0003,-0.0003,-0.0003,-0.0003,-0.0,0.0018871154751261
2017-05-22,3.855414749067882e-05,0.0,0.0,0.0,0.0,0.0,0.0,0.004467388314544518
2017-05-23,-0.0019334821429337077,-0.002053938981731262,-0.0011761047200713156,-0.0,-0.0,-0.0,-0.0,-0.0033031343350392595
2017-05-24,0.0005752177832636202,0.0005752177832636202,-0.00017178281300450006,-0.0,-0.0,-0.0,-0.0,0.006612926370536343
2017-05-25,0.00190545596405101,0.00190545596405101,0.0,0.0,0.0,0.0,0.0,0.0035531813819111857
2017-05-26,-0.005762823138149341,-0.005762823138149341,-0.0050160692689761475,-0.0,-0.0,-0.0,-0.0,-0.006374106975891802
2017-05-29,-0.0006900042253013343,-0.0006900042253013343,-0.00025336504223880845,-0.0,-0.0,-0.0,-0.0,-0.00021687235147371808
2017-05-30,-0.0002869468248332191,-0.00026488924437205984,-0.0,-0.0,-0.0,-0.0,-0.0,-0.00023984180165748104
2017-05-31,0.00018856133057427372,0.0,0.0,0.0,0.0,0.0,0.0,-0.0013862946112772612
2017-06-01,0.0028940844305279157,0.0,0.0,0.0,0.0,0.0,0.0,0.010659180931851031
2017-06-02,-0.0033092375426571497,0.0,0.0,0.0,0.0,0.0,0.0,0.015974296676889654
2017-06-05,-0.000520192669659324,0.0,0.0,0.0,0.0,0.0,0.0,-0.0003201117593688574
2017-06-06,0.0012470466671350995,-0.0,-0.0,-0.0,-0.0,-0.0,-0.0,-0.009465154064987935
2017-06-07,-0.0018966332380733891,-0.0019509614048003662,-0.0019509614048003662,-0.0009892496755196857,0.0,-0.0009892496755196857,-0.0008371324158313664,0.00023617485111260272
2017-06-08,-0.0014512040971690378,-0.0003,-0.0003,-0.00015211725968831939,-0.0,-0.00015211725968831939,-0.0,-0.0037708687100675986
2017-06-09,-0.0033647816764254043,-0.0033170418522299513,-0.0033170418522299513,-0.003232280583118948,0.0,-0.003232280583118948,-0.0029399465643956705,0.005223699988061048
2017-06-12,0.0006118966993658992,0.0006118966993658992,0.0006118966993658992,0.0006042307180891762,0.0003118966993658992,0.0006042307180891762,0.0006118966993658992,-0.005230516603786817
2017-06-13,-0.0012106797220931725,-0.0012106797220931725,-0.0003,-0.0003,-0.0003,-0.0003,0.0,-0.0004937608853280429
2017-06-14,0.0002602482509023358,-0.0001645096913792456,-0.0,-0.0,-0.0,-0.0,-0.0,-0.0007653982662227943
2017-06-15,0.0004954092891908664,0.0005216405291143759,0.0004303571804543874,0.0,0.0,0.0,0.0,-0.0026001040041602197
2017-06-16,-0.00018259197821821277,-0.0003,-0.00024750215316955937,0.0,0.0,0.0,0.0,0.005619224628349295
2017-06-19,-0.005017282583957224,-0.004978472592027916,-0.004978472592027916,-0.004978472592027916,-0.004692759292790137,-0.004978472592027916,-0.004678472592027916,0.006242220972800805
2017-06-20,-0.0007097526723453531,-0.0007097526723453531,-0.0003,-0.0003,-0.00028278307489156647,-0.0003,-0.0,0.008105550260990801
2017-06-21,0.002088814236635066,0.002088814236635066,0.002343159193320921,0.0017975970022183793,-0.0,0.0017975970022183793,0.002027747434251639,-0.0045288796936079345
2017-06-22,-0.002776752243400859,-0.002776752243400859,-0.001795251274346224,-0.00023015043203325952,-0.0,-0.00023015043203325952,-0.0,-0.0014042203226438676
2017-06-23,0.0003879705810776907,0.0003879705810776907,0.0002914957223834786,-0.0,-0.0,-0.0,-0.0,0.0011019191710335274
2017-06-26,-8.06108547331689e-05,-0.0003,-0.00020608878748754517,0.0,0.0,0.0,0.0,0.0010271706425550864
2017-06-27,-6.392352135488234e-05,-0.0,-0.0,-0.0,-0.0,-0.0,-0.0,0.0035597176531700914
2017-06-28,0.0005507666032771443,0.0006324967357767778,0.0006324967357767778,0.0006324967357767778,0.0005484351102114464,0.0006324967357767778,0.0009324967357767777,-0.004681298734960038
2017-06-29,-0.00032857516268219725,-0.0003,-0.0003,-0.0003,-0.0002601286674805867,-0.0003,-0.0,0.004465414479997154
2017-06-30,-0.0006931657891610972,-0.0006894423191841411,-0.0006894423191841411,-0.0005656396196004074,0.0,-0.0005656396196004074,-0.000319510420451552,-0.009241756379968491
2017-07-03,-0.00041527934586941287,-0.0003,-0.0003,-0.0002461291991488554,-0.0,-0.0002461291991488554,-0.0,0.0011166881606876622
2017-07-04,0.007513742056396785,0.007619858717590156,0.007237695625595458,-0.0,-0.0,-0.0,-0.0,-0.0011692962116438554
2017-07-05,0.0005433137185792474,-0.0003,-0.00028495393000742297,0.0,0.0,0.0,0.0,0.002460083363208465
2017-07-06,-0.0008032300021706599,-0.0,-0.0,-0.0,-0.0,-0.0,-0.0,-0.004360717170494022
2017-07-07,0.0013173430797230245,0.0,0.0,0.0,0.0,0.0,0.0,-0.0032495001689466507
2017-07-10,0.00024565337103239716,0.0001339158366179754,0.0,0.0,0.0,0.0,0.0,0.007621553527575431
2017-07-11,0.0013070559010446641,-0.00017839505279932698,0.0,0.0,0.0,0.0,0.0,0.005701912821347799
2017-07-12,-0.0009403450999200349,-0.0,-0.0,-0.0,-0.0,-0.0,-0.0,-0.004807987090242771
2017-07-13,-0.003856184201555742,-0.003992191925305057,-0.0,-0.0,-0.0,-0.0,-0.0,7.113446152717806e-05
2017-07-14,-0.0004917416741676342,-0.0002893308421966594,-0.0,-0.0,-0.0,-0.0,-0.0,0.0009477118244760607
2017-07-18,-0.0025537560808754213,-0.0025908338401256004,-0.0,-0.0,-0.0,-0.0,-0.0,-0.0059123241796603665
2017-07-19,0.0021732943021174605,0.0021732943021174605,0.0,0.0,0.0,0.0,0.0,0.0010474656429120266
2017-07-20,0.0011433172217506817,-0.00026899754336075644,0.0,0.0,0.0,0.0,0.0,0.006180077809472051
2017-07-21,0.0002742235319358135,0.00019231927488291308,0.00013283534770214996,0.0,0.0,0.0,0.0,-0.00222590006040313
2017-07-24,-3.758301209941272e-05,-3.758301209941272e-05,-0.00020721066224332758,0.0,0.0,0.0,0.0,-0.006173214996455179
2017-07-25,0.0001343489168260381,-0.0001967479007181148,-0.0,-0.0,-0.0,-0.0,-0.0,-0.0010247818073216841
2017-07-26,0.0021184173179124195,0.0020103702238601718,-0.0,-0.0,-0.0,-0.0,-0.0,0.004758706563589454
2017-07-27,0.002060564198780611,0.002060564198780611,0.0023495061397406872,0.0016461597158184632,0.0,0.0016461597158184632,0.0018563519372357031,0.0014703358237670994
2017-07-28,-0.004420343986816344,-0.004420343986816344,-0.0039122837699387064,-0.00021019222141723984,-0.0,-0.00021019222141723984,-0.0,-0.005966281144536123
2017-07-31,-0.0002652587162809556,-0.0003,-0.00026300841251337856,-0.0,-0.0,-0.0,-0.0,-0.0017364947074388626
2017-08-01,0.003133877293013796,0.0032246195526591448,0.0,0.0,0.0,0.0,0.0,0.003041848352214549
2017-08-02,0.0007597049072573774,0.0007597049072573774,0.0,0.0,0.0,0.0,0.0,0.004715850833072466
2017-08-03,-0.0003158185054552112,-0.00021266674266851452,-0.0,-0.0,-0.0,-0.0,-0.0,-0.0025288445264946002
2017-08-04,-0.00014556193980857121,-0.00016577496720406599,0.0,0.0,0.0,0.0,0.0,-0.003840865234172597
2017-08-07,-0.00041866846268604375,-0.00041866846268604375,-7.710218440474723e-05,-0.0,-0.0,-0.0,-0.0,0.005190398638630134
2017-08-08,-0.0034897135285924486,-0.0034897135285924486,-0.000177137320207684,-0.0,-0.0,-0.0,-0.0,-0.0029856993386450092
2017-08-09,-0.007891649622287852,-0.007891649622287852,-0.0,-0.0,-0.0,-0.0,-0.0,-0.012867508625011848
2017-08-10,0.001310582820310068,0.001310582820310068,-0.0,-0.0,-0.0,-0.0,-0.0,-0.000454472592126387
2017-08-14,-0.0008968394435148802,-0.0008968394435148802,-0.0007338816610253148,-0.00040998787667746744,-0.0,-0.00040998787667746744,-0.00024239087904790339,-0.00976397168495724
2017-08-15,-0.0015785384717351295,-0.0003,-0.0003,-0.00016759699762956405,0.0,-0.00016759699762956405,0.0,0.011066685527684417
2017-08-16,-0.0012839055827004414,-0.0011757660126487121,-0.0,-0.0,-0.0,-0.0,-0.0,-0.0012165682275370182
2017-08-17,-0.0002544031720163689,-0.00025615684291878605,-0.0,-0.0,-0.0,-0.0,-0.0,-0.0013507050662626696
2017-08-18,-0.0003310638350454687,-0.0003441355402440724,-0.0002570571283336028,-0.0,-0.0,-0.0,-0.0,-0.011786278938200945
2017-08-21,-0.004950513388217867,-0.004950513388217867,-0.0002240894341961507,-0.0,-0.0,-0.0,-0.0,-0.003969063633217473
2017-08-22,0.000293476788900611,0.000293476788900611,0.0,0.0,0.0,0.0,0.0,-0.00047908796637174955
2017-08-23,0.005261132162959519,0.005261132162959519,0.002854495523071411,-0.0,-0.0,-0.0,-0.0,0.0026207800755422284
2017-08-24,-0.0010985542539399156,-0.0010985542539399156,-0.00015710664163339107,-0.0,-0.0,-0.0,-0.0,-0.004161182874972802
2017-08-25,-0.001338701676110502,-0.00025215158927072525,0.0,0.0,0.0,0.0,0.0,0.005107007376025985
2017-08-28,-0.0003425179926788177,-0.0,-0.0,-0.0,-0.0,-0.0,-0.0,-0.0001392607193604345
2017-08-29,0.0009891341778662753,0.0,0.0,0.0,0.0,0.0,0.0,-0.004491005486953692
2017-08-30,3.6074830331022086e-05,0.0,0.0,0.0,0.0,0.0,0.0,0.007436431432858104
2017-08-31,-0.0031376637958246164,-0.0031032782374529663,-0.0018034600563311318,0.0,0.0,0.0,0.0,0.007161761060093141
2017-09-01,0.00047691893781527704,-0.0003,-0.00017434402444796557,-0.0,-0.0,-0.0,-0.0,0.002302245529445468
2017-09-04,0.00020481641715616063,-0.0,-0.0,-0.0,-0.0,-0.0,-0.0,-0.009304571806103001
2017-09-05,-0.0007525960269625541,-0.0,-0.0,-0.0,-0.0,-0.0,-0.0,-0.006276290960234743
2017-09-06,0.0034567572068354546,0.0034286078240406085,0.0034286078240406085,0.0034286078240406085,0.002092053804065111,0.0034286078240406085,0.0037286078240406084,-0.0014360938730254569
2017-09-07,-0.0010929792284651888,-0.0003,-0.0003,-0.0003,-0.00018305276468741434,-0.0003,-0.0,0.001991367210757211
2017-09-08,-0.0006339076273220518,-0.0007826085118018845,-0.0,-0.0,-0.0,-0.0,-0.0,-0.006274281246897329
2017-09-11,0.003395569696739864,0.003395569696739864,0.0,0.0,0.0,0.0,0.0,0.014057159255294716
2017-09-12,-0.0006901305920095414,-0.00019169576915936023,0.0,0.0,0.0,0.0,0.0,0.01181071991081839
2017-09-13,0.00015956104861946657,9.595771301348395e-05,9.595771301348395e-05,9.595771301348395e-05,8.454183168320732e-05,9.595771301348395e-05,0.0003959577130134839,0.0045104358455163585
2017-09-14,0.000736523479546294,-0.0003,-0.0003,-0.0003,-0.00026430964962033084,-0.0003,-0.0,-0.0029387590573476396
2017-09-15,0.0012609917981466448,0.0,0.0,0.0,0.0,0.0,0.0,0.005152637074394617
2017-09-19,-0.004124451951811095,0.0,0.0,0.0,0.0,0.0,0.0,0.019582654480273298
2017-09-20,-0.0006018238782777087,-0.0007398240960275848,0.0,0.0,0.0,0.0,0.0,0.0005458333040675445
2017-09-21,0.003741327452768145,0.003741327452768145,-0.0,-0.0,-0.0,-0.0,-0.0,0.0018226829693288593
2017-09-22,0.0016288013344936878,-0.00021515949500823043,-0.0,-0.0,-0.0,-0.0,-0.0,-0.0025079886464751677
2017-09-25,0.0006035019588093871,-0.0,-0.0,-0.0,-0.0,-0.0,-0.0,0.004982687281161136
2017-09-26,-0.0013259810538888454,-0.0012371501823478567,-0.0011021944941365094,-0.0,-0.0,-0.0,-0.0,-0.00330385392492083
2017-09-27,-0.00034656756646863403,-0.0003,-0.00026727421857015873,-0.0,-0.0,-0.0,-0.0,-0.003105660772152574
2017-09-28,0.0015268808701640946,0.0014413661053959918,0.0013109537291080813,-0.0,-0.0,-0.0,-0.0,0.004739643413676609
2017-09-29,-0.0007262152878314181,-0.0003,-0.0002728565055471285,0.0,0.0,0.0,0.0,-0.00033541430236505576
2017-10-02,-8.409053524271723e-05,-0.00015863849393125176,0.0,0.0,0.0,0.0,0.0,0.0021860576459487024
2017-10-03,-0.005293872544814131,-0.005293872544814131,0.0,0.0,0.0,0.0,0.0,0.010455042551128058
2017-10-04,0.0009786810359847698,0.0009786810359847698,-0.0,-0.0,-0.0,-0.0,-0.0,0.0006107403127642019
2017-10-05,-0.0013106860131815766,-0.0013106860131815766,-0.0,-0.0,-0.0,-0.0,-0.0,9.213273552788337e-05
2017-10-06,0.00019210842382139933,-0.00024585706208612497,-0.0,-0.0,-0.0,-0.0,-0.0,0.003012832159751122
2017-10-10,-0.0036833995646249344,-0.0038200203164071227,0.0,0.0,0.0,0.0,0.0,0.006418282509776718
2017-10-11,0.0016299963089180041,0.0016299963089180041,0.0,0.0,0.0,0.0,0.0,0.002773776672381656
2017-10-12,-0.00014765194955007502,-0.00015654707448223667,-0.0,-0.0,-0.0,-0.0,-0.0,0.003517562558400744
2017-10-13,-0.003299766641348435,0.0,0.0,0.0,0.0,0.0,0.0,0.009566292350778216
2017-10-16,-5.373087469628728e-05,0.0,0.0,0.0,0.0,0.0,0.0,0.004744977866310007
2017-10-17,0.00015157264526872497,-0.0,-0.0,-0.0,-0.0,-0.0,-0.0,0.003790000906931823
2017-10-18,7.692999949738397e-05,-0.0,-0.0,-0.0,-0.0,-0.0,-0.0,0.001262255822977787
2017-10-19,-5.6382263673678055e-06,-0.0,-0.0,-0.0,-0.0,-0.0,-0.0,0.004000774555805275
2017-10-20,-0.0005576841656183985,0.0,0.0,0.0,0.0,0.0,0.0,0.0004252551667591753
2017-10-23,1.9375691847680162e-05,-0.0,-0.0,-0.0,-0.0,-0.0,-0.0,0.011138678748610076
2017-10-24,0.0003450639954958263,0.0,0.0,0.0,0.0,0.0,0.0,0.00500167211510627
2017-10-25,-0.000697952830845858,-0.0,-0.0,-0.0,-0.0,-0.0,-0.0,-0.004473745519962047
2017-10-26,0.0005349938671007911,0.0,0.0,0.0,0.0,0.0,0.0,0.0014815146719528993
2017-10-27,0.004598997542666022,0.0045020085471685015,0.003422567079890354,0.0,0.0,0.0,0.0,0.01235844753555626
2017-10-30,0.0010454726249164333,0.0010454726249164333,0.0008872733465676472,-0.0,-0.0,-0.0,-0.0,0.00014633939415675812
2017-10-31,-0.0018550965194018216,-0.0003,-0.0002486879332731882,0.0,0.0,0.0,0.0,-2.7506715853942154e-06
2017-11-01,0.002504180950490803,0.0,0.0,0.0,0.0,0.0,0.0,0.018557057603835414
2017-11-02,-4.522732965947706e-05,0.0,0.0,0.0,0.0,0.0,0.0,0.0053094842696901345
2017-11-06,0.0025534461334946884,0.002557269700486387,0.0017453570849558907,-0.0,-0.0,-0.0,-0.0,0.0004095310332408175
2017-11-07,-0.007673589616883894,-0.0003,-0.00020475240659488452,0.0,0.0,0.0,0.0,0.017262904236599264
2017-11-08,-0.0029760761118373855,-0.0030969543780685945,-0.0030969543780685945,-0.0030969543780685945,-0.0019396082016820664,-0.0030969543780685945,-0.0027969543780685946,-0.0010366950892839455
2017-11-09,-0.0016535876665424644,-0.0003,-0.0003,-0.0003,-0.00018788861231708195,-0.0003,-0.0,-0.001968653606635451
2017-11-10,0.001487280425296576,0.0,0.0,0.0,0.0,0.0,0.0,-0.008189837028281355
2017-11-13,-0.010219913333418151,-0.010321882371175073,-0.008187584549261741,-0.0,-0.0,-0.0,-0.0,-0.013245629618199195
2017-11-14,0.0004211282608071559,-0.0003,-0.00023796777336253374,0.0,0.0,0.0,0.0,-4.38081040978755e-05
2017-11-15,0.002127279610879384,-0.0,-0.0,-0.0,-0.0,-0.0,-0.0,-0.01571444591883886
2017-11-16,0.01408248915617379,0.01415164756377922,0.0,0.0,0.0,0.0,0.0,0.014653810347120544
2017-11-17,-0.00918320263930666,-0.00918320263930666,-0.006908645549346036,-0.0,-0.0,-0.0,-0.0,0.0020438189397848916
2017-11-20,-0.000657882428752094,-0.000657882428752094,-0.0002196513526657623,-0.0,-0.0,-0.0,-0.0,-0.006029477912669279
2017-11-21,-0.0012163367182674602,-0.0012163367182674602,-0.0,-0.0,-0.0,-0.0,-0.0,0.006950066156221402
2017-11-22,-0.002043332856410845,-0.002043332856410845,-0.0,-0.0,-0.0,-0.0,-0.0,0.004758549051609773
2017-11-24,-0.0012177989207588025,-0.0001742787382824025,0.0,0.0,0.0,0.0,0.0,0.001229811028635286
2017-11-27,-0.0034533052185221746,-0.0,-0.0,-0.0,-0.0,-0.0,-0.0,-0.0024326965923799904
2017-11-28,-0.0008310821373594839,-0.0006929655260169893,0.0,0.0,0.0,0.0,0.0,-0.00043341057221391033
2017-11-29,-0.0004426010617015995,-0.00025612092728556174,-0.0,-0.0,-0.0,-0.0,-0.0,0.0049345281033410515
2017-11-30,-0.005801556743116748,-0.005747826965754077,-0.005747826965754077,-0.004921317494723313,0.0,-0.004921317494723313,-0.004664456030866894,0.005653874071437581
2017-12-01,-0.0047913573701179775,-0.0047913573701179775,-0.0003,-0.00025686146385641947,-0.0,-0.00025686146385641947,-0.0,0.004139428870030271
2017-12-04,0.004862989204704585,0.004862989204704585,-0.0,-0.0,-0.0,-0.0,-0.0,-0.004902449581425494
2017-12-05,0.0006242762564171665,0.0006242762564171665,0.0008971846021487932,0.0008522440841740255,0.0,0.0008522440841740255,0.0011372169031901567,-0.0037335931173967385
2017-12-06,-0.005081668218439452,-0.0003,-0.0003,-0.00028497281901613116,-0.0,-0.00028497281901613116,-0.0,-0.019685894232058465
2017-12-07,-0.008499524914349157,-0.00840492841084165,-0.005976455134935802,0.0,0.0,0.0,0.0,0.014473989673300158
2017-12-08,0.004200807586199316,0.004200807586199316,-0.00021331966827558028,0.0,0.0,0.0,0.0,0.013914586789763206
2017-12-11,0.0004052983933247139,-0.00017326066064823705,0.0,0.0,0.0,0.0,0.0,0.005595981873186773
2017-12-12,-0.0006135383399428888,-0.0,-0.0,-0.0,-0.0,-0.0,-0.0,-0.003163232898780177
2017-12-13,0.0002919791464036743,-0.0,-0.0,-0.0,-0.0,-0.0,-0.0,-0.0047274908628920365
2017-12-14,-0.00021792813105705216,-0.0,-0.0,-0.0,-0.0,-0.0,-0.0,-0.002795539906345068
2017-12-15,0.00037696156738696314,-0.0,-0.0,-0.0,-0.0,-0.0,-0.0,-0.006223042218989727
2017-12-18,-0.006013152786334983,-0.00606756888664165,-0.004910051907625019,0.0,0.0,0.0,0.0,0.015454503492563498
2017-12-19,-0.00467076290249464,-0.00467076290249464,-0.0046135315631901114,-0.00437076290249464,-0.003283324999992974,-0.00437076290249464,-0.00407076290249464,-0.0014745380789864537
2017-12-20,0.0024870238884986406,0.0024870238884986406,0.0024870238884986406,0.0024870238884986406,0.0012767681660652628,0.0024870238884986406,0.0024870238884986406,0.0010372880498950021
2017-12-21,0.0006165691286896813,0.0006165691286896813,0.0006165691286896813,0.0006165691286896813,0.0004233735565526604,0.0006165691286896813,0.0006165691286896813,-0.001119229702400748
2017-12-22,0.0022769205100972023,0.0022769205100972023,0.0022769205100972023,0.0022769205100972023,0.0022249060265916976,0.0022769205100972023,0.0022769205100972023,0.001603253588337017
2017-12-25,-0.0004853693432334558,-0.0003,-0.0003,-0.0003,-0.0003,-0.0003,0.0,0.0015901979607568784
2017-12-26,0.00029139334466889345,-0.0,-0.0,-0.0,-0.0,-0.0,-0.0,-0.0020266737960265013
2017-12-27,0.002110714980559621,0.0021861880341646715,0.0012944894200276967,0.0,0.0,0.0,0.0,0.0008090567258567383
2017-12-28,0.004054621556816117,0.004054621556816117,-0.00017763651613649686,-0.0,-0.0,-0.0,-0.0,-0.005553197039522506
2017-12-29,0.0005775014330423797,-0.0002469703692276983,-0.0,-0.0,-0.0,-0.0,-0.0,-0.0008357194499493126
2018-01-04,-0.012794628180320445,-0.012871564943323009,0.0,0.0,0.0,0.0,0.0,0.03256721268802787
2018-01-05,0.002301373411734733,0.002301373411734733,0.0,0.0,0.0,0.0,0.0,0.00885715541550014
2018-01-09,-0.0031139400864177522,-0.0031139400864177522,-0.0,-0.0,-0.0,-0.0,-0.0,0.005712149535173294
2018-01-10,-0.00194969638578135,-0.00194969638578135,-0.0021718450363736094,-0.0012872714874910972,-0.0,-0.0012872714874910972,-0.0011094588720513938,-0.002590819326036442
2018-01-11,0.0011784830054530836,0.0011784830054530836,-0.0003,-0.00017781261543970333,0.0,-0.00017781261543970333,0.0,-0.003269248358602206
2018-01-12,-0.002904121458917788,-0.002904121458917788,-0.0030757498765281773,-0.0030757498765281773,-0.0030757498765281773,-0.0030757498765281773,-0.0027757498765281774,-0.002387530540192806
2018-01-15,-0.004746504200107471,-0.004746504200107471,-0.004746504200107471,-0.0025514013125052136,-0.0003,-0.0025514013125052136,-0.002403300504174759,0.0025814243140560578
2018-01-16,-0.005394373089440776,-0.005394373089440776,-0.0003,-0.00015189919166954554,0.0,-0.00015189919166954554,0.0,0.009990760185764724
2018-01-17,-0.003718070653662849,-0.003718070653662849,-0.0019922183830606696,0.0,0.0,0.0,0.0,-0.0034849433599870583
2018-01-18,0.00710989284755174,0.00710989284755174,-0.00015441353502305865,-0.0,-0.0,-0.0,-0.0,-0.004397905502107502
2018-01-19,4.718572697922903e-06,-0.00016582807456243828,-0.0,-0.0,-0.0,-0.0,-0.0,0.0018806847625658651
2018-01-22,-0.0003062816717172708,0.0,0.0,0.0,0.0,0.0,0.0,0.0003473416590871192
2018-01-23,-0.0024353104494437565,0.0,0.0,0.0,0.0,0.0,0.0,0.01292475841115115
2018-01-24,0.0033521882872696493,0.0032648405418121643,0.003176007109080959,-0.0,-0.0,-0.0,-0.0,-0.00760114204151463
2018-01-25,-0.0006900749546510747,-0.0003,-0.00029183726449176923,-0.0,-0.0,-0.0,-0.0,-0.011331672170563412
2018-01-26,0.00494936997111513,0.0049808515263128576,0.004819329783422916,-0.0,-0.0,-0.0,-0.0,-0.0015889389516881014
2018-01-29,-0.0038817446220383404,-0.0038817446220383404,-0.002488932489599877,-0.0,-0.0,-0.0,-0.0,-0.0001075248999485856
2018-01-30,0.00205590387236413,-0.0003,-0.0001841555959685964,-0.0,-0.0,-0.0,-0.0,-0.014277552519700865
2018-01-31,0.00437247515961302,0.00430850437982141,0.00430850437982141,0.003123067710394931,-0.0,0.003123067710394931,0.003340526074254669,-0.00831538228746842
2018-02-01,-0.009022549703319394,-0.009022549703319394,-0.009022549703319394,-0.009105091339459656,-0.007625821622759073,-0.009105091339459656,-0.009022549703319394,0.016790001694524825
2018-02-02,-0.004330068325227265,-0.004330068325227265,-0.0024360581125935418,-0.0003,-0.000245399226567078,-0.0003,-0.0,-0.009008732555346843
2018-02-05,0.009830540011728384,0.009830540011728384,0.009971530937423936,0.009378454130330015,-0.0,0.009378454130330015,0.00965618229051118,-0.025454831382112908
2018-02-06,0.02949475751672881,0.02949475751672881,0.02949475751672881,0.029472485676909976,0.029194757516728807,0.029472485676909976,0.02949475751672881,-0.04725491842274643
2018-02-07,-0.01677723038245278,-0.01677723038245278,-0.01677723038245278,-0.01677723038245278,-0.01677723038245278,-0.01677723038245278,-0.01617723038245278,0.001625567595223698
2018-02-08,0.003408231717695017,-0.0003,-0.0003,-0.0003,-0.0003,-0.0003,0.0,0.011341466748850726
2018-02-09,0.0017045778108504398,-0.0,-0.0,-0.0,-0.0,-0.0,-0.0,-0.023217006955671415
2018-02-13,0.01776595110339749,0.01766579534446163,0.015678544231802795,-0.0,-0.0,-0.0,-0.0,-0.0064510082800346424
2018-02-14,0.0011651303647852488,-0.0003,-0.00026625256196095593,-0.0,-0.0,-0.0,-0.0,-0.004260349741975866
2018-02-15,0.0002712481224156912,0.0,0.0,0.0,0.0,0.0,0.0,0.014692637339250858
2018-02-16,-0.006318717096394178,-0.006287569976656836,0.0,0.0,0.0,0.0,0.0,0.011892371932116896
2018-02-19,0.002787883376710989,-0.00023816117692824332,0.0,0.0,0.0,0.0,0.0,0.019749355440199734
2018-02-20,0.0009937786808539998,-0.0,-0.0,-0.0,-0.0,-0.0,-0.0,-0.010118253366108165
2018-02-21,-0.0015357503598887148,-0.0015938693681501245,-0.001373148830764222,0.0,0.0,0.0,0.0,0.0020848679510880874
2018-02-22,0.0005633711727076657,-0.0003,-0.00025845571629711254,-0.0,-0.0,-0.0,-0.0,-0.01066738494922459
2018-02-23,-0.0011876084334829112,0.0,0.0,0.0,0.0,0.0,0.0,0.0071925231401006595
2018-02-26,-0.00039025017240277085,0.0,0.0,0.0,0.0,0.0,0.0,0.01191495876164228
2018-02-27,-0.00013860601739808175,-0.0,-0.0,-0.0,-0.0,-0.0,-0.0,0.01066319634575974
2018-02-28,0.0005272549495125904,-0.0,-0.0,-0.0,-0.0,-0.0,-0.0,-0.01436450025157876
2018-03-01,0.004548726892904545,0.004532078900575763,-0.0,-0.0,-0.0,-0.0,-0.0,-0.01557756883190542
2018-03-02,0.0007868245318192726,-0.00017506806960304106,-0.0,-0.0,-0.0,-0.0,-0.0,-0.0249870335412552
2018-03-05,-0.0002550452088569551,-0.0,-0.0,-0.0,-0.0,-0.0,-0.0,-0.006588289534347647
2018-03-06,-0.0010550445672458456,-0.0009408436308514849,0.0,0.0,0.0,0.0,0.0,0.017853260995679188
2018-03-07,-1.9043831961261087e-05,-0.00017768908425889261,-0.0,-0.0,-0.0,-0.0,-0.0,-0.007705710788897924
2018-03-08,-0.0010435295939390894,-0.0,-0.0,-0.0,-0.0,-0.0,-0.0,0.005427522009360475
2018-03-09,-0.0007904217466190864,-0.0,-0.0,-0.0,-0.0,-0.0,-0.0,0.004732711226190567
2018-03-12,-5.077777441578941e-05,-0.0,-0.0,-0.0,-0.0,-0.0,-0.0,0.016527401628241067
2018-03-13,-0.008145148705337496,-0.008160221389770631,0.0,0.0,0.0,0.0,0.0,0.0066014534044192
2018-03-14,-0.00018686106006868204,-0.0002292554733227649,0.0,0.0,0.0,0.0,0.0,-0.008685801242159785
2018-03-15,-0.002475140671443181,0.0,0.0,0.0,0.0,0.0,0.0,0.0012242183209070223
2018-03-16,-0.0024103389417926813,-0.0,-0.0,-0.0,-0.0,-0.0,-0.0,-0.005844787650459704
2018-03-19,0.00017061375932891996,-0.0,-0.0,-0.0,-0.0,-0.0,-0.0,-0.009024025413454706
2018-03-20,0.0001576796841598904,0.0,0.0,0.0,0.0,0.0,0.0,-0.0046520250866026736
2018-03-22,-0.0001606720988839584,0.0,0.0,0.0,0.0,0.0,0.0,0.009869501912705747
2018-03-23,0.002787068940378431,-0.0,-0.0,-0.0,-0.0,-0.0,-0.0,-0.04511538069446508
2018-03-26,0.002291754102215566,0.0,0.0,0.0,0.0,0.0,0.0,0.007189894531667296
2018-03-27,-0.004383053865588914,0.0,0.0,0.0,0.0,0.0,0.0,0.026544257876724542
2018-03-28,0.003412624231621169,0.0034874603939804173,0.0,0.0,0.0,0.0,0.0,-0.013416778536526008
2018-03-29,-0.004458000117361149,-0.004458000117361149,-0.00462360963088807,-0.0031433943571370793,-0.0,-0.0031433943571370793,-0.002939437193270718,0.006075205392703564
2018-03-30,-0.003449263897706196,-0.003449263897706196,-0.0003,-0.00020395716386636115,0.0,-0.00020395716386636115,0.0,0.013952435646302552
2018-04-02,-0.00021108749131850925,-0.0002959228601781952,-0.0,-0.0,-0.0,-0.0,-0.0,-0.003063288046303403
2018-04-03,-0.0002565023115428066,0.0,0.0,0.0,0.0,0.0,0.0,-0.004501982612837407
2018-04-04,8.454889586307532e-06,-0.0,-0.0,-0.0,-0.0,-0.0,-0.0,0.0012803564083680996
2018-04-05,0.00032495088496513477,0.0,0.0,0.0,0.0,0.0,0.0,0.015284990944161692
2018-04-06,0.00225905976590681,0.0022806094172524737,-0.0,-0.0,-0.0,-0.0,-0.0,-0.003598931825123608
2018-04-09,0.0033856147639552076,0.0033856147639552076,0.0,0.0,0.0,0.0,0.0,0.005134583706510432
2018-04-10,0.00013306165493663018,-0.00017075239976221745,0.0,0.0,0.0,0.0,0.0,0.005353776000924126
2018-04-11,0.005739512542168303,0.005749300650036393,0.005749300650036393,0.004532207918291748,-0.0,0.004532207918291748,0.004768699703684623,-0.004919662627125065
2018-04-12,-0.0003312377303467196,-0.0003,-0.0003,-0.00023649178539287513,0.0,-0.00023649178539287513,0.0,-0.0012366943013627507
2018-04-13,0.0006901793117791424,0.0007398374101732167,0.0005390835756154545,-0.0,-0.0,-0.0,-0.0,0.00546904016685934
2018-04-16,-0.0008874629437170352,-0.0008874629437170352,-0.00021859542442814828,-0.0,-0.0,-0.0,-0.0,0.002607545794148569
2018-04-17,0.0012142370948219996,0.0012142370948219996,0.0,0.0,0.0,0.0,0.0,0.0005523359068162481
2018-04-18,-0.004446048928144219,-0.00018488188136177793,0.0,0.0,0.0,0.0,0.0,0.01421710024865086
2018-04-19,0.001088879185407132,0.0009699786833051715,-0.0,-0.0,-0.0,-0.0,-0.0,0.0014884092531350923
2018-04-20,-0.0002950421111335035,-0.0001902177076253362,0.0,0.0,0.0,0.0,0.0,-0.0013040971022059145
2018-04-23,9.497604988737828e-05,-0.0,-0.0,-0.0,-0.0,-0.0,-0.0,-0.0033480898632218814
2018-04-24,0.000750961593775301,0.0,0.0,0.0,0.0,0.0,0.0,0.008605566007337861
2018-04-25,0.004191983402400264,0.0040719353030220454,0.0040719353030220454,0.0035931922247633558,0.0,0.0035931922247633558,0.00385792080889115,-0.0028188568221849675
2018-04-26,-0.00028169779094758187,-0.0003,-0.0003,-0.0002647285841277942,0.0,-0.0002647285841277942,0.0,0.004694465847576268
2018-04-27,-1.625916689184906e-05,0.0,0.0,0.0,0.0,0.0,0.0,0.006642578870177829
2018-05-01,0.0021550681347415387,0.0021321183672690872,0.0011558899292636417,0.0,0.0,0.0,0.0,0.0017874483778874684
2018-05-02,0.0029429423232852567,0.0029429423232852567,-0.00016263964707702755,-0.0,-0.0,-0.0,-0.0,-0.0015661077891387931
2018-05-07,0.0014935345688975384,0.0014935345688975384,-0.0,-0.0,-0.0,-0.0,-0.0,-0.0002500420865069186
2018-05-08,-0.0031092850914564187,-0.0031092850914564187,-0.001735702687000492,0.0,0.0,0.0,0.0,0.0018484444222670593
2018-05-09,0.0024096907233167597,0.0024096907233167597,0.002265968543520606,0.00210969072331676,0.00210969072331676,0.00210969072331676,0.0024096907233167597,-0.004434225011538562
2018-05-10,-0.0006245094697228593,-0.0006245094697228593,-0.0003,-0.0003,-0.0003,-0.0003,0.0,0.003940349751471839
2018-05-11,0.005949092006559105,0.005949092006559105,0.0,0.0,0.0,0.0,0.0,0.011614823941473285
2018-05-14,0.004387432031014521,0.004387432031014521,0.0,0.0,0.0,0.0,0.0,0.004718193132333459
2018-05-15,0.00045558026464526737,-0.00018821080180823056,-0.0,-0.0,-0.0,-0.0,-0.0,-0.0020921953102844837
2018-05-16,0.00019354632473274678,-0.0,-0.0,-0.0,-0.0,-0.0,-0.0,-0.004417081962874381
2018-05-17,-0.0006765760901964851,-0.0008171174432151525,0.0,0.0,0.0,0.0,0.0,0.005332457758952636
2018-05-18,-0.0006045210237774985,-0.0006045210237774985,0.0,0.0,0.0,0.0,0.0,0.004027881054403659
2018-05-21,0.001328635344824487,0.001328635344824487,0.0,0.0,0.0,0.0,0.0,0.003140367948332612
2018-05-22,4.264748303142328e-05,-0.00017678954847762422,-0.0,-0.0,-0.0,-0.0,-0.0,-0.0018271725237540837
2018-05-23,-0.008155219518045587,-0.008129396984495474,-0.00577849322269648,-0.0,-0.0,-0.0,-0.0,-0.011785522828341777
2018-05-24,-0.0030461687784936195,-0.0003,-0.00021324434888777072,-0.0,-0.0,-0.0,-0.0,-0.01113853513259322
2018-05-25,0.002639315879838301,0.0025343169629271473,0.0,0.0,0.0,0.0,0.0,0.0006141324988908625
2018-05-28,-0.00030828340619339973,-0.00030828340619339973,-0.0,-0.0,-0.0,-0.0,-0.0,0.0013496532868242372
2018-05-29,-0.0006318120937268587,-0.00025350112874825424,-0.0,-0.0,-0.0,-0.0,-0.0,-0.005456148127271576
2018-05-30,4.387007619798832e-06,-0.0,-0.0,-0.0,-0.0,-0.0,-0.0,-0.015202774121477525
2018-05-31,0.00047717896103270137,0.0,0.0,0.0,0.0,0.0,0.0,0.00832484586394866
2018-06-01,0.0010193478043148587,0.0009172907868588056,0.0,0.0,0.0,0.0,0.0,-0.0013724416600130462
2018-06-04,-0.005414677315566686,-0.005414677315566686,-0.005256367720828858,-0.005256367720828858,-0.005256367720828858,-0.005256367720828858,-0.004956367720828858,0.01373799291050859
2018-06-05,0.0004650257414250738,0.0004650257414250738,-0.0003,-0.0003,-0.0003,-0.0003,-0.0,0.002829675240389351
2018-06-06,-0.003792310780707959,-0.003792310780707959,0.0,0.0,0.0,0.0,0.0,0.0038240092670485115
2018-06-07,-0.0033352172908263497,-0.0033352172908263497,-0.0035766265616757106,-0.0035766265616757106,-0.0035766265616757106,-0.0035766265616757106,-0.0032766265616757106,0.008730294791932547
2018-06-08,-0.005200162610638336,-0.005200162610638336,-0.0027506620681273437,-0.0003,-0.0003,-0.0003,-0.0,-0.005641602774855592
2018-06-11,0.0024654249984119156,0.0024654249984119156,-0.00015003555572667615,0.0,0.0,0.0,0.0,0.004826678820859742
2018-06-12,-8.609744185077472e-05,-0.00015191554054817875,-0.0,-0.0,-0.0,-0.0,-0.0,0.0032586572348580756
2018-06-13,0.002761560029662898,0.0027664926815082706,0.0015135917523077318,0.0,0.0,0.0,0.0,0.00384779721890105
2018-06-14,-0.0022247094926267086,-0.0003,-0.00016413472868641746,-0.0,-0.0,-0.0,-0.0,-0.009917604596460516
2018-06-15,-0.0015408445116054249,-0.0016761265473102301,-0.0009888497012551121,-0.0,-0.0,-0.0,-0.0,0.004975705555872345
2018-06-18,-0.005535257280916528,-0.005535257280916528,-0.005658268908020346,-0.0030718316748239256,-0.0,-0.0030718316748239256,-0.0029139038478091703,-0.007501391441574468
2018-06-19,0.0012363472317890479,-0.0003,-0.0003,-0.00015792782701475543,-0.0,-0.00015792782701475543,-0.0,-0.017717978882616947
2018-06-20,0.009372641955274007,0.009409698778394671,0.009409698778394671,0.009409698778394671,0.0060479214204604455,0.009409698778394671,0.009709698778394671,0.012431243645116385
2018-06-21,-0.0006672579859981586,-0.0003,-0.0003,-0.0003,-0.00019281982015238033,-0.0003,0.0,0.006100942296668466
2018-06-22,0.0021192880047252137,0.002133346479436711,0.0,0.0,0.0,0.0,0.0,-0.007764891422858522
2018-06-25,-0.00914378100258496,-0.00914378100258496,-0.009411699805489426,-0.006394393200145363,-0.0,-0.006394393200145363,-0.006190570511397392,-0.007935383749846148
2018-06-26,0.005781784313395191,0.005781784313395191,-0.0003,-0.00020382268874797078,0.0,-0.00020382268874797078,0.0,0.00017233339858857555
2018-06-27,-0.00030492013626949187,-0.00021470225824243071,-0.0,-0.0,-0.0,-0.0,-0.0,-0.0031434280167397244
2018-06-28,0.0012123421713375274,0.0,0.0,0.0,0.0,0.0,0.0,-6.191273881783754e-05
2018-06-29,-6.196919358295863e-05,-0.0,-0.0,-0.0,-0.0,-0.0,-0.0,0.001532040510627608
2018-07-02,-0.00613029481071147,-0.0,-0.0,-0.0,-0.0,-0.0,-0.0,-0.022084326591394032
2018-07-03,0.002086681513470815,-0.0,-0.0,-0.0,-0.0,-0.0,-0.0,-0.0012099170214694421
2018-07-04,0.001306974937927639,0.001454650237557165,0.0007926702086322612,0.0,0.0,0.0,0.0,-0.0031442875846900975
2018-07-05,-0.0008521710442517215,-0.0003,-0.0001634764539612109,-0.0,-0.0,-0.0,-0.0,-0.007830203170681393
2018-07-06,-0.004044148169424537,-0.004019177975823838,0.0,0.0,0.0,0.0,0.0,0.011191836446849956
2018-07-09,-0.002118280085216295,-0.00017759333964114464,0.0,0.0,0.0,0.0,0.0,0.0121184761492239
2018-07-10,-0.00119186555244351,-0.0011304720467821047,-0.000912608825951957,-0.0,-0.0,-0.0,-0.0,0.006562205620972206
2018-07-11,0.001528062435792003,0.001528062435792003,-0.00024218435879499276,-0.0,-0.0,-0.0,-0.0,-0.011924178569492794
2018-07-12,-0.006965783864898333,-0.006965783864898333,-0.006225901687880287,0.0,0.0,0.0,0.0,0.011660931072057013
2018-07-13,-0.0011407580078994408,-0.0003,-0.00026099599497034025,0.0,0.0,0.0,0.0,0.01845093711081347
2018-07-16,0.004124919229055571,0.0,0.0,0.0,0.0,0.0,0.0,0.0
2018-07-17,-0.0018851621101979134,0.0,0.0,0.0,0.0,0.0,0.0,0.00442572989106238
2018-07-18,0.0016332201439387957,-0.0,-0.0,-0.0,-0.0,-0.0,-0.0,0.00426613847563484
2018-07-19,-0.0050682125183029005,-0.004975639816642985,-0.004975639816642985,-0.004644626794276424,-0.0,-0.004644626794276424,-0.004364584811811738,-0.001294617897499073
2018-07-20,0.0010133888941628484,0.0010133888941628484,0.0010133888941628484,0.0005443619842649709,-0.0,0.0005443619842649709,0.0010127116272543324,-0.002934318823808346
2018-07-23,-0.0032980238999631385,-0.0032980238999631385,-0.0003,-0.00018830766052467575,-0.0,-0.00018830766052467575,-0.0,-0.013256331146690337
2018-07-24,-0.0017313413186178287,-0.0017313413186178287,-0.0,-0.0,-0.0,-0.0,-0.0,0.00506720917352621
2018-07-25,0.00024544810524985375,-0.0002577849952400665,0.0,0.0,0.0,0.0,0.0,0.00460983191336406
2018-07-26,-0.001911223518007038,-0.0,-0.0,-0.0,-0.0,-0.0,-0.0,-0.0012107790165493126
2018-07-27,0.0012997050210119517,0.0,0.0,0.0,0.0,0.0,0.0,0.005573187615834252
2018-07-30,-0.003190771190284566,-0.0033274632687309343,-0.0033274632687309343,-0.0021236754695481237,-0.0,-0.0021236754695481237,-0.0019322074984809562,-0.007392770855576658
2018-07-31,0.0036312357543744067,0.0036312357543744067,0.0036312357543744067,0.0018209818974300282,0.0,0.0018209818974300282,0.0018588760310906335,0.00039391982540348813
2018-08-01,-4.555128219768174e-05,-0.0003,-0.0003,-0.00015357383740656212,0.0,-0.00015357383740656212,0.0,0.008556393783765381
2018-08-02,0.006925427087498401,0.006940954426886215,0.00682346931498327,-0.0,-0.0,-0.0,-0.0,-0.010294677026457255
2018-08-03,0.002672478829616187,0.002672478829616187,0.002667400920815294,0.0023724788296161873,0.0015172233012959641,0.0023724788296161873,0.002672478829616187,0.0005619266701746284
2018-08-06,0.001274867057625917,0.001274867057625917,0.0008241960454606392,-0.0003,-0.00019185291970020437,-0.0003,-0.0,-0.0007928627095441509
2018-08-07,0.0015915163563245927,-0.0003,-0.00021415065608560203,0.0,0.0,0.0,0.0,0.0069053054613827936
2018-08-08,-0.0011914452854054328,-0.0012816222427742049,-0.0009503740034695076,-0.0,-0.0,-0.0,-0.0,-0.0008132153177154988
2018-08-09,-0.00014734927441345202,-0.0003,-0.00022246196384957955,0.0,0.0,0.0,0.0,-0.0020278790020982207
2018-08-10,0.013284960385690896,0.013360870768737898,0.00826901033536073,-0.0,-0.0,-0.0,-0.0,-0.013289023623778484
2018-08-13,0.0005921747936406427,-0.0003,-0.0001856692683842606,-0.0,-0.0,-0.0,-0.0,-0.019761808598816932
2018-08-14,-0.014017836037219263,-0.014040026278937112,-0.013482889984064474,0.0,0.0,0.0,0.0,0.022813770775168996
2018-08-15,-0.007227257467445727,-0.007227257467445727,-0.0002880954005967541,-0.0,-0.0,-0.0,-0.0,-0.006792755012028806
2018-08-16,-0.010181694458319759,-0.010181694458319759,-0.009909229637343564,-0.009909229637343564,-0.009909229637343564,-0.009909229637343564,-0.009609229637343564,-0.0005486182464078393
2018-08-17,-0.0004942158043978014,-0.0003,-0.0003,-0.0003,-0.0003,-0.0003,-0.0,0.0035301756929304595
2018-08-20,-0.0001386149001254874,-0.0,-0.0,-0.0,-0.0,-0.0,-0.0,-0.003205192575094662
2018-08-21,0.00465065807511398,0.004638432570158025,0.004638432570158025,0.0034894226649085387,0.0,0.0034894226649085387,0.003715108127322601,0.0009338469638271452
2018-08-22,0.004154088750826679,0.004154088750826679,0.004154088750826679,0.00406962294614401,0.0,0.00406962294614401,0.004143147315073772,0.006427634786158265
2018-08-23,-0.00031515226381694786,-0.0003,-0.0003,-0.0002992098313438251,-0.0,-0.0002992098313438251,-0.0,0.0021584984522637907
2018-08-24,-0.004504918953301003,-0.004472288839437682,0.0,0.0,0.0,0.0,0.0,0.008520402916420533
2018-08-27,-0.0010038928889953003,-0.00024229150155508804,0.0,0.0,0.0,0.0,0.0,0.008754672658546347
2018-08-28,-0.00706909068902057,-0.007016791886173912,-0.007016791886173912,-0.007016791886173912,-0.007016791886173912,-0.007016791886173912,-0.006716791886173912,0.0006065919350428661
2018-08-29,-0.0005729838503017188,-0.0003,-0.0003,-0.0003,-0.0003,-0.0003,0.0,0.0015232228560138061
2018-08-30,0.006300182444305473,0.006245547843043953,0.0037019710847688817,-0.0,-0.0,-0.0,-0.0,0.0009313327786653058
2018-08-31,-0.005802091237504525,-0.005802091237504525,-0.004460560619111526,0.0,0.0,0.0,0.0,-0.0001901925872886956
2018-09-03,-0.003207936471380569,-0.003207936471380569,-0.00022803896504169606,-0.0,-0.0,-0.0,-0.0,-0.006899999718116279
2018-09-04,-0.00046839201362166313,-0.00016780073534374576,-0.0,-0.0,-0.0,-0.0,-0.0,-0.00046154458829505973
2018-09-05,-0.0009094724894054588,-0.0,-0.0,-0.0,-0.0,-0.0,-0.0,-0.005113927915370464
2018-09-06,-0.0016630105425081356,-0.0015898520766122522,-0.0013338351632615417,0.0,0.0,0.0,0.0,-0.0041136939908150705
2018-09-07,0.0020033830408605624,0.0020033830408605624,0.0013395219816029107,-0.0,-0.0,-0.0,-0.0,-0.008043373943932619
2018-09-10,0.004767184755239896,0.004767184755239896,0.004859940144034624,0.0050671847552398955,0.0029997229226220775,0.0050671847552398955,0.0053671847552398955,0.0029600178264745924
2018-09-11,-0.006630037280846101,-0.006630037280846101,-0.0003,-0.0003,-0.0001775970129875437,-0.0003,0.0,0.013033497447669573
2018-09-12,-0.004832743602707048,-0.004832743602707048,-0.0037786477032457,-0.0,-0.0,-0.0,-0.0,-0.002650822913292439
2018-09-13,-0.004560707080336005,-0.004560707080336005,-0.0002453062736477455,0.0,0.0,0.0,0.0,0.009587024217267537
2018-09-14,-0.0026862909663819506,-0.0026862909663819506,-0.002856485033175626,-0.0015723720145267078,0.0,-0.0015723720145267078,-0.0014072349321056603,0.011977817480843811
2018-09-18,0.015819863665502854,0.015819863665502854,0.015819863665502854,0.012905449046326404,0.0,0.012905449046326404,0.013313837307540962,0.014110144969698757
2018-09-19,-0.0034704921833761393,-0.0034704921833761393,-0.0034704921833761393,-0.0025186489360182716,-0.0,-0.0025186489360182716,-0.0024907016557004025,0.010758952562003987
2018-09-20,-0.003277904535552878,-0.003277904535552878,-0.003277904535552878,-0.003362600637077237,-0.003577904535552878,-0.003362600637077237,-0.003277904535552878,0.00010181240939810543
2018-09-21,-0.0012083823088870683,-0.0012083823088870683,-0.0003,-0.0003,-0.0003,-0.0003,0.0,0.008236560892637357
2018-09-25,-0.002517384993188187,-0.002517384993188187,-0.0013953036485247915,0.0,0.0,0.0,0.0,0.002946388156385371
2018-09-26,0.007249733554943006,0.007249733554943006,0.007397285615861769,0.007549733554943006,0.0061417726124011396,0.007549733554943006,0.007849733554943006,0.003906778697919444
2018-09-27,0.000365515296132775,-0.0003,-0.0003,-0.0003,-0.00024405255765801013,-0.0003,-0.0,-0.009863148399470112
2018-09-28,-0.0019287958627154176,-0.0019623455415762932,-0.0015808988169437265,0.0,0.0,0.0,0.0,0.013585845159497456
2018-10-01,-0.0029946435922472148,-0.0029946435922472148,-0.0030529585092510005,-0.0032946435922472147,-0.0032946435922472147,-0.0032946435922472147,-0.0029946435922472148,0.005212292683242747
2018-10-02,-0.00476019531389989,-0.00476019531389989,-0.0003,-0.0003,-0.0003,-0.0003,-0.0,0.001025308146261672
2018-10-03,0.003879716733403523,0.003879716733403523,0.00416870923713083,0.00416870923713083,0.00416870923713083,0.00416870923713083,0.00446870923713083,-0.006578250113848938
2018-10-04,-0.011590872897739146,-0.011590872897739146,-0.011590872897739146,-0.011590872897739146,-0.006926816696179179,-0.011590872897739146,-0.010990872897739146,-0.005613289210074646
2018-10-05,-0.0006824555255509729,-0.0006824555255509729,-0.0005239901381628269,-0.0003,-0.00017607540416576952,-0.0003,0.0,-0.00800389914331101
2018-10-09,0.003442821977831634,0.003442821977831634,0.003318520946625568,0.002895850757706761,-0.0,0.002895850757706761,0.0031722759683740923,-0.013216186064769042
2018-10-10,-0.000542046244010298,-0.0003,-0.0003,-0.0002764252106673313,-0.0,-0.0002764252106673313,-0.0,0.001561541928615906
2018-10-11,0.01929451645428652,0.019337309234752263,0.019337309234752263,0.019337309234752263,0.018858040111742996,0.019337309234752263,0.019637309234752265,-0.038933811224708514
2018-10-12,0.006344239403964807,-0.0003,-0.0003,-0.0003,-0.0002925645944243171,-0.0003,0.0,0.0045948133059900975
2018-10-15,-0.0012486443951458112,-0.0,-0.0,-0.0,-0.0,-0.0,-0.0,-0.018654580949228672
2018-10-16,-0.0006567770438263971,0.0,0.0,0.0,0.0,0.0,0.0,0.01247971350461019
2018-10-17,-0.00012603285934739513,0.0,0.0,0.0,0.0,0.0,0.0,0.0129440683240869
2018-10-18,-0.0005931570801080198,-0.0,-0.0,-0.0,-0.0,-0.0,-0.0,-0.008010070927286117
2018-10-19,-0.002167034377085341,0.0,0.0,0.0,0.0,0.0,0.0,-0.005564444652855993
2018-10-22,-0.01010445392269167,-0.010177659937046344,0.0,0.0,0.0,0.0,0.0,0.003672108127084517
2018-10-23,0.012907914652696965,0.012907914652696965,-0.0,-0.0,-0.0,-0.0,-0.0,-0.026709963080764565
2018-10-24,0.0017409810852615306,0.0017409810852615306,-0.0,-0.0,-0.0,-0.0,-0.0,0.0036527734679714374
2018-10-25,0.01868334191127405,0.01868334191127405,0.018526535425344846,0.018526535425344846,0.011625106874944845,0.018526535425344846,0.018826535425344848,-0.03722975551257557
2018-10-26,-0.0032637361849029113,-0.0003,-0.0003,-0.0003,-0.00018824523756948136,-0.0003,-0.0,-0.003955612653919971
2018-10-29,-0.005959070273759336,-0.0060316454342962305,-0.0,-0.0,-0.0,-0.0,-0.0,-0.00164264743099507
2018-10-30,0.010488106105122316,0.010488106105122316,0.0,0.0,0.0,0.0,0.0,0.014538589957906245
2018-10-31,0.008829842560992366,0.008829842560992366,0.0,0.0,0.0,0.0,0.0,0.021585759209883815
2018-11-01,0.009236113565453402,0.009236113565453402,-0.0,-0.0,-0.0,-0.0,-0.0,-0.0106206957754581
2018-11-02,-0.0024724537592519962,-0.0002911060864649507,0.0,0.0,0.0,0.0,0.0,0.02563716011695516
2018-11-05,-0.00281024500627574,-0.002780298999375436,-0.0,-0.0,-0.0,-0.0,-0.0,-0.01549519815776157
2018-11-06,0.005237356370247619,0.005237356370247619,0.0,0.0,0.0,0.0,0.0,0.011359417167761565
2018-11-07,-0.0009196601032294166,-0.00027393082404987643,-0.0,-0.0,-0.0,-0.0,-0.0,-0.0027970885868767725
2018-11-08,-0.00084581921646259,0.0,0.0,0.0,0.0,0.0,0.0,0.018161856325605186
2018-11-09,0.003046765957913436,-0.0,-0.0,-0.0,-0.0,-0.0,-0.0,-0.010524781637380687
2018-11-12,0.003828960619990994,0.003922477135782511,0.0,0.0,0.0,0.0,0.0,0.000882275901394447
2018-11-13,-0.002216716273489554,-0.002216716273489554,-0.0,-0.0,-0.0,-0.0,-0.0,-0.020627022256009098
2018-11-14,-0.00020622489029249941,-0.00019390093150007436,-0.0,-0.0,-0.0,-0.0,-0.0,0.0016487886704612542
2018-11-15,0.0003945469951521896,0.0,0.0,0.0,0.0,0.0,0.0,-0.001961932869979255
2018-11-16,0.002646515433787625,-0.0,-0.0,-0.0,-0.0,-0.0,-0.0,-0.005654074953332144
2018-11-19,0.0038215686185715187,0.003969499674347187,0.0,0.0,0.0,0.0,0.0,0.006495300051331698
2018-11-20,-8.97422713011156e-05,-8.97422713011156e-05,-0.00021964084828264178,0.0,0.0,0.0,0.0,-0.010908724097184241
2018-11-21,-0.0009562806541131442,-0.0003,-0.00023525293495162537,0.0,0.0,0.0,0.0,-0.0035018144334263424
2018-11-22,-0.0011859846914289943,0.0,0.0,0.0,0.0,0.0,0.0,0.006463394921475629
2018-11-26,0.0002446111325259733,0.0,0.0,0.0,0.0,0.0,0.0,0.007643213943041127
2018-11-27,0.00011057456911767043,-0.0,-0.0,-0.0,-0.0,-0.0,-0.0,0.006436841675453886
2018-11-28,0.0010238613616747197,0.0,0.0,0.0,0.0,0.0,0.0,0.010232099297939445
2018-11-29,0.002525811361693044,0.00258098095575931,-0.0,-0.0,-0.0,-0.0,-0.0,0.003858953093512252
2018-11-30,0.0007617092039990963,-0.00018886762226320275,0.0,0.0,0.0,0.0,0.0,0.003973522367205939
2018-12-03,-0.0004966969864823386,-0.0,-0.0,-0.0,-0.0,-0.0,-0.0,0.010008438672556741
2018-12-04,0.00527823101180353,-0.0,-0.0,-0.0,-0.0,-0.0,-0.0,-0.023863331878964278
2018-12-05,0.0021808797104242855,0.0,0.0,0.0,0.0,0.0,0.0,-0.005296806777388419
2018-12-06,-0.0007345961476389146,-0.0,-0.0,-0.0,-0.0,-0.0,-0.0,-0.019056738322348
2018-12-07,-0.0002942320951043821,0.0,0.0,0.0,0.0,0.0,0.0,0.008234754123258803
2018-12-10,-0.003006255633983987,-0.002962674718077804,-0.0,-0.0,-0.0,-0.0,-0.0,-0.021181164818112275
2018-12-11,0.002242457998093904,-0.00017814621293551174,-0.0,-0.0,-0.0,-0.0,-0.0,-0.0033686217276561736
2018-12-12,0.0011395870285232025,0.0,0.0,0.0,0.0,0.0,0.0,0.021502272024955138
2018-12-13,-0.0006332628101970113,0.0,0.0,0.0,0.0,0.0,0.0,0.009880198267581575
2018-12-14,-0.003046540867750284,-0.0,-0.0,-0.0,-0.0,-0.0,-0.0,-0.020230818766417413
2018-12-17,0.0007855529204916275,0.0,0.0,0.0,0.0,0.0,0.0,0.006177863438790121
2018-12-18,0.002504642573634136,-0.0,-0.0,-0.0,-0.0,-0.0,-0.0,-0.018200297996925574
2018-12-19,0.004451468915971023,0.004345564930699584,-0.0,-0.0,-0.0,-0.0,-0.0,-0.006039620353506692
2018-12-20,-0.009665103323145774,-0.0002436884288677328,-0.0,-0.0,-0.0,-0.0,-0.0,-0.02836583358265521
2018-12-21,-0.0009678886547615274,-0.0,-0.0,-0.0,-0.0,-0.0,-0.0,-0.011101617555634768
2018-12-25,-0.02379957390127447,-0.02383566367370113,-0.0,-0.0,-0.0,-0.0,-0.0,-0.050106105622915176
2018-12-26,-3.2717591770226035e-05,-0.0002225834981985773,0.0,0.0,0.0,0.0,0.0,0.008943549578552146
2018-12-27,-0.011099277347926697,-0.011062944983736611,0.0,0.0,0.0,0.0,0.0,0.03883459628688124
2018-12-28,0.0008571353780127596,-0.00017332453293156952,0.0,0.0,0.0,0.0,0.0,-0.0031303317855965185
2019-01-04,-0.0007616777889472821,-0.0,-0.0,-0.0,-0.0,-0.0,-0.0,-0.022623722598604457
2019-01-07,0.0006153210755496826,0.0,0.0,0.0,0.0,0.0,0.0,0.02438455772143877
2019-01-08,0.0003596289511111013,0.000398899759950442,-0.0,-0.0,-0.0,-0.0,-0.0,0.00823736716922574
2019-01-09,0.0010480030791223073,-0.00016618887676664085,0.0,0.0,0.0,0.0,0.0,0.011038460363548941
2019-01-10,0.001596418850747508,-0.0,-0.0,-0.0,-0.0,-0.0,-0.0,-0.012887794845513167
2019-01-11,0.0016325226990334767,0.0017368185855497014,0.0,0.0,0.0,0.0,0.0,0.009715352756418882
2019-01-15,0.0017078826086766308,-0.000185010111756588,0.0,0.0,0.0,0.0,0.0,0.009606715779468589
2019-01-16,-0.0011977130456436106,-0.0,-0.0,-0.0,-0.0,-0.0,-0.0,-0.005474944290874029
2019-01-17,-0.0011464344504859007,-0.0,-0.0,-0.0,-0.0,-0.0,-0.0,-0.001980187046752513
2019-01-18,0.0017743015785112704,0.0,0.0,0.0,0.0,0.0,0.0,0.012929972366355624
2019-01-21,-0.0014285647016423178,-0.0,-0.0,-0.0,-0.0,-0.0,-0.0,0.0025771597995960516
2019-01-22,-0.0009517531535911378,-0.0,-0.0,-0.0,-0.0,-0.0,-0.0,-0.004653621594493451
2019-01-23,0.0008786846355700389,0.0,0.0,0.0,0.0,0.0,0.0,-0.001415389627547503
2019-01-24,0.0013185761649555264,0.0,0.0,0.0,0.0,0.0,0.0,-0.0009269740046101704
2019-01-25,-0.0010214310512883806,0.0,0.0,0.0,0.0,0.0,0.0,0.009668688048872331
2019-01-28,0.004299621691904739,0.0042690853341901085,-0.0,-0.0,-0.0,-0.0,-0.0,-0.005996109650723169
2019-01-29,0.0016551282678894865,-0.00029177238483019786,0.0,0.0,0.0,0.0,0.0,0.0007574519347184339
2019-01-30,-0.00042112571540737137,-0.0,-0.0,-0.0,-0.0,-0.0,-0.0,-0.005231233606318719
2019-01-31,0.00041769521728807126,-0.0,-0.0,-0.0,-0.0,-0.0,-0.0,0.010553876370695603
2019-02-01,-4.0962606729609816e-05,-0.0,-0.0,-0.0,-0.0,-0.0,-0.0,0.0007172791118337241
2019-02-04,-7.765098027663121e-05,0.0,0.0,0.0,0.0,0.0,0.0,0.00458808514668263
2019-02-05,-0.0006654019293921982,-0.0,-0.0,-0.0,-0.0,-0.0,-0.0,-0.001882816818159272
2019-02-06,-0.0002654985405803966,-0.0,-0.0,-0.0,-0.0,-0.0,-0.0,0.0014205857787004117
2019-02-07,-0.0001350889776341783,-0.0,-0.0,-0.0,-0.0,-0.0,-0.0,-0.005882001239015389
2019-02-08,0.0034004046971492395,-0.0,-0.0,-0.0,-0.0,-0.0,-0.0,-0.02014860717830369
2019-02-12,-0.002764195419510706,0.0,0.0,0.0,0.0,0.0,0.0,0.02611698115273664
2019-02-13,0.002856665322328125,0.0028956516812711835,0.0,0.0,0.0,0.0,0.0,0.01343302807326685
2019-02-14,-0.0004454598276213399,-0.0004454598276213399,-0.0,-0.0,-0.0,-0.0,-0.0,-0.00022556861858347155
2019-02-15,-0.000304523891241435,-0.00026830915669078935,-0.0,-0.0,-0.0,-0.0,-0.0,-0.01130952446946154
2019-02-18,0.0020481683535851407,0.0020465862631870307,0.0,0.0,0.0,0.0,0.0,0.018239581023412166
2019-02-19,0.0003349064937651397,-0.0002239684395182749,0.0,0.0,0.0,0.0,0.0,0.0009773953689080628
2019-02-20,-0.00035441308690736714,0.0,0.0,0.0,0.0,0.0,0.0,0.006048066385518913
2019-02-21,-1.144544393591358e-06,0.0,0.0,0.0,0.0,0.0,0.0,0.0015276695188692901
2019-02-22,-0.002275345773263633,-0.0022719368959749895,0.0,0.0,0.0,0.0,0.0,-0.0018039641896956393
2019-02-25,0.000653814887159774,-0.00026221844777795847,-0.0,-0.0,-0.0,-0.0,-0.0,0.004794317813142657
2019-02-26,-0.004471667570795616,-0.004342538800332995,-0.0,-0.0,-0.0,-0.0,-0.0,-0.0036621608944795714
2019-02-27,0.0010167989582673192,-0.00024830610139665025,0.0,0.0,0.0,0.0,0.0,0.004994041206007438
2019-02-28,-0.0032963519485185657,-0.0,-0.0,-0.0,-0.0,-0.0,-0.0,-0.007948856806505922
2019-03-01,-0.0037885133291219375,-0.003647866585442641,0.0,0.0,0.0,0.0,0.0,0.01017197417674831
2019-03-04,-0.00010431475592861077,-0.00010431475592861077,0.0,0.0,0.0,0.0,0.0,0.010153810239736938
2019-03-05,0.00011933542659774181,-0.00022697831779404406,0.0,0.0,0.0,0.0,0.0,-0.004388213463954349
2019-03-06,-0.0013616991493385158,-0.0,-0.0,-0.0,-0.0,-0.0,-0.0,-0.005959085227198679
2019-03-07,-0.0001383222161698623,-0.0,-0.0,-0.0,-0.0,-0.0,-0.0,-0.006519517358565374
2019-03-08,0.011134290208536768,0.01113557062394617,-0.0,-0.0,-0.0,-0.0,-0.0,-0.020061941780042836
2019-03-11,-0.003027671296487589,-0.003027671296487589,-0.0016660608493441146,0.0,0.0,0.0,0.0,0.004733728580177843
2019-03-12,0.0020295706280805135,-0.0003,-0.00015333164971039232,0.0,0.0,0.0,0.0,0.017921798779332088
2019-03-13,0.0027235301074108797,-0.0,-0.0,-0.0,-0.0,-0.0,-0.0,-0.00992616728470197
2019-03-14,-0.007030519555972935,-0.0068894413886749694,-0.0,-0.0,-0.0,-0.0,-0.0,-0.0001512760349129394
2019-03-15,0.00013326848339596274,-0.00022878190716329585,0.0,0.0,0.0,0.0,0.0,0.0076962431440668055
2019-03-18,-5.9454889174549796e-05,0.0,0.0,0.0,0.0,0.0,0.0,0.006230540657307548
2019-03-19,7.699840622325886e-05,9.056285624927692e-05,9.056285624927692e-05,8.972714487083555e-05,0.0,8.972714487083555e-05,0.0003869587536791717,-0.000817734514350521
2019-03-20,0.0027969051498566433,0.0027969051498566433,0.0027969051498566433,0.0014343284157667029,0.0,0.0014343284157667029,0.0015638222404854754,0.001950693460657904
2019-03-22,-0.001455624686219999,-0.0003,-0.0003,-0.00016773778408956375,-0.0,-0.00016773778408956375,-0.0,0.0008524221451879921
2019-03-25,0.01325522936533635,0.013350029745849723,0.013350029745849723,0.013350029745849723,0.013350029745849723,0.013350029745849723,0.013650029745849723,-0.030065207901096014
2019-03-26,0.009892512272123363,0.009892512272123363,-0.0003,-0.0003,-0.0003,-0.0003,0.0,0.02151303317976816
2019-03-27,-0.0009589727823924317,-0.00026139004081595317,0.0,0.0,0.0,0.0,0.0,-0.0023174935121847984
2019-03-28,-0.007876888873706146,-0.007735145359114825,-0.007735145359114825,-0.005553244673172222,-0.0,-0.005553244673172222,-0.00533786754389972,-0.016136164101477224
2019-03-29,-0.0010692798976759121,-0.0010692798976759121,-0.0010692798976759121,-0.0011539027684034102,-0.001369279897675912,-0.0011539027684034102,-0.0010692798976759121,0.008179744523429289
2019-04-01,-0.000814762108724855,-0.000814762108724855,-0.0003,-0.0003,-0.0003,-0.0003,0.0,0.014298852162700548
2019-04-02,-0.011533987689529976,-0.011533987689529976,-0.011306393816867188,-0.011306393816867188,-0.011184689291961356,-0.011306393816867188,-0.011006393816867188,-0.00017289250708030224
2019-04-03,-0.00482682457499442,-0.00482682457499442,-0.0003,-0.0003,-0.0002967707336164709,-0.0003,0.0,0.009667397742145534
2019-04-04,-0.00041099454897711385,-0.00041099454897711385,0.0,0.0,0.0,0.0,0.0,0.0005406054997478815
2019-04-05,0.0028925768262581747,0.0028925768262581747,0.002659985225225559,0.002659985225225559,0.002659985225225559,0.002659985225225559,0.0029599852252255587,0.003799814693180137
2019-04-08,0.0028872460487618773,0.0028872460487618773,-0.0003,-0.0003,-0.0003,-0.0003,-0.0,-0.0021024697638427625
2019-04-09,0.00194635563021577,0.00194635563021577,0.002104601662980843,0.0013687547428881328,0.0,0.0013687547428881328,0.001563863598919754,0.0018812660064899678
2019-04-10,-0.005599639779755149,-0.005599639779755149,-0.005599639779755149,-0.005494748635786771,-0.004577120796180434,-0.005494748635786771,-0.0049996397797551495,-0.005275498556561287
2019-04-11,0.0016495155427098014,0.0016495155427098014,0.0013495305463300396,-0.0003,-0.0002590999192246177,-0.0003,0.0,0.0010978890918580397
2019-04-12,0.001511155954040065,-0.0003,-0.0002538369933748587,0.0,0.0,0.0,0.0,0.007331624300223494
2019-04-15,0.0019104722850362232,0.0017855549869025492,0.0014086570213056302,0.0,0.0,0.0,0.0,0.01365071679279195
2019-04-16,-0.005591254543091339,-0.005591254543091339,-0.00023667549276921442,0.0,0.0,0.0,0.0,0.002370450718659045
2019-04-17,0.001276927853954926,0.001276927853954926,0.0015690313131914938,0.0015690313131914938,0.0015690313131914938,0.0015690313131914938,0.0018690313131914937,0.0025340387027368294
2019-04-18,-0.008261230030106925,-0.008261230030106925,-0.004620665807607373,-0.0003,-0.0003,-0.0003,-0.0,-0.008432166690732323
2019-04-19,0.0007405206890054216,0.0007405206890054216,-0.0001628140045420598,-0.0,-0.0,-0.0,-0.0,0.00499958400164946
2019-04-22,-0.0005440232075015305,-0.0002251013074349581,0.0,0.0,0.0,0.0,0.0,0.0007810543212811716
2019-04-23,-0.00011194489573390188,0.0,0.0,0.0,0.0,0.0,0.0,0.0018831592101140604
2019-04-24,-0.0026022569124050875,-0.0,-0.0,-0.0,-0.0,-0.0,-0.0,-0.0026837794936503956
2019-04-25,-0.006007782568841576,-0.005901495352117292,-0.0058784789238684335,0.0,0.0,0.0,0.0,0.004845949465090094
2019-04-26,-0.004116390228859679,-0.004116390228859679,-0.004117560259176178,-0.0028911708309323327,0.0,-0.0028911708309323327,-0.0026947771237794092,-0.00218982109237853
2019-05-07,0.005060105223532882,-0.0003,-0.0003,-0.0001963937071529233,-0.0,-0.0001963937071529233,-0.0,-0.015050713071679267
2019-05-08,0.00101011724395226,0.0008766771216039641,0.0006644304508616479,-0.0,-0.0,-0.0,-0.0,-0.01464764415326758
2019-05-09,-0.0048236856812338795,-0.0048236856812338795,-0.004751054606858177,-0.00452368568123388,-0.003270595626571536,-0.00452368568123388,-0.00422368568123388,-0.009279395934696066
2019-05-10,0.00138713536646914,-0.0003,-0.0003,-0.0003,-0.00021689806876764138,-0.0003,-0.0,-0.0026731421219649
2019-05-13,-0.0006627607779374915,-0.0007975776287032828,-0.0004594198837850563,0.0,0.0,0.0,0.0,-0.007197994912248151
2019-05-14,-0.009413210049866061,-0.009413210049866061,-0.009540404343969324,-0.00971321004986606,-0.008084767029435998,-0.00971321004986606,-0.009413210049866061,-0.00585376778754898
2019-05-15,0.00038293646492894285,-0.0003,-0.0003,-0.0003,-0.0002497042786451678,-0.0003,0.0,0.005759185019833302
2019-05-16,0.0019426125416272576,0.00200496195586984,-0.0,-0.0,-0.0,-0.0,-0.0,-0.005926786666191064
2019-05-17,-0.00012727631467381248,-0.000151698874784115,0.0,0.0,0.0,0.0,0.0,0.008883328514575739
2019-05-20,-0.0003344705286080501,-0.0002849504396341875,-0.0,-0.0,-0.0,-0.0,-0.0,0.0024301367843482247
2019-05-21,-6.321506276573058e-05,-0.00017130731118779094,0.0,0.0,0.0,0.0,0.0,-0.0013745948970181887
2019-05-22,0.0030736607097328543,0.003083842841513866,-0.0,-0.0,-0.0,-0.0,-0.0,0.0005133363705658311
2019-05-23,-0.0016278447117345945,-0.0016278447117345945,-0.0,-0.0,-0.0,-0.0,-0.0,-0.0062127624038905704
2019-05-24,0.006452117724128036,0.006452117724128036,0.00620269349825594,0.00620269349825594,0.004972543215286258,0.00620269349825594,0.00650269349825594,-0.0016036923245126289
2019-05-27,-0.0014667565994747034,-0.0014667565994747034,-0.0003,-0.0003,-0.00024050244704261587,-0.0003,0.0,0.0030950746747808733
2019-05-28,-0.001292725710374069,-0.00018294263177155118,0.0,0.0,0.0,0.0,0.0,0.0036615250167326696
2019-05-29,0.002277976700579891,0.0021720846909314088,0.0019950158070636426,-0.0,-0.0,-0.0,-0.0,-0.012077600468599958
2019-05-30,-0.002922649085314699,-0.002922649085314699,-0.0026384271228056533,0.0,0.0,0.0,0.0,-0.002896670688528835
2019-05-31,0.006171419404406792,0.006171419404406792,-0.0002702858583636172,-0.0,-0.0,-0.0,-0.0,-0.016298883430519218
2019-06-03,0.0035715439652184754,0.0035715439652184754,0.0037836409451348033,0.0024265936690813956,0.0,0.0024265936690813956,0.0026189951446126533,-0.009237747858346745
2019-06-04,0.00025114075574990234,0.00025114075574990234,-0.0003,-0.00019240147553125768,-0.0,-0.00019240147553125768,-0.0,-0.00011473276881746042
2019-06-05,-0.005376147388684613,-0.005376147388684613,-0.00348250189891902,0.0,0.0,0.0,0.0,0.018010135157120688
2019-06-06,0.0007592710134844311,0.0007592710134844311,0.0008003338461236699,0.0,0.0,0.0,0.0,-9.91787156271462e-05
2019-06-07,-0.0008782591398377039,-0.0003,-0.00028011714880188377,0.0,0.0,0.0,0.0,0.005327412481849869
2019-06-10,-0.002033647113923465,-0.0021496700952563837,-0.002052974464421064,0.0,0.0,0.0,0.0,0.011956544915669776
2019-06-11,-0.0045717047143957424,-0.0045717047143957424,-0.00028650551574652843,0.0,0.0,0.0,0.0,0.003305478705270426
2019-06-12,-9.54776190968602e-05,-9.54776190968602e-05,-0.0,-0.0,-0.0,-0.0,-0.0,-0.003516205040790421
2019-06-13,-0.0008856154273192839,-0.0008856154273192839,-0.0006959319926675332,-0.0,-0.0,-0.0,-0.0,-0.004624798618873771
2019-06-14,-0.0023190385901539776,-0.0023190385901539776,-0.0002885815840626323,0.0,0.0,0.0,0.0,0.004036260222518129
2019-06-17,0.0009038141325558499,0.0009038141325558499,0.0010765876403390998,0.0007072687421595787,0.0,0.0007072687421595787,0.0009043549938474039,0.0003366677001008789
2019-06-18,0.0016649119346512841,-0.0003,-0.0003,-0.00019708625168782514,-0.0,-0.00019708625168782514,-0.0,-0.007161951453323212
2019-06-19,-0.005422196647957427,-0.005515960629703087,-0.005515960629703087,-0.0029666698602861786,0.0,-0.0029666698602861786,-0.0028053197314811874,0.017220387207036447
2019-06-20,0.0015066247013579177,0.0015066247013579177,0.001391343968433524,-0.00016135012880499121,0.0,-0.00016135012880499121,0.0,0.006046265378527593
2019-06-21,0.010058638079778182,0.010058638079778182,0.006080427058377436,-0.0,-0.0,-0.0,-0.0,-0.00951498336879919
2019-06-24,0.0001641232027405551,-0.0003,-0.00018423128622517977,0.0,0.0,0.0,0.0,0.0012865173205307556
2019-06-25,-0.0006125883514099848,-0.0,-0.0,-0.0,-0.0,-0.0,-0.0,-0.004330533204470743
2019-06-26,-0.001281311981432792,-0.0011975908372681473,-0.0007324756255707131,0.0,0.0,0.0,0.0,-0.005059057354875218
2019-06-27,-0.00856879913939057,-0.00856879913939057,-0.008685311857396601,-0.00886879913939057,-0.00886879913939057,-0.00886879913939057,-0.00856879913939057,0.011930809106128093
2019-06-28,-0.0006607859155612114,-0.0006607859155612114,-0.0003,-0.0003,-0.0003,-0.0003,-0.0,-0.00291730735240725
2019-07-01,-0.008048282913825304,-0.008048282913825304,0.0,0.0,0.0,0.0,0.0,0.021341064589323056
2019-07-02,-0.0003415245858903568,-0.0002990907795465491,0.0,0.0,0.0,0.0,0.0,0.0011182172519683675
2019-07-03,-0.0024229452708974435,-0.002417229633937012,-0.002417229633937012,-0.002417229633937012,-0.002417229633937012,-0.002417229633937012,-0.0021172296339370122,-0.0053373143526244116
2019-07-04,-0.001769955071062368,-0.001769955071062368,-0.0010939670697620609,-0.0003,-0.0003,-0.0003,-0.0,0.002971096527420336
2019-07-05,-0.0007447280774943571,-0.0003,-0.0001620390484155908,0.0,0.0,0.0,0.0,0.002024271094114294
2019-07-08,0.0017909895615189258,-0.0,-0.0,-0.0,-0.0,-0.0,-0.0,-0.0097501856226615
2019-07-09,-0.0015143144926958643,-0.0014241985515522251,-0.0,-0.0,-0.0,-0.0,-0.0,0.0014303093340970463
2019-07-10,0.000586570005549188,-0.00023374230117390661,0.0,0.0,0.0,0.0,0.0,-0.0014685694883337375
2019-07-11,0.00037726637513544003,0.0,0.0,0.0,0.0,0.0,0.0,0.005110591772876871
2019-07-12,0.000638995558334709,0.0006709380849074958,-0.0,-0.0,-0.0,-0.0,-0.0,0.001957679506369603
2019-07-16,0.004899686158151852,0.004899686158151852,0.004741994967840857,0.004741994967840857,0.003035985443940627,0.004741994967840857,0.005041994967840857,-0.006946928092048554
2019-07-17,2.7234681529335927e-05,2.7234681529335927e-05,-0.0003,-0.0003,-0.00019207013912055982,-0.0003,-0.0,-0.0030680076850744253
2019-07-18,-0.01409506556154813,-0.01409506556154813,-0.01391781224157721,-0.007860796515080037,-0.0,-0.007860796515080037,-0.007691356166727072,-0.019699842252065558
2019-07-19,0.015155710608138362,0.015155710608138362,0.010219934560784771,-0.0001694403483529656,0.0,-0.0001694403483529656,0.0,0.019991694255812265
2019-07-22,-0.0016301154488834284,-0.0016301154488834284,-0.001534310548562224,-0.0013301154488834285,-0.0008198250786041257,-0.0013301154488834285,-0.0010301154488834285,-0.0023385286585081433
2019-07-23,-0.002896675558059293,-0.0003,-0.0003,-0.0003,-0.00018490689946327552,-0.0003,0.0,0.009529523603160284
2019-07-24,0.0003010582372268419,-0.0,-0.0,-0.0,-0.0,-0.0,-0.0,0.004102027743543291
2019-07-25,-0.00014450669702026166,0.0,0.0,0.0,0.0,0.0,0.0,0.0021640441553534284
2019-07-26,-0.0011651525686814563,-0.0011618674642637464,-0.0,-0.0,-0.0,-0.0,-0.0,-0.004522793691627003
2019-07-29,-0.0004992113583522928,-0.0004992113583522928,-0.0,-0.0,-0.0,-0.0,-0.0,-0.0019091939352724463
2019-07-30,0.0004215787344208591,-0.00024652522474457087,0.0,0.0,0.0,0.0,0.0,0.004279530840902268
2019-07-31,-0.00020245718502303407,-7.462247222637079e-05,-7.015941375275363e-05,-0.0,-0.0,-0.0,-0.0,-0.00864980256257053
2019-08-01,-0.005679955671771772,-0.005679955671771772,-0.00028205744861918423,0.0,0.0,0.0,0.0,0.0009042543971458095
2019-08-02,-0.006340599346254932,-0.006340599346254932,-0.0061413104970017614,-0.0034690502927322456,-0.0,-0.0034690502927322456,-0.003299588890588882,-0.021068208712187286
2019-08-05,-0.005924068108829115,-0.005924068108829115,-0.0003,-0.00016946140214336327,-0.0,-0.00016946140214336327,-0.0,-0.017397842622315474
2019-08-06,-0.003458218734141581,-0.00019234571866276462,0.0,0.0,0.0,0.0,0.0,-0.006514316244230711
2019-08-07,-0.0019083625699404143,-0.0018334659238455116,-0.0012200278562544404,-0.0,-0.0,-0.0,-0.0,-0.0033397601577809244
2019-08-08,0.0020089641976863567,0.0020089641976863567,-0.0001996264845264569,0.0,0.0,0.0,0.0,0.003742784387497977
2019-08-09,0.0007094477115536851,-0.00020251428355972422,-0.0,-0.0,-0.0,-0.0,-0.0,0.004441759347559415
2019-08-13,-0.00020474790859380333,0.0,0.0,0.0,0.0,0.0,0.0,-0.011089332946072727
2019-08-14,-0.0007722528740539662,-0.0007279790466980837,-0.0,-0.0,-0.0,-0.0,-0.0,0.009762264296868661
2019-08-15,0.00022422270257513668,-0.00021434549782657001,0.0,0.0,0.0,0.0,0.0,-0.012078377544471719
2019-08-16,0.003402760504621458,0.0033721988787197453,0.0,0.0,0.0,0.0,0.0,0.0006449270666739615
2019-08-19,-0.0003117768715556162,-0.0002316917601241718,-0.0,-0.0,-0.0,-0.0,-0.0,0.007069442612419596
2019-08-20,-0.000895471199008785,0.0,0.0,0.0,0.0,0.0,0.0,0.005546839396683545
2019-08-21,0.001358709373892805,0.0,0.0,0.0,0.0,0.0,0.0,-0.0028364735989946377
2019-08-22,-0.002379552741129116,-0.002451225521211596,-0.0,-0.0,-0.0,-0.0,-0.0,0.00045781317433424285
2019-08-23,0.0007641895947859754,-0.00018068288295692688,0.0,0.0,0.0,0.0,0.0,0.004018826419364352
2019-08-26,0.0003742953787750224,-0.0,-0.0,-0.0,-0.0,-0.0,-0.0,-0.02172145455491925
2019-08-27,-0.00035725532769101365,-0.0,-0.0,-0.0,-0.0,-0.0,-0.0,0.009626407363578338
2019-08-28,-0.00017586739905858304,0.0,0.0,0.0,0.0,0.0,0.0,0.001140973425058034
2019-08-29,0.00011690255831288884,-0.0,-0.0,-0.0,-0.0,-0.0,-0.0,-0.0009028690483195989
2019-08-30,-0.0004722179694492717,0.0,0.0,0.0,0.0,0.0,0.0,0.011897770865891832
2019-09-02,-2.9100164450510395e-05,-0.0,-0.0,-0.0,-0.0,-0.0,-0.0,-0.004065793404679385
2019-09-03,-6.804027836252535e-05,0.0,0.0,0.0,0.0,0.0,0.0,0.00024106001238743957
2019-09-04,-0.0031615783705557345,-0.0031710070465042622,0.0,0.0,0.0,0.0,0.0,0.0011626803655502282
2019-09-05,0.0028777360776796727,-0.0002554205746723725,0.0,0.0,0.0,0.0,0.0,0.02115336594667605
2019-09-06,-0.00019786591666992283,-0.00012789294523410562,-0.0,-0.0,-0.0,-0.0,-0.0,0.005388939849116259
2019-09-09,0.0008692062905729999,-0.00019836925506065562,0.0,0.0,0.0,0.0,0.0,0.005606227278338816
2019-09-10,-0.0005715249933950535,0.0,0.0,0.0,0.0,0.0,0.0,0.00345615143007838
2019-09-11,0.0006033141413745596,0.0,0.0,0.0,0.0,0.0,0.0,0.009613836883962001
2019-09-12,-9.107784674535982e-05,-0.0,-0.0,-0.0,-0.0,-0.0,-0.0,0.007493814688716016
2019-09-13,0.00047918717998595177,0.0,0.0,0.0,0.0,0.0,0.0,0.010509365474305588
2019-09-17,0.0018117870453968324,0.0017628174958951184,0.0,0.0,0.0,0.0,0.0,0.00059264501949019
2019-09-18,-0.00015881639079431094,-0.0002461891017793096,-0.0,-0.0,-0.0,-0.0,-0.0,-0.001845769909405326
2019-09-19,0.00014756210347970151,-0.0,-0.0,-0.0,-0.0,-0.0,-0.0,0.0038130951902384247
2019-09-20,0.0009924629126011398,-0.0,-0.0,-0.0,-0.0,-0.0,-0.0,0.0015713989792285332
2019-09-24,-8.880969725957344e-05,0.0,0.0,0.0,0.0,0.0,0.0,0.0008945115102012569
2019-09-25,-0.0028083679933795696,-0.002955976476221289,-0.002103214308680065,0.0,0.0,0.0,0.0,-0.0035607956653550543
2019-09-26,-0.003535002902497175,-0.003535002902497175,-0.0002134537597574523,-0.0,-0.0,-0.0,-0.0,0.0012756426841644686
2019-09-27,0.0012704896856319241,0.0012704896856319241,-0.0,-0.0,-0.0,-0.0,-0.0,-0.007680424466982472
2019-09-30,-0.0005177617283041696,-0.00019313792977298944,-0.0,-0.0,-0.0,-0.0,-0.0,-0.005624622109789867
2019-10-01,0.0011204458883604818,0.0,0.0,0.0,0.0,0.0,0.0,0.005947846258951728
2019-10-02,-0.002011852530192023,-0.0018631561148614636,-0.0018631561148614636,-0.0013366494996166574,0.0,-0.0013366494996166574,-0.001121426069499094,-0.004872272738752792
2019-10-03,-0.0011352959061083866,-0.0003,-0.0003,-0.00021522343011756346,-0.0,-0.00021522343011756346,-0.0,-0.020059551696009037
2019-10-04,-0.0009398945855939245,0.0,0.0,0.0,0.0,0.0,0.0,0.0032077508030359247
2019-10-07,0.0027312533471347505,0.0026753302367419954,-0.0,-0.0,-0.0,-0.0,-0.0,-0.0016323630804608857
2019-10-08,0.0006658199774709574,-0.0002687462432769593,0.0,0.0,0.0,0.0,0.0,0.0099427747921077
2019-10-09,0.0008303909804115359,0.0,0.0,0.0,0.0,0.0,0.0,-0.006086704690325462
2019-10-10,0.0004513239382194994,0.0,0.0,0.0,0.0,0.0,0.0,0.004455532832007281
2019-10-11,0.0009711338221905516,0.0,0.0,0.0,0.0,0.0,0.0,0.011455498126169195
2019-10-15,0.006348371931241139,0.006203892314692283,0.004068822936073963,0.0,0.0,0.0,0.0,0.0187322468078861
2019-10-16,-0.0002989498985865516,-0.0003,-0.0001967550078087926,-0.0,-0.0,-0.0,-0.0,0.011964986738893568
2019-10-17,-3.167056405360132e-05,0.0,0.0,0.0,0.0,0.0,0.0,-0.0009371522235745999
2019-10-18,-0.00022855933663359543,-0.0,-0.0,-0.0,-0.0,-0.0,-0.0,0.0018181261435057383
2019-10-21,-0.0002652174075468565,0.0,0.0,0.0,0.0,0.0,0.0,0.0024995111256682634
2019-10-23,-0.000277907896813228,-0.00038216990213308933,0.0,0.0,0.0,0.0,0.0,0.0033917604594944084
2019-10-24,-0.0006057980484278501,-0.00020918967133606547,0.0,0.0,0.0,0.0,0.0,0.0055344372224397365
2019-10-25,-0.0011602370764323732,-0.0013076502588832764,0.0,0.0,0.0,0.0,0.0,0.0021630611212428708
2019-10-28,-0.00011741969688597846,-0.0001671648920276465,0.0,0.0,0.0,0.0,0.0,0.0029587519701670395
2019-10-29,0.00025857455798089453,0.0,0.0,0.0,0.0,0.0,0.0,0.004673112720299466
2019-10-30,-0.0005849401020096426,-0.0,-0.0,-0.0,-0.0,-0.0,-0.0,-0.0057025756296037455
2019-10-31,0.000266991761874024,0.00023357528755421733,0.0,0.0,0.0,0.0,0.0,0.0036737505661279535
2019-11-01,-0.0009606056936789285,-0.00015947769059803632,0.0,0.0,0.0,0.0,0.0,-0.0033266193267297295
2019-11-05,-0.0048264346939369445,-0.0048694172002963845,0.0,0.0,0.0,0.0,0.0,0.01755830159576477
2019-11-06,0.0016412317364508317,0.0016412317364508317,0.0014002350342125717,0.0012769886701536844,-0.0,0.0012769886701536844,0.0015505831679956423,0.002229059861223126
2019-11-07,4.5412558138181605e-05,-0.0003,-0.0003,-0.0002735944978419579,0.0,-0.0002735944978419579,0.0,0.0011371526060808268
2019-11-08,0.006356308808108828,0.006416333737503799,0.006416333737503799,0.004302184948414251,-0.0,0.004302184948414251,0.004503336499646745,0.002638147582226802
2019-11-11,-0.0005154096595316162,-0.0003,-0.0003,-0.000201151551232494,-0.0,-0.000201151551232494,-0.0,-0.0025662462676292463
2019-11-12,-0.006736463704457302,-0.006720910452871045,0.0,0.0,0.0,0.0,0.0,0.008064941433472361
2019-11-13,-0.002031745965244806,-0.00024681134676976193,-0.0,-0.0,-0.0,-0.0,-0.0,-0.008509376781488887
2019-11-14,0.0021956124253401455,-0.0,-0.0,-0.0,-0.0,-0.0,-0.0,-0.007646627787647242
2019-11-15,0.005774521144408442,0.005865274281717981,0.004448058947438171,0.0,0.0,0.0,0.0,0.006990436067969563
2019-11-18,0.004827864686698824,0.004827864686698824,0.0037188607477049093,0.0,0.0,0.0,0.0,0.0048679523605976716
2019-11-19,0.0017830930813178755,0.0017830930813178755,-0.00023132421785480463,-0.0,-0.0,-0.0,-0.0,-0.005300023412384669
2019-11-20,-0.0007007155792849226,-0.00021892792550451734,-0.0,-0.0,-0.0,-0.0,-0.0,-0.006185645502282178
2019-11-21,0.0010303838426068928,0.0011264425884794597,0.0006118472057458898,-0.0,-0.0,-0.0,-0.0,-0.0047514914696743515
2019-11-22,-0.00021635557212821297,-0.0003,-0.0001629503035494596,0.0,0.0,0.0,0.0,0.0032250590530338297
2019-11-25,-0.00029403694827845697,-0.00030167701679509855,-0.00030167701679509855,-0.00030167701679509855,-0.00015768365600959627,-0.00030167701679509855,-1.6770167950985737e-06,0.007784823042819244
2019-11-26,-0.0033294420300893357,-0.0033294420300893357,-0.0022170494001862375,-0.0003,-0.00015680709556674274,-0.0003,-0.0,0.0034564212619589973
2019-11-27,-0.00044605733472171587,-0.0003,-0.00018984183039109402,-0.0,-0.0,-0.0,-0.0,0.002757383969770544
2019-11-28,-0.002292567147633599,-0.0024203157419643625,-0.00154568964964588,-0.0,-0.0,-0.0,-0.0,-0.001221485952911494
2019-11-29,0.0006246373994214378,-0.0003,-0.00019158942234429833,-0.0,-0.0,-0.0,-0.0,-0.00492245617196807
2019-12-02,-0.004640646240737414,-0.004673820005166921,0.0,0.0,0.0,0.0,0.0,0.010113795501473177
2019-12-03,-0.006477842156151495,-0.006477842156151495,-0.006699596312331335,-0.006699596312331335,-0.004842021587913689,-0.006699596312331335,-0.006399596312331335,-0.006361777901145338
2019-12-04,0.001394556708034521,0.001394556708034521,-0.0003,-0.0003,-0.00021682000058726326,-0.0003,-0.0,-0.010461165954900875
2019-12-05,-0.00023556940124253074,-0.00023556940124253074,0.0,0.0,0.0,0.0,0.0,0.007125901564831283
2019-12-06,-0.0002140335093198439,-0.0002124665769266439,0.0,0.0,0.0,0.0,0.0,0.0023309157706774553
2019-12-09,0.0009685708978872945,-0.0,-0.0,-0.0,-0.0,-0.0,-0.0,0.003267000087727734
2019-12-10,-0.0002932008245009629,0.0,0.0,0.0,0.0,0.0,0.0,-0.0008753373270476983
2019-12-11,0.0006892511076588242,0.0006377036093374531,-0.0,-0.0,-0.0,-0.0,-0.0,-0.0007829957190950143
2019-12-12,-0.0015448120003666325,-0.0015448120003666325,-0.0009056634063769532,-0.0,-0.0,-0.0,-0.0,0.001408659796844347
2019-12-13,0.007889342486308161,0.007889342486308161,-0.0002022359235058196,0.0,0.0,0.0,0.0,0.02554082823008419
2019-12-16,-0.00035956070961387366,-0.00035956070961387366,-0.0,-0.0,-0.0,-0.0,-0.0,-0.0029450820731056204
2019-12-17,-0.0005649969447010004,-0.0001545646132540797,-0.0,-0.0,-0.0,-0.0,-0.0,0.004749827599605183
2019-12-18,-0.0027734966119358456,-0.0028655405923177692,-0.0,-0.0,-0.0,-0.0,-0.0,-0.00547198542297167
2019-12-19,-0.0009732615996292198,-0.00021501904185368062,-0.0,-0.0,-0.0,-0.0,-0.0,-0.0029071124331547793
2019-12-20,-0.0012746102085171784,-0.0,-0.0,-0.0,-0.0,-0.0,-0.0,-0.0020204925146922736
2019-12-23,0.0031858927193317062,0.003302874905136601,-0.0,-0.0,-0.0,-0.0,-0.0,0.00018804152658891127
2019-12-24,0.0001647618750154918,0.0001647618750154918,-0.0,-0.0,-0.0,-0.0,-0.0,0.0003975760732175537
2019-12-25,-0.0010411582603148898,-0.0010411582603148898,-0.0,-0.0,-0.0,-0.0,-0.0,-0.00200208880117847
2019-12-26,-0.0008518182463608655,-0.00016049193088842647,0.0,0.0,0.0,0.0,0.0,0.005972819360442694
2019-12-27,-0.005178064429650351,-0.005143888613473846,-0.005143888613473846,-0.005143888613473846,-0.005143888613473846,-0.005143888613473846,-0.004843888613473846,-0.003644702637866426
2019-12-30,0.001274439985691384,-0.0003,-0.0003,-0.0003,-0.0003,-0.0003,-0.0,-0.007597268411499547
2020-01-06,0.004731925635422359,0.0046271687092751205,0.004384683154295886,-0.0,-0.0,-0.0,-0.0,-0.019096548113639922
2020-01-07,-0.005649590035973723,-0.005649590035973723,-0.0002842785791778129,0.0,0.0,0.0,0.0,0.0159820545400311
2020-01-08,-0.00036300004800767015,-0.00015054340740454334,-0.0,-0.0,-0.0,-0.0,-0.0,-0.015734871572805398
2020-01-09,0.008681954978346005,0.008606821228091388,0.008606821228091388,0.008606821228091388,0.008606821228091388,0.008606821228091388,0.008906821228091388,0.02306032815701453
2020-01-10,-0.002014264034794347,-0.002014264034794347,-0.0003,-0.0003,-0.0003,-0.0003,0.0,0.0046630910734701825
2020-01-14,-0.002366198083404809,-0.002366198083404809,-0.0026418068295786298,-0.0026418068295786298,-0.0026418068295786298,-0.0026418068295786298,-0.00234180682957863,0.007320563285796666
2020-01-15,0.0002884359002033321,0.0002884359002033321,0.00025390889172713366,-0.0003,-0.0003,-0.0003,-0.0,-0.004519836658933629
2020-01-16,0.0011297217993837538,0.0011297217993837538,0.0011121190281400545,0.0008297217993837539,0.0008297217993837539,0.0008297217993837539,0.0011297217993837538,0.0006920212336352094
2020-01-17,-0.0031801059657728496,-0.0031801059657728496,-0.0031801059657728496,-0.0024528543133910874,-0.0003,-0.0024528543133910874,-0.0019286069066315182,0.004517959095504009
2020-01-20,0.00011752484405458397,0.00011752484405458397,9.607367605857449e-05,-0.0002242474067595692,0.0,-0.0002242474067595692,0.0,0.001757395428188424
2020-01-21,0.0010501416157032953,-0.0003,-0.0002845869042514712,-0.0,-0.0,-0.0,-0.0,-0.00909125043985537
2020-01-22,0.00786862901859384,0.007917132229046298,0.007917132229046298,0.007917132229046298,0.004545562710570083,0.007917132229046298,0.008217132229046298,0.006988985285205196
2020-01-23,-0.002016075358557412,-0.002016075358557412,-0.0016500828560337844,-0.0003,-0.0001722427734840666,-0.0003,-0.0,-0.009816766851827863
2020-01-24,0.0003618171292874456,0.0003618171292874456,0.0003789847861588651,-0.0,-0.0,-0.0,-0.0,0.0013338788904289078
2020-01-27,0.003602142044012213,0.003602142044012213,0.0035809212711514537,0.0033021420440122132,0.0033021420440122132,0.0033021420440122132,0.003602142044012213,-0.020299083996447087
2020-01-28,0.003238868851146593,0.003238868851146593,0.002178013043870555,-0.0003,-0.0003,-0.0003,0.0,-0.005474704935467423
2020-01-29,0.0028154309163055764,0.0028154309163055764,-0.00021006822926492567,0.0,0.0,0.0,0.0,0.007050805102013724
2020-01-30,0.012594731664987553,0.012594731664987553,0.0070491727525123955,-0.0,-0.0,-0.0,-0.0,-0.017179670304378725
2020-01-31,0.0003461486340800021,-0.0003,-0.0001642220374699184,0.0,0.0,0.0,0.0,0.009897822349882013
2020-02-03,0.004060851999485155,0.00396985971034255,0.00396985971034255,0.00396985971034255,0.0026967260813180417,0.00396985971034255,0.0042698597103425495,-0.010051214320078716
2020-02-04,0.008891998635270237,0.008891998635270237,0.008891998635270237,0.008891998635270237,0.007383820011306199,0.008891998635270237,0.008891998635270237,0.004903825854794208
2020-02-05,-0.001366515910525945,-0.001366515910525945,-0.001366515910525945,-0.001366515910525945,-0.0014158164998052715,-0.001366515910525945,-0.001366515910525945,0.010178682173494158
2020-02-06,-0.01043415484966721,-0.01043415484966721,-0.01043415484966721,-0.009160503797104633,-0.0003,-0.009160503797104633,-0.008598207515020618,0.023758136254812268
2020-02-07,0.0002541686311471628,-0.0003,-0.0003,-0.00026229628208401405,-0.0,-0.00026229628208401405,-0.0,-0.0019104531534012148
2020-02-10,4.8841805901644235e-05,0.0,0.0,0.0,0.0,0.0,0.0,-0.005959380409356618
2020-02-12,0.004769501037907012,0.004754502077249001,0.004754502077249001,0.002485102448104458,0.0,0.002485102448104458,0.002641907666047008,0.007398066927446267
2020-02-13,-0.0008499843150183044,-0.0008499843150183044,-0.0003,-0.0001568052179425502,-0.0,-0.0001568052179425502,-0.0,-0.0014031336815929496
2020-02-14,0.0005710223994111671,0.0005710223994111671,0.0008355780354104229,0.000513120437097587,-0.0,0.000513120437097587,0.0006973475524664885,-0.005881408856113879
2020-02-17,-0.0009913174547420756,-0.0009913174547420756,-0.0003,-0.00018422711536890155,0.0,-0.00018422711536890155,0.0,-0.006938215768640732
2020-02-18,0.00014380309163434079,-0.00018443505892191625,-0.0,-0.0,-0.0,-0.0,-0.0,-0.014004850090489795
2020-02-19,-0.003348323140286742,-0.003359202316826104,-0.0018697423041449909,0.0,0.0,0.0,0.0,0.008920419704012472
2020-02-20,-0.008519593235747646,-0.008519593235747646,-0.00838657415512659,-0.004280627185588996,-0.0,-0.004280627185588996,-0.00412439218479946,0.003352514005741325
2020-02-21,0.0005779295372467634,0.0005779295372467634,-0.0003,-0.00015623500078953604,-0.0,-0.00015623500078953604,-0.0,-0.003935839019409304
2020-02-25,0.007396980773028181,-0.00018147658675793694,-0.0,-0.0,-0.0,-0.0,-0.0,-0.03340910577082312
2020-02-26,-0.0003041198060954688,0.0,0.0,0.0,0.0,0.0,0.0,-0.007928221690569393
2020-02-27,-0.01003870854300767,-0.010015700525893314,-0.0,-0.0,-0.0,-0.0,-0.0,-0.02131253663820265
2020-02-28,0.011272943681422919,0.011272943681422919,-0.0,-0.0,-0.0,-0.0,-0.0,-0.03668949678638311
2020-03-02,-0.014243855689552259,-0.014243855689552259,0.0,0.0,0.0,0.0,0.0,0.00951234508825527
2020-03-03,-0.026771315602233656,-0.026771315602233656,-0.02659133670683237,-0.02659133670683237,-0.024612440014904764,-0.02659133670683237,-0.02629133670683237,-0.01224459468004202
2020-03-04,0.005460475321139662,0.005460475321139662,-0.0003,-0.0003,-0.000277674345064957,-0.0003,0.0,0.000822003494788559
2020-03-05,-0.0026268475807114536,-0.0026268475807114536,-0.0,-0.0,-0.0,-0.0,-0.0,0.01085582637268434
2020-03-06,0.009933553126959965,0.009933553126959965,-0.0,-0.0,-0.0,-0.0,-0.0,-0.02716329431164788
2020-03-09,0.012727341722757064,-0.00025252843823981213,-0.0,-0.0,-0.0,-0.0,-0.0,-0.05065074202701236
2020-03-10,-0.020318468204629705,-0.02044021660904697,-0.02044021660904697,-0.02044021660904697,-0.019934031485697806,-0.02044021660904697,-0.020140216609046968,0.008546699234019517
2020-03-11,0.01337587734238915,0.01337587734238915,-0.0003,-0.0003,-0.00029257074717410105,-0.0003,-0.0,-0.02270377454110395
2020-03-12,-0.02701551494832454,-0.02701551494832454,-0.021487246772203362,-0.0,-0.0,-0.0,-0.0,-0.04410934367619912
2020-03-13,-0.04137933479034284,-0.04137933479034284,-0.041438650170745904,-0.04167933479034284,-0.022107000607446754,-0.04167933479034284,-0.04137933479034284,-0.06080832569764838
2020-03-16,0.03261041488668519,0.03261041488668519,0.021450337452708388,-0.0003,-0.00015912202571358438,-0.0003,-0.0,-0.024611925243857025
2020-03-17,0.0007942558249479516,-0.0003,-0.00019826858027403426,0.0,0.0,0.0,0.0,0.0005581821298088485
2020-03-18,0.013701786639729993,0.013721428324276894,-0.0,-0.0,-0.0,-0.0,-0.0,-0.016752080935918623
2020-03-19,0.025928926358704217,0.025928926358704217,0.024223135437680256,-0.0,-0.0,-0.0,-0.0,-0.010385925071876523
2020-03-23,0.004958894720457495,-0.0003,-0.0002820825973605818,0.0,0.0,0.0,0.0,0.020235163242124043
2020-03-24,-0.016186612474980273,0.0,0.0,0.0,0.0,0.0,0.0,0.07132792839866764
2020-03-25,0.0554760755032214,0.0555694072475061,0.0,0.0,0.0,0.0,0.0,0.08038100530880898
2020-03-26,-0.01751320897167319,-0.01751320897167319,-0.0,-0.0,-0.0,-0.0,-0.0,-0.045124464484218696
2020-03-27,-0.003706852937019102,-0.00017618217968002936,0.0,0.0,0.0,0.0,0.0,0.03883448310141757
2020-03-30,-0.0025627633833421727,0.0,0.0,0.0,0.0,0.0,0.0,-0.015702317669058607
2020-03-31,0.006952311842457265,0.0068805452992214316,-0.0,-0.0,-0.0,-0.0,-0.0,-0.008800691398100913
2020-04-01,-0.006255885603655875,-0.0001527945634070884,-0.0,-0.0,-0.0,-0.0,-0.0,-0.04501766504992144
2020-04-02,0.00099500027598155,-0.0,-0.0,-0.0,-0.0,-0.0,-0.0,-0.013655347484023417
2020-04-03,-0.0015651403425987953,-0.0,-0.0,-0.0,-0.0,-0.0,-0.0,8.242735404362378e-05
2020-04-06,-0.014931010146439189,0.0,0.0,0.0,0.0,0.0,0.0,0.04243003869930262
2020-04-07,0.0008767652121242789,0.0,0.0,0.0,0.0,0.0,0.0,0.020126660881125247
2020-04-08,0.00706377926539215,0.0,0.0,0.0,0.0,0.0,0.0,0.021269484169633923
2020-04-09,-0.0008559256728054779,-0.0009889570434176624,-0.0,-0.0,-0.0,-0.0,-0.0,-0.0003860182085545505
2020-04-10,-6.682700168709368e-05,-0.00015949190240905435,-0.0,-0.0,-0.0,-0.0,-0.0,0.007894773506077923
2020-04-13,0.00038342600458942966,-0.0,-0.0,-0.0,-0.0,-0.0,-0.0,-0.023340236909249468
2020-04-14,-0.007400130044369279,0.0,0.0,0.0,0.0,0.0,0.0,0.03126595797161924
2020-04-15,0.0008757792870142314,-0.0,-0.0,-0.0,-0.0,-0.0,-0.0,-0.004517621009339501
2020-04-16,0.0003328142484515715,-0.0,-0.0,-0.0,-0.0,-0.0,-0.0,-0.013293577015610736
2020-04-17,-0.005502064135545654,0.0,0.0,0.0,0.0,0.0,0.0,0.031469895151986726
2020-04-20,-0.001060321786427152,-0.0009598111187631135,-0.0,-0.0,-0.0,-0.0,-0.0,-0.011465931876415536
2020-04-21,0.002226879960698972,-0.0002128419419501142,-0.0,-0.0,-0.0,-0.0,-0.0,-0.019743631678345697
2020-04-22,0.00030846370244694895,0.0,0.0,0.0,0.0,0.0,0.0,-0.007407899645848315
2020-04-23,-0.0004521333724681537,0.0,0.0,0.0,0.0,0.0,0.0,0.015231006783601453
2020-04-24,-0.0009628930051241631,-0.0,-0.0,-0.0,-0.0,-0.0,-0.0,-0.008617822121372076
2020-04-27,-0.004535288969264511,0.0,0.0,0.0,0.0,0.0,0.0,0.027059531882722476
2020-04-28,-0.00017863938563968706,-0.0,-0.0,-0.0,-0.0,-0.0,-0.0,-0.0006081542626726888
2020-04-30,0.0016648568752873276,0.0,0.0,0.0,0.0,0.0,0.0,0.021369478098507644
2020-05-01,0.005502465641378257,-0.0,-0.0,-0.0,-0.0,-0.0,-0.0,-0.028441550766797552
2020-05-07,-0.004123966535141892,0.0,0.0,0.0,0.0,0.0,0.0,0.002824758362454549
2020-05-08,0.001943795876671594,0.0,0.0,0.0,0.0,0.0,0.0,0.025632844730352433
2020-05-11,0.0005313416521876724,0.0,0.0,0.0,0.0,0.0,0.0,0.010484631077923856
2020-05-12,0.0005452135900693403,-0.0,-0.0,-0.0,-0.0,-0.0,-0.0,-0.0011858217102690416
2020-05-13,-0.00032626045319974876,0.0,0.0,0.0,0.0,0.0,0.0,-0.00488202601586285
2020-05-14,0.0012610232645703513,-0.0,-0.0,-0.0,-0.0,-0.0,-0.0,-0.01738148723152666
2020-05-15,-0.0006142471780534693,-0.0,-0.0,-0.0,-0.0,-0.0,-0.0,0.006160821790741844
2020-05-18,-0.0002189762615929179,0.0,0.0,0.0,0.0,0.0,0.0,0.0048039878411394454
2020-05-19,-0.0014643215366573785,-0.0014372286625745651,-0.0,-0.0,-0.0,-0.0,-0.0,0.014886399242564519
2020-05-20,-0.0004228625224562635,-0.0002090871775614411,0.0,0.0,0.0,0.0,0.0,0.007913552437667892
2020-05-21,0.0012611132313791208,-0.0,-0.0,-0.0,-0.0,-0.0,-0.0,-0.0020800937569021016
2020-05-22,-0.0020623134174965214,-0.0,-0.0,-0.0,-0.0,-0.0,-0.0,-0.007986955542084284
2020-05-25,-0.0005015133276336356,0.0,0.0,0.0,0.0,0.0,0.0,0.017338015380786498
2020-05-26,-0.001093653641029717,0.0,0.0,0.0,0.0,0.0,0.0,0.02552928630449469
2020-05-27,0.001201381983305349,0.0,0.0,0.0,0.0,0.0,0.0,0.006960620756582658
2020-05-28,-2.3673362271959252e-05,0.0,0.0,0.0,0.0,0.0,0.0,0.02320718659105081
2020-05-29,-0.0005368762497559879,0.0,0.0,0.0,0.0,0.0,0.0,-0.0017530287222763397
2020-06-01,-0.00152400029494971,0.0,0.0,0.0,0.0,0.0,0.0,0.008433171330931355
2020-06-02,0.001418619368903861,0.0,0.0,0.0,0.0,0.0,0.0,0.011930654047151767
2020-06-03,-0.00029873810216341564,-0.0,-0.0,-0.0,-0.0,-0.0,-0.0,0.012906720071330646
2020-06-04,-0.0038896134624689365,-0.0,-0.0,-0.0,-0.0,-0.0,-0.0,0.0036252471769253614
2020-06-05,-0.0028154889470525715,0.0,0.0,0.0,0.0,0.0,0.0,0.0074018398448427725
2020-06-08,0.0002712252029544983,0.0,0.0,0.0,0.0,0.0,0.0,0.013749687132407207
2020-06-09,-0.0009809089432164901,-0.0,-0.0,-0.0,-0.0,-0.0,-0.0,-0.003756576853469973
2020-06-10,-0.006982105196035225,-0.006843947852752195,0.0,0.0,0.0,0.0,0.0,0.0014689653474906361
2020-06-11,0.011046484346153148,0.011046484346153148,-0.0,-0.0,-0.0,-0.0,-0.0,-0.02819634570143481
2020-06-12,-0.0014730217595501941,-0.00020261408425643586,0.0,0.0,0.0,0.0,0.0,-0.0074502895413141035
2020-06-15,0.009685318908356196,-0.0,-0.0,-0.0,-0.0,-0.0,-0.0,-0.03472380929364505
2020-06-16,-0.009232280127543062,0.0,0.0,0.0,0.0,0.0,0.0,0.048825609501438993
2020-06-17,0.00023103074703891843,-0.0,-0.0,-0.0,-0.0,-0.0,-0.0,-0.005599592184528546
2020-06-18,-0.00019604796503384247,-0.0,-0.0,-0.0,-0.0,-0.0,-0.0,-0.004466507888035709
2020-06-19,0.0012687527217538996,0.0013415592418640435,0.0012872365177933683,-0.0,-0.0,-0.0,-0.0,0.005516688980146345
2020-06-22,-0.0023860145177500994,-0.0023860145177500994,-0.00028785233129283296,0.0,0.0,0.0,0.0,-0.0018470537329461356
2020-06-23,0.003012350597635076,0.003012350597635076,-0.0,-0.0,-0.0,-0.0,-0.0,0.0049819453229063
2020-06-24,8.927306106848952e-05,8.927306106848952e-05,-0.0,-0.0,-0.0,-0.0,-0.0,-0.0006532633631854967
2020-06-25,-0.0008124173830714359,-0.0001653277823476359,-0.0,-0.0,-0.0,-0.0,-0.0,-0.012182805879781267
2020-06-26,-0.004335861342940484,-0.004211411596462688,-0.004211411596462688,-0.004211411596462688,-0.0023507895002719053,-0.004211411596462688,-0.003911411596462688,0.011333935596452793
2020-06-29,-0.002832077955164774,-0.0003,-0.0003,-0.0003,-0.00016745854303909041,-0.0003,-0.0,-0.022967269742763974
2020-06-30,-0.001833710430297191,-0.00189710076735748,-0.0,-0.0,-0.0,-0.0,-0.0,0.013325803226224675
2020-07-01,-0.004523819941383539,-0.00023689331814133124,-0.0,-0.0,-0.0,-0.0,-0.0,-0.007466309507368374
2020-07-02,-0.0018183998913955204,-0.0019552891948709013,-0.0019552891948709013,-0.0019552891948709013,-0.0019552891948709013,-0.0019552891948709013,-0.0016552891948709014,0.0010953242913898098
2020-07-03,-0.0009137223407318245,-0.0003,-0.0003,-0.0003,-0.0003,-0.0003,0.0,0.0072482531556439245
2020-07-06,-0.004570826478869896,0.0,0.0,0.0,0.0,0.0,0.0,0.01828881005887628
2020-07-07,-0.0004816760186918136,-0.0,-0.0,-0.0,-0.0,-0.0,-0.0,-0.004391479710773916
2020-07-08,0.0010278480460738384,0.0010925045232760518,-0.0,-0.0,-0.0,-0.0,-0.0,-0.007784279455390619
2020-07-09,-0.0005705555605722938,-0.00020346484590150419,0.0,0.0,0.0,0.0,0.0,0.004039399442351099
2020-07-10,0.0011585646838656856,-0.0,-0.0,-0.0,-0.0,-0.0,-0.0,-0.010585265916000286
2020-07-13,-0.008807690591126021,-0.008839806364775249,-0.008839806364775249,-0.008839806364775249,-0.0046350162059873795,-0.008839806364775249,-0.008539806364775249,0.022158444461287008
2020-07-14,-0.0025821330143463543,-0.0025821330143463543,-0.00164856969805755,-0.0003,-0.00015730037564364312,-0.0003,-0.0,-0.008678197193211279
2020-07-15,0.005591653349334091,0.005591653349334091,0.005468930881745208,0.0052916533493340915,0.0052916533493340915,0.0052916533493340915,0.005591653349334091,0.015871522529758764
2020-07-16,-0.0041904389296138125,-0.0041904389296138125,-0.0003,-0.0003,-0.0003,-0.0003,-0.0,-0.00763289642849363
2020-07-17,0.0006140195290120767,-0.0002045190529855112,-0.0,-0.0,-0.0,-0.0,-0.0,-0.0032471798932686147
2020-07-20,-0.002750921414691441,-0.002697227963942927,-0.0015068523652468629,-0.0,-0.0,-0.0,-0.0,0.0009279237407262553
2020-07-21,0.004161580533285303,0.004161580533285303,0.0027521109817029436,0.0,0.0,0.0,0.0,0.007339732705146096
2020-07-22,0.001161191001129814,0.001161191001129814,0.0012604044956700143,0.0007628223519332063,-0.0,0.0007628223519332063,0.0009194389102086231,-0.005794880666698421
2020-07-27,0.009175110553757571,0.009175110553757571,0.004588837165067842,-0.00015661655827541667,0.0,-0.00015661655827541667,0.0,-0.0015717466415493542
2020-07-28,-0.0021266446328719077,-0.0021266446328719077,-0.00015478987197027676,-0.0,-0.0,-0.0,-0.0,-0.002573918695775723
2020-07-29,-0.006634985956102173,-0.006634985956102173,-0.0036786368137390326,-0.0,-0.0,-0.0,-0.0,-0.011487271454295511
2020-07-30,-0.004181188515397619,-0.004181188515397619,-0.00016203282573946042,-0.0,-0.0,-0.0,-0.0,-0.0025842132250604166
2020-07-31,-0.01307268130594588,-0.01307268130594588,-0.0,-0.0,-0.0,-0.0,-0.0,-0.02816706106462441
2020-08-03,-0.011746875919701572,-0.011746875919701572,-0.0115905741939624,-0.0115905741939624,-0.0115905741939624,-0.0115905741939624,-0.0112905741939624,0.022357478552510468
2020-08-04,-0.008664976440483585,-0.008664976440483585,-0.006588268506768602,-0.0003,-0.0003,-0.0003,0.0,0.017043154126153315
2020-08-05,-0.0015626931808416789,-0.0015626931808416789,-0.001637171858043844,-0.0018626931808416788,-0.0012549618857096805,-0.0018626931808416788,-0.0015626931808416789,-0.0026052729804526553
2020-08-06,-0.002983465461262224,-0.002983465461262224,-0.0028792965091216163,-0.0003,-0.00020212054759484517,-0.0003,-0.0,-0.004294908490516169
2020-08-07,0.004028727169677771,0.004028727169677771,0.00404037281449538,0.004328727169677771,0.004268595674051545,0.004328727169677771,0.004628727169677771,-0.003934799970692016
2020-08-11,0.010274246853266323,0.010274246853266323,0.010274246853266323,0.010274246853266323,0.009032102888288148,0.010274246853266323,0.010874246853266323,0.018822298292939577
2020-08-12,0.004243180186231488,0.004243180186231488,0.004243180186231488,0.004243180186231488,0.0023219642979246044,0.004243180186231488,0.004243180186231488,0.004119547844747107
2020-08-13,-0.006059846813456348,-0.006059846813456348,-0.005190427773634372,-0.0003,-0.00017080142037888488,-0.0003,0.0,0.017757359969658326
2020-08-14,0.00013962748294660284,-0.0003,-0.0002547165540345199,-0.0,-0.0,-0.0,-0.0,0.0017097061442563621
2020-08-17,-0.0019503352490754051,-0.0,-0.0,-0.0,-0.0,-0.0,-0.0,-0.008270273642939086
2020-08-18,-0.0015773146301999756,-0.0017082563147172848,-0.0,-0.0,-0.0,-0.0,-0.0,-0.0019773310909543262
2020-08-19,-0.0011707480743039862,-0.00022063522172582472,0.0,0.0,0.0,0.0,0.0,0.002582494905802424
2020-08-20,0.0015709321637380964,-0.0,-0.0,-0.0,-0.0,-0.0,-0.0,-0.009951716574976732
2020-08-21,0.004240484715717372,0.004150334600110795,0.004150334600110795,0.004150334600110795,0.0035414378392965287,0.004150334600110795,0.004450334600110795,0.0017342905094095418
2020-08-24,-0.003155846819322683,-0.003155846819322683,-0.0028863956179873257,-0.0003,-0.00025598691531053823,-0.0003,0.0,0.0028450317906971723
2020-08-25,-0.002324566567030395,-0.002324566567030395,-0.002150063869423588,0.0,0.0,0.0,0.0,0.013541564611740275
2020-08-26,0.0008536922186736412,0.0008536922186736412,0.0006846216358173846,0.0,0.0,0.0,0.0,-0.000253689947959157
2020-08-27,0.0031056589964551917,0.0031056589964551917,-0.00025000769146686316,-0.0,-0.0,-0.0,-0.0,-0.00352069447845349
2020-08-28,-0.007852339296551469,-0.0002502126462374271,-0.0,-0.0,-0.0,-0.0,-0.0,-0.014055364768437717
2020-08-31,-0.00013684116011119325,1.1732828620722658e-05,-0.0,-0.0,-0.0,-0.0,-0.0,0.011235996294613582
2020-09-01,-0.00036402620510181405,-0.00018656108011295836,0.0,0.0,0.0,0.0,0.0,-7.30108325286416e-05
2020-09-02,0.0003288728046046185,0.0002992605341639257,0.0002992605341639257,0.0002992605341639257,0.00024328850073430632,0.0002992605341639257,0.0005992605341639257,0.004714311809575156
2020-09-03,-0.001507268981891291,-0.0003,-0.0003,-0.0003,-0.00024388966097451428,-0.0003,-0.0,0.009393792468347817
2020-09-04,0.0008328695942986372,0.0,0.0,0.0,0.0,0.0,0.0,-0.011084327401455152
2020-09-07,2.9179581743660486e-05,-0.0,-0.0,-0.0,-0.0,-0.0,-0.0,-0.004976441733901882
2020-09-08,0.00041050325679070946,0.0,0.0,0.0,0.0,0.0,0.0,0.007976701848934287
2020-09-09,0.0025962287661847167,0.00255839465915938,0.00255839465915938,0.0015497561250532844,0.0,0.0015497561250532844,0.001731482128839091,-0.010380271484023429
2020-09-10,-0.0009106395528141718,-0.0003,-0.0003,-0.00018172600378580674,0.0,-0.00018172600378580674,0.0,0.008810650014500654
2020-09-11,-0.01051181644038516,-0.010598602085162145,0.0,0.0,0.0,0.0,0.0,0.0073602783190873655
2020-09-14,0.0036603576855872,0.0036603576855872,0.0,0.0,0.0,0.0,0.0,0.0065285544883009194
2020-09-15,0.00023943588397540863,-0.0002267249594961876,0.0,0.0,0.0,0.0,0.0,-0.004431801996988671
2020-09-16,-0.002553745371748496,-0.002411797873373784,0.0,0.0,0.0,0.0,0.0,0.000879930424958042
2020-09-17,-0.004748692532171517,-0.004748692532171517,-0.004453033339953094,-0.004453033339953094,-0.004453033339953094,-0.004453033339953094,-0.004153033339953094,-0.006652039844349256
2020-09-18,-0.000736922323374699,-0.0003,-0.0003,-0.0003,-0.0003,-0.0003,0.0,0.001755263634198867
2020-09-23,0.00396133144354725,0.004027629816291534,0.004027629816291534,0.004027629816291534,0.0025730673918586554,0.004027629816291534,0.004327629816291534,-0.0005911973053910335
2020-09-24,-0.005478341051044611,-0.005478341051044611,-0.0036968263069777673,-0.0003,-0.0001916561980039037,-0.0003,-0.0,-0.01107960636816141
2020-09-25,-5.2523720116503495e-05,-5.2523720116503495e-05,5.068586340682181e-05,0.0002474762798834965,0.00020574245852860817,0.0002474762798834965,0.0005474762798834965,0.005058893673984599
2020-09-28,0.0017931890498871367,-0.0003,-0.0003,-0.0003,-0.00024940870126074084,-0.0003,0.0,0.013230124491141693
2020-09-29,0.005323652011611003,0.005193244884773985,0.005193244884773985,0.002681317878767899,0.0,0.002681317878767899,0.002836210509767983,0.0011688037555235287
2020-09-30,0.011910428476560254,0.011910428476560254,0.007607744197105518,-0.00015489263100008384,-0.0,-0.00015489263100008384,-0.0,-0.015037978283970466
2020-10-02,-0.009037345497059575,-0.009037345497059575,-0.00019428665125762663,-0.0,-0.0,-0.0,-0.0,-0.006694757488997616
2020-10-05,0.0017347470624069939,0.0017347470624069939,0.0,0.0,0.0,0.0,0.0,0.012255382332869047
2020-10-06,0.0004940831815626446,0.0004940831815626446,0.00025587849849871964,0.0,0.0,0.0,0.0,0.005215730537400987
2020-10-07,-0.007061335132223578,-0.007061335132223578,-0.007032328665750665,-0.006761335132223578,-0.006761335132223578,-0.006761335132223578,-0.006461335132223578,-0.0004655748799599069
2020-10-08,0.005386915431558382,0.005386915431558382,0.004074000743193215,-0.0003,-0.0003,-0.0003,0.0,0.009573996513149385
2020-10-09,-3.353640071869198e-06,-0.0003,-0.00023074023849135788,-0.0,-0.0,-0.0,-0.0,-0.001157896475679987
2020-10-12,0.0003945348002871047,-0.0,-0.0,-0.0,-0.0,-0.0,-0.0,-0.002582591109889898
2020-10-13,0.0005801946948450808,-0.0,-0.0,-0.0,-0.0,-0.0,-0.0,0.0018290424786038262
2020-10-14,-0.003675787974973044,-0.003743110618348122,-0.0019613819382435583,0.0,0.0,0.0,0.0,0.0010571733410922324
2020-10-15,0.0017503806563695656,0.0017503806563695656,0.0012166381744553795,-0.0,-0.0,-0.0,-0.0,-0.005057830585491141
2020-10-16,-0.0015946177724178987,-0.0003,-0.0002191367100173549,-0.0,-0.0,-0.0,-0.0,-0.00410935731044193
2020-10-19,-4.557338421021095e-05,0.0,0.0,0.0,0.0,0.0,0.0,0.011127423330229425
2020-10-20,0.0003084100965133526,0.0003124174298366508,-0.0,-0.0,-0.0,-0.0,-0.0,-0.004397415463307852
2020-10-21,0.0001857074844654753,-0.000160740429233633,0.0,0.0,0.0,0.0,0.0,0.0030730154436429125
2020-10-22,0.0003233559162475602,-0.0,-0.0,-0.0,-0.0,-0.0,-0.0,-0.006987951488688582
2020-10-23,-0.0021626963056996015,-0.0020879201396776566,-0.0020879201396776566,-0.0020879201396776566,-0.001953300582275952,-0.0020879201396776566,-0.0017879201396776567,0.0018028383138253279
2020-10-26,-0.0005675252452437915,-0.0003,-0.0003,-0.0003,-0.00028065736976571026,-0.0003,-0.0,-0.0009461405819395363
2020-10-27,0.0031290720031392234,0.003031682573540361,0.0,0.0,0.0,0.0,0.0,-0.0003634519018959059
2020-10-28,0.0014180158620244645,0.0014180158620244645,0.0,0.0,0.0,0.0,0.0,-0.002865178677608604
2020-10-29,-0.006997575334234748,-0.006997575334234748,0.0,0.0,0.0,0.0,0.0,-0.003696661886960606
2020-10-30,0.014713124958955675,0.014713124958955675,0.014432830360352334,0.014432830360352334,0.008188869910283987,0.014432830360352334,0.014732830360352334,-0.015206991020306204
2020-11-02,-0.007339316300805806,-0.007339316300805806,-0.0003,-0.0003,-0.00017021338931785406,-0.0003,0.0,0.013855063598817718
2020-11-04,-0.003228383928517401,-0.003228383928517401,-0.0035028677213895573,-0.0022580975074331057,0.0,-0.0022580975074331057,-0.002064704748667667,0.017159980904289496
2020-11-05,0.013240735228424883,0.013240735228424883,0.013240735228424883,0.013347342469659445,0.013540735228424883,0.013347342469659445,0.013840735228424883,0.01730512090463887
2020-11-06,-0.01094256035012504,-0.01094256035012504,-0.01094256035012504,-0.01094256035012504,-0.007184679781170908,-0.01094256035012504,-0.01034256035012504,0.009124605824563758
2020-11-09,0.003036323737041549,-0.0003,-0.0003,-0.0003,-0.00019407021115243247,-0.0003,0.0,0.021155375101629792
2020-11-10,0.006849865976064668,0.006943144214056252,0.006943144214056252,0.006943144214056252,0.006943144214056252,0.006943144214056252,0.007243144214056252,0.002646957484975232
2020-11-11,-0.006642897247668236,-0.006642897247668236,-0.0003,-0.0003,-0.0003,-0.0003,0.0,0.01782771532055971
2020-11-12,0.001949232447100162,0.001949232447100162,0.0,0.0,0.0,0.0,0.0,0.006756763524448539
2020-11-13,-0.0006326946959340174,-0.0006326946959340174,-0.0,-0.0,-0.0,-0.0,-0.0,-0.005290245250308634
2020-11-16,0.00153778140395031,-0.0002390464049339542,0.0,0.0,0.0,0.0,0.0,0.020525613836130052
2020-11-17,0.0007547951705363164,0.0008069992259029605,0.0004656535279936282,-0.0,-0.0,-0.0,-0.0,0.004156781773216434
2020-11-18,0.0018784105384066529,-0.0003,-0.00017310556678884167,-0.0,-0.0,-0.0,-0.0,-0.011012212559269319
2020-11-19,-0.00034577393782959085,-0.000466346608788961,0.0,0.0,0.0,0.0,0.0,-0.003645843771502677
2020-11-20,-0.0003235191502800446,-0.00026963175232173843,0.0,0.0,0.0,0.0,0.0,-0.004172945501113801
2020-11-24,0.002442790105208679,0.0,0.0,0.0,0.0,0.0,0.0,0.025001428843261397
2020-11-25,0.004807685672875711,0.00488210491580574,-0.0,-0.0,-0.0,-0.0,-0.0,0.0050168764409244115
2020-11-26,0.0057968049594910726,0.0057968049594910726,0.0,0.0,0.0,0.0,0.0,0.009143722010529931
2020-11-27,0.0006843122395298383,-0.00017347014640605495,0.0,0.0,0.0,0.0,0.0,0.004047146768520138
2020-11-30,-0.0008428391593722974,-0.0,-0.0,-0.0,-0.0,-0.0,-0.0,-0.007922465264125211
2020-12-01,0.0018566678035560483,0.0,0.0,0.0,0.0,0.0,0.0,0.013389007384579932
2020-12-02,-0.000817814737549192,-0.0,-0.0,-0.0,-0.0,-0.0,-0.0,0.0005017783163521194
2020-12-03,0.0015104381629767283,0.001433632799877976,0.0,0.0,0.0,0.0,0.0,0.0003129986936403206
2020-12-04,0.00041123686644027244,-0.00018839368638708933,0.0,0.0,0.0,0.0,0.0,-0.0021682310368845714
2020-12-07,0.0049469250276744795,-0.0,-0.0,-0.0,-0.0,-0.0,-0.0,-0.007618367577145735
2020-12-08,0.00045920204148531266,0.0,0.0,0.0,0.0,0.0,0.0,-0.003027010388022222
2020-12-09,0.00018430970702863671,0.0,0.0,0.0,0.0,0.0,0.0,0.0132564443816372
2020-12-10,0.0003334963010984708,0.0,0.0,0.0,0.0,0.0,0.0,-0.0023006696266819615
2020-12-11,-0.0012366526454886736,-0.0,-0.0,-0.0,-0.0,-0.0,-0.0,-0.0038765051523100835
2020-12-14,0.00047714873084090244,0.0,0.0,0.0,0.0,0.0,0.0,0.0029985878738891802
2020-12-15,-9.974160496835545e-06,-6.863087905467256e-05,0.0,0.0,0.0,0.0,0.0,-0.0016683703503080904
2020-12-16,0.00023822080520862892,-0.00016777877698753013,-0.0,-0.0,-0.0,-0.0,-0.0,0.0026064510009899955
2020-12-17,0.00114747233226095,0.001194073822303425,0.0,0.0,0.0,0.0,0.0,0.0018413422279714986
2020-12-18,-0.0001857382920831885,-0.00017693589585496318,-0.0,-0.0,-0.0,-0.0,-0.0,-0.0016144973247752548
2020-12-21,0.0008534999439814895,-0.0,-0.0,-0.0,-0.0,-0.0,-0.0,-0.0018297645395967121
2020-12-22,0.0033199123024097786,0.003257119756257087,-0.0,-0.0,-0.0,-0.0,-0.0,-0.010407461501619086
2020-12-23,-7.02259247896917e-05,-0.0002257258610039572,-0.0,-0.0,-0.0,-0.0,-0.0,0.0033438164367416423
2020-12-24,0.00027240698768730753,0.0,0.0,0.0,0.0,0.0,0.0,0.0054123162501587
2020-12-25,-0.0004968920216819121,-0.0,-0.0,-0.0,-0.0,-0.0,-0.0,-0.00044023100592893716
2020-12-28,0.0010678524044803064,0.0,0.0,0.0,0.0,0.0,0.0,0.007406040246819678
2020-12-29,0.023207709709530264,0.023154135674285224,0.01233481221571107,0.0,0.0,0.0,0.0,0.0265926980958906
2020-12-30,-0.0018160078899329174,-0.0003,-0.0001598178276558602,-0.0,-0.0,-0.0,-0.0,-0.004497235650316345
2021-01-04,0.0015470243308003187,-0.0,-0.0,-0.0,-0.0,-0.0,-0.0,-0.006769709669809054
2021-01-05,-4.7637898206084276e-05,0.0,0.0,0.0,0.0,0.0,0.0,-0.003659424986194426
2021-01-06,0.0010576542678390874,0.001085511366788925,-0.0,-0.0,-0.0,-0.0,-0.0,-0.003781170221051511
2021-01-07,-0.0032646421357492316,-0.0032646421357492316,0.0,0.0,0.0,0.0,0.0,0.016047914617869585
2021-01-08,-0.009550529910826899,-0.009550529910826899,0.0,0.0,0.0,0.0,0.0,0.023604778049963526
2021-01-12,0.005223008054640239,0.005223008054640239,0.005412348038325876,0.004523996042126357,0.0,0.004523996042126357,0.004774755749932899,0.0008994818765055701
2021-01-13,-0.0003403170170544592,-0.0003,-0.0003,-0.0002507597078065419,0.0,-0.0002507597078065419,0.0,0.010376596846272346
2021-01-14,0.007854698275050928,0.007855745747094177,0.0,0.0,0.0,0.0,0.0,0.00849258197141567
2021-01-15,0.004641017352423914,0.004641017352423914,-0.0,-0.0,-0.0,-0.0,-0.0,-0.006240102347233711
2021-01-18,-0.00026957797282751246,-0.00026957797282751246,0.0,0.0,0.0,0.0,0.0,-0.009711666079981862
2021-01-19,0.0007743853606095186,-0.00017097274619882425,0.0,0.0,0.0,0.0,0.0,0.013853377161789249
2021-01-20,0.0010160019047232472,-0.0,-0.0,-0.0,-0.0,-0.0,-0.0,-0.003848685009316344
2021-01-21,0.0012838543865567051,0.0013178528449162234,0.0007394304350408019,0.0,0.0,0.0,0.0,0.008189793568283754
2021-01-22,0.0014428511512624975,0.0014428511512624975,-0.00016832617645283634,0.0,0.0,0.0,0.0,-0.0043610519012040605
2021-01-25,0.00020806217648949415,-0.00024978762711953643,0.0,0.0,0.0,0.0,0.0,0.006665392390442504
2021-01-26,-0.005501513110148492,-0.005531374416318046,-0.003666595739510238,-0.0,-0.0,-0.0,-0.0,-0.00957971708635863
2021-01-27,-0.0010510570052274515,-0.0010510570052274515,-0.0006865541583406605,-0.0,-0.0,-0.0,-0.0,0.0031188499117793533
2021-01-28,-0.0015993298049058018,-0.0015993298049058018,-0.0008985784168290567,0.0,0.0,0.0,0.0,-0.015288555638040657
2021-01-29,0.01402454041303735,0.01402454041303735,-0.00016249361517592503,-0.0,-0.0,-0.0,-0.0,-0.0189389418732141
2021-02-01,-0.01601287045961671,-0.01601287045961671,0.0,0.0,0.0,0.0,0.0,0.015459426577431712
2021-02-02,0.0015058787721381646,-0.00029834746530025207,0.0,0.0,0.0,0.0,0.0,0.009651441761159285
2021-02-03,0.0016292750358934565,0.0,0.0,0.0,0.0,0.0,0.0,0.01002497618864151
2021-02-04,-0.004283840916243783,-0.004369802122128162,-0.0,-0.0,-0.0,-0.0,-0.0,-0.010631343488733402
2021-02-05,0.0038549667204681153,0.0038549667204681153,0.0,0.0,0.0,0.0,0.0,0.01542731697810451
2021-02-08,0.00730421928151366,-0.00022766394407234546,0.0,0.0,0.0,0.0,0.0,0.021171914791673796
2021-02-09,0.0012097141799799777,0.0010945261433221922,0.0,0.0,0.0,0.0,0.0,0.003995770029092904
2021-02-10,-0.005569933862096749,-0.005569933862096749,-0.004315252792063432,0.0,0.0,0.0,0.0,0.001931815082720334
2021-02-12,0.003907781497183516,0.003907781497183516,0.00211435689835625,-0.0,-0.0,-0.0,-0.0,-0.0014497675113073205
2021-02-15,-0.010893813671821377,-0.010893813671821377,-0.00016779830119046098,0.0,0.0,0.0,0.0,0.019108358217092336
2021-02-16,-0.0023108207082355595,-0.00022834771041424975,0.0,0.0,0.0,0.0,0.0,0.012750887241094855
2021-02-17,-0.002840035527225116,-0.0027576448441748776,-0.0027576448441748776,-0.0027576448441748776,-0.002440628796555395,-0.0027576448441748776,-0.0024576448441748777,-0.005762176297068211
2021-02-18,-0.0025036511579387133,-0.0025036511579387133,-0.001877568689519796,-0.0003,-0.0002655123050066654,-0.0003,-0.0,-0.0018519496407418679
2021-02-19,-0.0009959093659290387,-0.0003,-0.00021476657280848125,0.0,0.0,0.0,0.0,-0.007215546818468588
2021-02-22,-0.001983634122558578,-0.0,-0.0,-0.0,-0.0,-0.0,-0.0,0.004600897575829599
2021-02-24,-0.0060307542275088,-0.006156917302355959,-0.0,-0.0,-0.0,-0.0,-0.0,-0.016060804071946877
2021-02-25,0.002664676710778457,0.002664676710778457,0.0,0.0,0.0,0.0,0.0,0.01673548618968912
2021-02-26,0.019619054735785343,0.019619054735785343,-0.0,-0.0,-0.0,-0.0,-0.0,-0.039851797411834644
2021-03-01,-0.008367530303778728,-0.008367530303778728,-0.008595559153244092,-0.00537406058910132,0.0,-0.00537406058910132,-0.005186496505370721,0.02407961055107899
2021-03-02,0.017754993883549508,0.017754993883549508,0.017754993883549508,0.017642557967280106,0.014751531289934337,0.017642557967280106,0.017754993883549508,-0.008607550630404415
2021-03-03,0.00043234063395108035,-0.0003,-0.0003,-0.0003,-0.0002535354304048816,-0.0003,0.0,0.005132236650595923
2021-03-04,-0.009394150295077872,-0.009489214607944751,-0.009489214607944751,-0.009489214607944751,-0.00773755097452533,-0.009489214607944751,-0.009189214607944751,-0.021279072863758963
2021-03-05,0.0048333340812538594,0.0048333340812538594,0.0048333340812538594,0.0048333340812538594,0.004777955516036686,0.0048333340812538594,0.0048333340812538594,-0.002274068917169414
2021-03-08,-0.01591811960378997,-0.01591811960378997,-0.015159020035556773,-0.0003,-0.0003,-0.0003,-0.0,-0.00419446261644929
2021-03-09,0.007653936822584444,0.007653936822584444,-0.0002854188675559446,0.0,0.0,0.0,0.0,0.00990456726796718
2021-03-10,0.0022679945766212405,0.0022679945766212405,0.002506441588352082,0.002506441588352082,0.002506441588352082,0.002506441588352082,0.002806441588352082,0.00029699296307006406
2021-03-11,0.005521140500601197,0.005521140500601197,0.004281548087043798,-0.0003,-0.0003,-0.0003,0.0,0.006029642451707007
2021-03-12,-0.015284978776382529,-0.015284978776382529,-0.008838393207620504,0.0,0.0,0.0,0.0,0.017328347271662325
2021-03-15,-0.0007128702930755094,-0.0003,-0.0001722180057769429,-0.0,-0.0,-0.0,-0.0,0.0016535737929321837
2021-03-16,-0.003723470271613371,-0.0036440304952547464,0.0,0.0,0.0,0.0,0.0,0.005177521829885734
2021-03-17,-0.0008186826750443317,-0.00020387893815300157,0.0,0.0,0.0,0.0,0.0,-0.00022591976630192967
2021-03-18,-0.0008732631365936625,0.0,0.0,0.0,0.0,0.0,0.0,0.010109533493987355
2021-03-19,1.1471819349399145e-05,-0.0,-0.0,-0.0,-0.0,-0.0,-0.0,-0.014055092581101492
2021-03-22,-0.0017798330376997853,-0.0,-0.0,-0.0,-0.0,-0.0,-0.0,-0.020740444998633145
2021-03-23,-0.0006351433279904247,-0.0,-0.0,-0.0,-0.0,-0.0,-0.0,-0.006109191402786318
2021-03-24,-0.010171628246133567,-0.010185175193631806,-0.0,-0.0,-0.0,-0.0,-0.0,-0.020361498866590222
2021-03-25,0.0006810558395637274,-0.000238415976965239,0.0,0.0,0.0,0.0,0.0,0.011418954255286717
2021-03-26,0.0013702426004589517,0.0,0.0,0.0,0.0,0.0,0.0,0.015552391656688647
2021-03-29,-0.0006351737991337925,-0.0,-0.0,-0.0,-0.0,-0.0,-0.0,0.007122817798609793
2021-03-30,0.0009303999761233984,0.0,0.0,0.0,0.0,0.0,0.0,0.0016396282215458413
2021-03-31,0.0009825263816509997,-0.0,-0.0,-0.0,-0.0,-0.0,-0.0,-0.008626406827758948
2021-04-01,0.001453240750652327,0.0013454413680862778,-0.0,-0.0,-0.0,-0.0,-0.0,0.007199348628130986
2021-04-02,-0.004807317199750183,-0.004807317199750183,0.0,0.0,0.0,0.0,0.0,0.015826769555145503
2021-04-05,-0.0002583911693744134,-0.000285845451209609,0.0,0.0,0.0,0.0,0.0,0.00788001607824751
2021-04-06,-0.0014467880378288816,-0.0,-0.0,-0.0,-0.0,-0.0,-0.0,-0.013048485443306168
2021-04-07,-2.8858656797018472e-05,-0.0,-0.0,-0.0,-0.0,-0.0,-0.0,0.0011502383313026776
2021-04-08,-0.0006270067584072755,0.0,0.0,0.0,0.0,0.0,0.0,-0.0007335356523553438
2021-04-09,0.0026190750391540847,0.0024885294850524042,-0.0,-0.0,-0.0,-0.0,-0.0,0.0019886269132374235
2021-04-12,0.009073196891149054,0.009073196891149054,-0.0,-0.0,-0.0,-0.0,-0.0,-0.007703897194238807
2021-04-13,0.0024991088735125634,0.0024991088735125634,0.0,0.0,0.0,0.0,0.0,0.007206772358589131
2021-04-14,0.002788686615777421,0.002788686615777421,0.0029663744104999282,0.002943754252151562,-0.0,0.002943754252151562,0.0032414665950437844,-0.004390321847084988
2021-04-15,0.0007574189422555724,0.0007574189422555724,-0.0003,-0.0002977123428922223,0.0,-0.0002977123428922223,0.0,0.0007325622330078829
2021-04-16,0.0015448052716958512,0.0015448052716958512,-0.0,-0.0,-0.0,-0.0,-0.0,0.0013723345705296541
2021-04-19,-0.0003294342767010556,-0.00015711605707914518,-0.0,-0.0,-0.0,-0.0,-0.0,6.737779631826868e-05
2021-04-20,0.0007010159824410242,-0.0,-0.0,-0.0,-0.0,-0.0,-0.0,-0.019706282865434632
2021-04-21,-0.0029117768340114207,-0.0028821290957005506,-0.0,-0.0,-0.0,-0.0,-0.0,-0.02033753719530218
2021-04-22,0.0023702825872799695,-0.00015448766449898505,0.0,0.0,0.0,0.0,0.0,0.023839133242507193
2021-04-23,-0.00098341470505229,0.0,0.0,0.0,0.0,0.0,0.0,-0.00573996461403492
2021-04-26,-0.000942207482783247,-0.0010302056092480355,0.0,0.0,0.0,0.0,0.0,0.003638777181884878
2021-04-27,0.006188042403267259,0.006188042403267259,0.005321087229885472,-0.0,-0.0,-0.0,-0.0,-0.004612331962906557
2021-04-28,0.001337488039865831,-0.0003,-0.000267830536845298,0.0,0.0,0.0,0.0,0.002141291126128486
2021-04-30,-0.0017291815037882503,-0.0,-0.0,-0.0,-0.0,-0.0,-0.0,-0.008306604498779957
2021-05-06,0.00514117981218232,0.0,0.0,0.0,0.0,0.0,0.0,0.018003849901169877
2021-05-07,0.0007807742973170742,0.0006331972226496178,0.0003258826107708148,0.0,0.0,0.0,0.0,0.0009018048815989665
2021-05-10,-0.005044259010627759,-0.005044259010627759,-0.00015439862926458692,0.0,0.0,0.0,0.0,0.005467692408405833
2021-05-11,-0.02212414297276242,-0.02212414297276242,-0.02184588636862054,-0.02184588636862054,-0.017530236853047873,-0.02184588636862054,-0.021545886368620537,-0.030819822687034426
2021-05-12,0.019063829933414312,0.019063829933414312,0.019063829933414312,0.015367906367702227,-0.00024073507328448336,0.015367906367702227,0.015910646152469687,-0.016116840453977543
2021-05-13,0.005404184980658278,-0.0003,-0.0003,-0.0002427397847674589,-0.0,-0.0002427397847674589,-0.0,-0.024851221505010734
2021-05-14,0.01261544578592553,0.012713107721606021,0.012713107721606021,0.012713107721606021,0.010727803275376929,0.012713107721606021,0.013013107721606021,0.02318787201457062
2021-05-17,0.016553760245978034,0.016553760245978034,0.00965046258041234,-0.0003,-0.0002531513972105722,-0.0003,-0.0,-0.009244989081140464
2021-05-18,-0.015783176432048216,-0.015783176432048216,-0.00017712004505558766,0.0,0.0,0.0,0.0,0.02091692074995133
2021-05-19,-0.0003043727430938367,-0.0002778830401922886,0.0,0.0,0.0,0.0,0.0,-0.012757160845532467
2021-05-20,0.0027794665464099897,0.0,0.0,0.0,0.0,0.0,0.0,0.0019184110492007633
2021-05-21,0.00047813112359838074,0.0,0.0,0.0,0.0,0.0,0.0,0.007814724337814605
2021-05-24,0.0037367128318451493,0.003648712536733086,0.0,0.0,0.0,0.0,0.0,0.0016519379043500315
2021-05-25,-0.001811845585843026,-0.001811845585843026,-0.0010918238294910932,0.0,0.0,0.0,0.0,0.006676315941685607
2021-05-26,-0.005477196935262824,-0.005477196935262824,-0.0002050848802405292,0.0,0.0,0.0,0.0,0.003089200977479667
2021-05-27,-0.00012964050805943275,-0.00012964050805943275,0.0,0.0,0.0,0.0,0.0,-0.0032532320077169885
2021-05-28,-4.3804684975876464e-05,-0.00016811052656421962,0.0,0.0,0.0,0.0,0.0,0.021030515438329678
2021-05-31,0.00040982072395240223,-0.0,-0.0,-0.0,-0.0,-0.0,-0.0,-0.009925760987069765
2021-06-01,0.0012874715175259573,-0.0,-0.0,-0.0,-0.0,-0.0,-0.0,-0.001584896308367112
2021-06-02,-0.007732150852049086,-0.00779474428414354,-0.00779474428414354,-0.00779474428414354,-0.00779474428414354,-0.00779474428414354,-0.00749474428414354,0.004574138500646141
2021-06-03,-0.0040573699322389006,-0.0040573699322389006,-0.0003,-0.0003,-0.0003,-0.0003,0.0,0.0038681754314182637
2021-06-04,-0.00014874953203513198,-0.0002047483885807903,0.0,0.0,0.0,0.0,0.0,-0.004012299707644051
2021-06-07,0.0011709047007745165,-0.0,-0.0,-0.0,-0.0,-0.0,-0.0,0.002685439616986196
2021-06-08,-0.0031951450345291555,-0.0031392435040638374,-0.0016368689486757119,-0.0,-0.0,-0.0,-0.0,-0.001918716239650009
2021-06-09,0.0008102963595648,0.0008102963595648,0.0009538699198932607,0.0009099740951238173,-0.0,0.0009099740951238173,0.0011558473938925796,-0.003547898244716574
2021-06-10,0.004470281016925674,0.004470281016925674,-0.0003,-0.0002458732987687623,0.0,-0.0002458732987687623,0.0,0.003387285278948715
2021-06-11,-0.0028264077440180255,-0.0028264077440180255,-0.003100843415158627,-0.0020696208771566567,-0.0,-0.0020696208771566567,-0.0018693894626609217,-0.00033945327182571816
2021-06-14,-0.0004147955790808704,-0.0003,-0.0003,-0.0002002314144957348,0.0,-0.0002002314144957348,0.0,0.007360264476192091
2021-06-15,0.001978252502404014,0.0,0.0,0.0,0.0,0.0,0.0,0.00958445612109493
2021-06-16,-2.1888684284137482e-05,-0.0,-0.0,-0.0,-0.0,-0.0,-0.0,-0.005104768187440767
2021-06-17,0.004304487126780848,0.0041944333671793625,0.002619065143849244,-0.0,-0.0,-0.0,-0.0,-0.009309330394611681
2021-06-18,-0.006525857006004342,-0.006525857006004342,-0.006413181365309434,-0.006225857006004342,-0.006225857006004342,-0.006225857006004342,-0.0059258570060043425,-0.001869507992153352
2021-06-21,0.01679618137149379,0.01679618137149379,0.009740413041244735,-0.0003,-0.0003,-0.0003,-0.0,-0.032908015309102256
2021-06-22,-0.005350189255719868,-0.0003,-0.00017618694180419976,0.0,0.0,0.0,0.0,0.03117358765370315
2021-06-23,4.506696201820031e-06,-0.0,-0.0,-0.0,-0.0,-0.0,-0.0,-0.00031990695582939654
2021-06-24,2.942658260080706e-05,0.0,0.0,0.0,0.0,0.0,0.0,1.1769525100957523e-05
2021-06-25,9.318821438612772e-05,-0.0,-0.0,-0.0,-0.0,-0.0,-0.0,0.006612907175118643
2021-06-28,-0.002535215760938554,-0.002520361336032761,-0.0013445866900997428,-0.0,-0.0,-0.0,-0.0,-0.0006247864853670126
2021-06-29,-0.0010933690808035534,-0.0003,-0.0001600468953649587,-0.0,-0.0,-0.0,-0.0,-0.00810417233425309
2021-06-30,0.003038399575056298,0.0031032598771176417,-0.0,-0.0,-0.0,-0.0,-0.0,-0.0007316268322191677
2021-07-01,0.0015110491204028231,-0.0002798997883381001,-0.0,-0.0,-0.0,-0.0,-0.0,-0.002934551808756125
2021-07-02,0.00010148234219782296,0.0,0.0,0.0,0.0,0.0,0.0,0.002655802787915995
2021-07-05,-0.0022581483368047783,-0.002291892805409752,-0.0,-0.0,-0.0,-0.0,-0.0,-0.006430464084406617
2021-07-06,-0.00014418252832411235,-0.00016450673894856613,-0.0,-0.0,-0.0,-0.0,-0.0,0.0015742774362970113
2021-07-07,0.0033925291374141964,0.003399219694010214,0.003399219694010214,0.003399219694010214,0.002118825790703626,0.003399219694010214,0.003699219694010214,-0.0096449284039003
2021-07-08,0.005218984686930941,0.005218984686930941,-0.0003,-0.0003,-0.00018699813322780123,-0.0003,-0.0,-0.008774997972304632
2021-07-09,0.006718398882784711,0.006718398882784711,0.006946005884985918,0.00517503669801948,0.0,0.00517503669801948,0.005398548027424147,-0.0063165655432239065
2021-07-12,-0.006101776205649733,-0.006101776205649733,-0.006101776205649733,-0.005981031879689911,0.0,-0.005981031879689911,-0.005459808935107191,0.02249785834044893
2021-07-13,-0.00029622880599750317,-0.0003,-0.0003,-0.00029771161517805214,0.0,-0.00029771161517805214,0.0,0.005223165007877784
2021-07-14,0.00027439859795479893,0.0,0.0,0.0,0.0,0.0,0.0,-0.0038216129924504294
2021-07-15,-0.008358060249473925,-0.008387274294928365,-0.0,-0.0,-0.0,-0.0,-0.0,-0.01151407809102778
2021-07-16,-8.241087173130993e-05,-0.000267158477708692,-0.0,-0.0,-0.0,-0.0,-0.0,-0.009760206822427175
2021-07-19,-0.0007413182386346901,-0.0006853523464025787,-0.0003596892080819688,-0.0,-0.0,-0.0,-0.0,-0.012510761058162068
2021-07-20,0.00040473120209598955,-0.0003,-0.0001574471335671269,0.0,0.0,0.0,0.0,-0.009567951526051721
2021-07-21,0.006744353935988759,0.006874112967343493,0.006822808772360784,-0.0,-0.0,-0.0,-0.0,0.005836092780168833
2021-07-26,0.005615541170854721,0.005615541170854721,0.0039354218164549285,-0.0,-0.0,-0.0,-0.0,0.010356071674894718
2021-07-27,0.00010012449328064766,-0.0003,-0.0002146810922347293,0.0,0.0,0.0,0.0,0.004919707488307168
2021-07-28,-0.0029831276611342805,-0.0030502479749373763,-0.0,-0.0,-0.0,-0.0,-0.0,-0.013891937106938479
2021-07-29,-0.0019191029961886283,-0.0019191029961886283,0.0,0.0,0.0,0.0,0.0,0.007278741181194093
2021-07-30,0.003989039618946068,-0.00020385941430637748,-0.0,-0.0,-0.0,-0.0,-0.0,-0.01795488224307762
2021-08-02,-0.010677856568563817,-0.010764331535074534,-0.009054632300003014,0.0,0.0,0.0,0.0,0.0182318269094619
2021-08-03,0.0016407801161039577,0.0016407801161039577,0.0016884291288503774,0.0011170085488532615,0.0,0.0011170085488532615,0.0012896723977227997,-0.005010235602348256
2021-08-04,-5.7004261728616466e-05,-0.0003,-0.0003,-0.00017266384886953818,-0.0,-0.00017266384886953818,-0.0,-0.002089224911548171
2021-08-05,0.0020914538842548964,0.0,0.0,0.0,0.0,0.0,0.0,0.005221818603051043
2021-08-06,0.003792920970869521,0.0036993315063711067,0.0029857211600609734,0.0,0.0,0.0,0.0,0.0033150435270716816
2021-08-10,-0.0006402012612410462,-0.0006402012612410462,-0.0005823305071536283,-0.0002663303855138061,0.0,-0.0002663303855138061,-3.147200973156557e-05,0.002448282979473193
2021-08-11,-0.000828123301536469,-0.000828123301536469,-0.0003,-0.00023485837578224054,0.0,-0.00023485837578224054,0.0,0.006538955522174206
2021-08-12,0.0033892824629733185,0.0033892824629733185,-0.0,-0.0,-0.0,-0.0,-0.0,-0.0019768160549387126
2021-08-13,-0.00019712711490024057,-0.00018144661220189284,-0.0,-0.0,-0.0,-0.0,-0.0,-0.001351744216446349
2021-08-16,-0.0038874621697474673,-0.0,-0.0,-0.0,-0.0,-0.0,-0.0,-0.016226132081418876
2021-08-17,0.007645602492512478,0.007756994488046574,-0.0,-0.0,-0.0,-0.0,-0.0,-0.0035867481916704858
2021-08-18,-0.005542751803153628,-0.005542751803153628,0.0,0.0,0.0,0.0,0.0,0.00588669348891413
2021-08-19,-0.004856747193514274,-0.004856747193514274,-0.0045852642697254194,-0.0045852642697254194,-0.0045852642697254194,-0.0045852642697254194,-0.0042852642697254195,-0.011046952326347559
2021-08-20,0.005495965391742318,0.005495965391742318,-0.0003,-0.0003,-0.0003,-0.0003,-0.0,-0.009820690338509741
2021-08-23,0.007440462473654215,0.007440462473654215,0.0,0.0,0.0,0.0,0.0,0.017805715135165157
2021-08-24,-0.0019365963726332123,-0.0019365963726332123,0.0,0.0,0.0,0.0,0.0,0.008651243786784502
2021-08-25,-0.002024444643961383,-0.002024444643961383,-0.001445392632895542,-0.0,-0.0,-0.0,-0.0,-0.0002631906068349954
2021-08-26,-0.0018472504414687174,-0.0018472504414687174,-0.0010638299892663584,-0.0,-0.0,-0.0,-0.0,0.0006307811330361623
2021-08-27,-0.0008922478854397518,-0.0003,-0.0001610770975857429,0.0,0.0,0.0,0.0,-0.003646001859187842
2021-08-30,-0.0029149101510495467,-0.002843029015446838,-0.0,-0.0,-0.0,-0.0,-0.0,0.00535970781777384
2021-08-31,-0.01497504970976487,-0.01497504970976487,-0.010197607173336669,0.0,0.0,0.0,0.0,0.010804522538331751
2021-09-01,0.007811847267828799,0.007811847267828799,-0.0002081029547428834,0.0,0.0,0.0,0.0,0.012868864382064027
2021-09-02,-0.0002584030344949025,-0.0002602210837384616,0.0,0.0,0.0,0.0,0.0,0.0032508583487986797
2021-09-03,-0.009056407786125487,-0.00905588232509069,0.0,0.0,0.0,0.0,0.0,0.020480999504799424
2021-09-06,-0.0023422743849760177,-0.0001524281518581942,0.0,0.0,0.0,0.0,0.0,0.018256634618943668
2021-09-07,6.523626342319757e-06,0.0,0.0,0.0,0.0,0.0,0.0,0.008639613788191447
2021-09-08,0.011880674751510095,0.011828289889511201,0.011828289889511201,0.011828289889511201,0.011742773714300166,0.011828289889511201,0.012128289889511201,0.00886044479542547
2021-09-09,-5.4261359276850025e-05,-0.0003,-0.0003,-0.0003,-0.00029783105987400086,-0.0003,0.0,-0.0057327548829401165
2021-09-10,0.009455482595554272,0.009417380430406708,0.009417380430406708,0.008356856083346282,0.0,0.008356856083346282,0.008623072027740876,0.01245161395720551
2021-09-13,0.0006212306410853561,-0.0003,-0.0003,-0.00026621594439459344,0.0,-0.00026621594439459344,0.0,0.0021568574257520012
2021-09-14,0.0025893348793635386,0.002489953281740809,0.0023580159409786116,0.0,0.0,0.0,0.0,0.007315261549242225
2021-09-15,0.00018374533403774245,-0.0003,-0.000284103636594745,0.0,0.0,0.0,0.0,-0.005164269888011219
2021-09-16,0.0027893667741182774,-0.0,-0.0,-0.0,-0.0,-0.0,-0.0,-0.006173730936814947
2021-09-17,0.0033063441069988743,0.0034025610569709767,0.0034025610569709767,0.001753655468241882,0.0,0.001753655468241882,0.0019082733080583716,0.005827555223486547
2021-09-21,-0.006047018778365332,-0.006047018778365332,-0.0032494822404358107,-0.00015461783981648975,-0.0,-0.00015461783981648975,-0.0,-0.021650450633214913
2021-09-22,-0.001711684116370037,-0.0003,-0.00015396585712608828,-0.0,-0.0,-0.0,-0.0,-0.006712884963750332
2021-09-24,0.002161481872615645,0.0020308161157349494,0.0,0.0,0.0,0.0,0.0,0.020560812574425658
2021-09-27,-0.0008266031173792573,-0.0008266031173792573,-0.0,-0.0,-0.0,-0.0,-0.0,-0.0002892675725691962
2021-09-28,0.001276019106842547,0.001276019106842547,0.0010794556680504223,0.0010794556680504223,0.0010794556680504223,0.0010794556680504223,0.0013794556680504222,-0.0018551420982785283
2021-09-29,-0.002283906600903607,-0.002283906600903607,-0.002283906600903607,-0.001916232213195702,-0.0003,-0.001916232213195702,-0.0018606336702692695,-0.021192443109919412
2021-09-30,0.0010519123596970524,-0.0003,-0.0003,-0.0002444014570735677,-0.0,-0.0002444014570735677,-0.0,-0.0031014083993072816
2021-10-01,-0.00632959705172749,-0.0,-0.0,-0.0,-0.0,-0.0,-0.0,-0.023141877172862535
2021-10-04,0.011025680580063113,0.011141027131512733,-0.0,-0.0,-0.0,-0.0,-0.0,-0.011337071716733704
2021-10-05,-0.008602201015793641,-0.008602201015793641,-0.008437907504630393,-0.008437907504630393,-0.008437907504630393,-0.008437907504630393,-0.008137907504630393,-0.021893966568029333
2021-10-06,0.017415361139780306,0.017415361139780306,0.017415361139780306,0.01520178811353968,-0.0003,0.01520178811353968,0.015764302458992057,-0.010540174834195337
2021-10-07,-0.00037030215159766355,-0.0003,-0.0003,-0.00026251434545237703,0.0,-0.00026251434545237703,0.0,0.005424915789752349
2021-10-08,-0.0004498401438327927,-0.0005979182040017207,0.0,0.0,0.0,0.0,0.0,0.013394236949134442
2021-10-11,0.002451616213731033,-0.00019354092885471758,0.0,0.0,0.0,0.0,0.0,0.0160169965205208
2021-10-12,0.003683768130578661,-0.0,-0.0,-0.0,-0.0,-0.0,-0.0,-0.009389710616309555
2021-10-13,0.0015077923469303824,0.001652607643598725,0.0015289581006306596,0.0,0.0,0.0,0.0,-0.0031997211581622498
2021-10-14,-0.0019244673482166946,-0.0003,-0.00027755373876303647,0.0,0.0,0.0,0.0,0.014592974941460612
2021-10-15,-0.01002746042249885,-0.010074153429010557,-0.010074153429010557,-0.00925673748370074,0.0,-0.00925673748370074,-0.00898107945797391,0.01813255041224293
2021-10-18,6.241336703910179e-05,-0.0003,-0.0003,-0.0002756580257268297,-0.0,-0.0002756580257268297,-0.0,-0.0014851033777215639
2021-10-19,0.0015414074717355966,0.0015824413092356787,0.0,0.0,0.0,0.0,0.0,0.006547995711739141
2021-10-20,0.003983004465392799,0.003983004465392799,0.004094723002070358,-0.0,-0.0,-0.0,-0.0,0.001370204967848787
2021-10-21,0.0136538975810628,0.0136538975810628,-0.0002969025255598831,-0.0,-0.0,-0.0,-0.0,-0.01869630509487985
2021-10-22,0.007349786645312426,0.007349786645312426,0.004169858374406985,0.0,0.0,0.0,0.0,0.003353336563076903
2021-10-25,-0.001738314590371601,-0.001738314590371601,-0.00016418396741061278,0.0,0.0,0.0,0.0,-0.007097396997291061
2021-10-26,0.005716720617009748,0.005716720617009748,0.00586713217854703,0.005170894716556474,0.0,0.005170894716556474,0.005435294489351624,0.017678054496869322
2021-10-27,-0.0007646544669641333,-0.0003,-0.0003,-0.00026439977279514896,0.0,-0.00026439977279514896,0.0,-0.0002669390724652221
2021-10-28,-0.0012180010904744964,-0.0011385012215827843,-0.0,-0.0,-0.0,-0.0,-0.0,-0.00955901073001686
2021-10-29,-0.0014645188191941693,-0.0001638574709377326,0.0,0.0,0.0,0.0,0.0,0.0025190625625597374
2021-11-01,-0.005941816138696079,-0.00607866048507915,0.0,0.0,0.0,0.0,0.0,0.02611008664402492
2021-11-02,0.0015211060742901519,0.0015211060742901519,0.0011877607432772322,0.0,0.0,0.0,0.0,-0.00425605783664007
2021-11-04,0.001589272017669608,0.001589272017669608,0.0016778742284708006,0.001889272017669608,0.0010259960133078576,0.001889272017669608,0.002189272017669608,0.009263563996403157
2021-11-05,-0.0038111446867059354,-0.0003,-0.0003,-0.0003,-0.00016291926261207372,-0.0003,-0.0,-0.006135348168045285
2021-11-08,-0.0005957152864631956,-0.0,-0.0,-0.0,-0.0,-0.0,-0.0,-0.0035296855299119523
2021-11-09,0.008886578576902775,0.008905425908380804,0.008905425908380804,0.008905425908380804,0.008905425908380804,0.008905425908380804,0.009205425908380804,-0.007509725231191422
2021-11-10,0.0035016959835411088,0.0035016959835411088,0.0035016959835411088,0.0035016959835411088,0.0024299367476893832,0.0035016959835411088,0.0035016959835411088,-0.0061013770965168135
2021-11-11,-0.0045010252402297385,-0.0045010252402297385,-0.0003,-0.0003,-0.00021542517546181347,-0.0003,0.0,0.00587767119062077
2021-11-12,-0.0058782071761681745,-0.0058782071761681745,0.0,0.0,0.0,0.0,0.0,0.011343429308516617
2021-11-15,0.0009023312814996501,0.0009023312814996501,-0.0,-0.0,-0.0,-0.0,-0.0,0.0056342534005746625
2021-11-16,-0.0010443970885819275,-0.00028031454267597505,0.0,0.0,0.0,0.0,0.0,0.0010517704573125286
2021-11-17,-0.007738843045880213,-0.0076010314637590445,-0.007337031085264531,-0.0,-0.0,-0.0,-0.0,-0.00401867229310493
2021-11-18,6.548890722551085e-06,6.548890722551085e-06,-0.00028958034657191293,0.0,0.0,0.0,0.0,-0.003020376075011044
2021-11-19,0.0035195038664151577,0.0035195038664151577,0.001794630759673219,0.0,0.0,0.0,0.0,0.004973501624664367
2021-11-22,0.0013625870037362008,-0.0003,-0.0001663617278006933,0.0,0.0,0.0,0.0,0.0009493833998091006
2021-11-24,0.011772912042731261,0.011862748163215942,0.0065038320699584784,-0.0,-0.0,-0.0,-0.0,-0.01583420054021345
2021-11-25,-7.422677403982989e-05,-0.0003,-0.00016447703298951217,0.0,0.0,0.0,0.0,0.0067099416768501285
2021-11-26,0.007031693622602052,-0.0,-0.0,-0.0,-0.0,-0.0,-0.0,-0.02534503127095733
2021-11-29,8.585507595233986e-05,-0.0,-0.0,-0.0,-0.0,-0.0,-0.0,-0.01626688279579902
2021-11-30,-0.015732471236716273,-0.015705689859009914,-0.0,-0.0,-0.0,-0.0,-0.0,-0.01634003198731171
2021-12-01,0.0001349052366340688,-0.00016881770299711658,0.0,0.0,0.0,0.0,0.0,0.004092457700705099
2021-12-02,-0.001049788569029909,-0.0010169190206222865,0.0,0.0,0.0,0.0,0.0,-0.006523929148753549
2021-12-03,-0.004066604919666054,-0.004066604919666054,0.0,0.0,0.0,0.0,0.0,0.009951987107421179
2021-12-06,0.002008252878726689,-0.0001799044608050499,-0.0,-0.0,-0.0,-0.0,-0.0,-0.003646191173662827
2021-12-07,0.0025128492050480026,0.0,0.0,0.0,0.0,0.0,0.0,0.01891443716342045
2021-12-08,-0.002724402470844046,-0.0026522652347449657,-0.002512328645277621,0.0,0.0,0.0,0.0,0.01423338593492729
2021-12-09,0.0011860088162302387,-0.0003,-0.0002841716521069431,-0.0,-0.0,-0.0,-0.0,-0.004682797581073372
2021-12-10,0.0008494430178844193,-0.0,-0.0,-0.0,-0.0,-0.0,-0.0,-0.010015542472684436
2021-12-13,-0.0002641452497000299,-0.0,-0.0,-0.0,-0.0,-0.0,-0.0,0.007128572545122891
2021-12-14,0.0003359461237176837,-0.0,-0.0,-0.0,-0.0,-0.0,-0.0,-0.0072571945408089755
2021-12-15,0.00012979494715255774,0.0,0.0,0.0,0.0,0.0,0.0,0.0009524292337865781
2021-12-16,-0.0013939907833561038,0.0,0.0,0.0,0.0,0.0,0.0,0.021314320534016717
2021-12-17,0.0012685965338179992,-0.0,-0.0,-0.0,-0.0,-0.0,-0.0,-0.017912161546506433
2021-12-20,0.0069403439432427685,0.006904188722916409,-0.0,-0.0,-0.0,-0.0,-0.0,-0.021294610858090146
2021-12-21,0.002885231813265569,-0.00015473789397587624,0.0,0.0,0.0,0.0,0.0,0.020752495830058892
2021-12-22,0.0005029506630119694,-0.0,-0.0,-0.0,-0.0,-0.0,-0.0,0.0015646867072036663
2021-12-23,0.00011591221018250256,0.0,0.0,0.0,0.0,0.0,0.0,0.008268204574280347
2021-12-24,-7.050596827460172e-05,-0.0,-0.0,-0.0,-0.0,-0.0,-0.0,-0.0005479232798895062
2021-12-27,1.6327541865622022e-05,-0.0,-0.0,-0.0,-0.0,-0.0,-0.0,-0.003687260487195032
2021-12-28,-0.0005781636044893496,0.0,0.0,0.0,0.0,0.0,0.0,0.013694131211166027
2021-12-29,-0.00029372424520742704,-0.0,-0.0,-0.0,-0.0,-0.0,-0.0,-0.005582524434924574
2021-12-30,-2.8540595400254484e-05,-0.0,-0.0,-0.0,-0.0,-0.0,-0.0,-0.003984169804942761
2022-01-04,0.0007099282397978085,0.0,0.0,0.0,0.0,0.0,0.0,0.017716144973366044
2022-01-05,0.0012126242723702078,0.0011804080004449106,0.0009727795340587154,0.0,0.0,0.0,0.0,0.0010364928122723605
2022-01-06,-0.022270186598539632,-0.022270186598539632,-0.019298517365769326,-0.0,-0.0,-0.0,-0.0,-0.02878379945859877
2022-01-07,-0.008114118464088826,-0.008114118464088826,-0.004870257308922838,-0.0,-0.0,-0.0,-0.0,-0.00032675640652690685
2022-01-11,-0.0031343425065184748,-0.0031343425065184748,-0.00017700490850627485,-0.0,-0.0,-0.0,-0.0,-0.008992030257410577
2022-01-12,0.0006255522900872381,-0.00016098364152482321,0.0,0.0,0.0,0.0,0.0,0.019246348247151657
2022-01-13,0.0005097084214277584,-0.0,-0.0,-0.0,-0.0,-0.0,-0.0,-0.00961317401974926
2022-01-14,-0.004672625192983273,-0.004644212834069272,-0.002988541357674017,-0.0,-0.0,-0.0,-0.0,-0.012806693342136022
2022-01-17,-0.0006281945434528196,-0.0006281945434528196,-0.000379151100792433,0.0,0.0,0.0,0.0,0.007439843423765469
2022-01-18,0.0008516724919984286,-0.0003,-0.00017011409058993336,-0.0,-0.0,-0.0,-0.0,-0.0026918481188289434
2022-01-19,0.0006054986333206289,-0.0,-0.0,-0.0,-0.0,-0.0,-0.0,-0.02795811804935011
2022-01-20,0.011269911685469897,0.011281569758680264,0.0,0.0,0.0,0.0,0.0,0.011129597470622254
2022-01-21,-0.002119196626548063,-0.00025528367002007276,0.0,0.0,0.0,0.0,0.0,-0.00902569245288587
2022-01-24,-0.006587925586413877,-0.00670942571161967,0.0,0.0,0.0,0.0,0.0,0.0024020329567040477
2022-01-25,0.0046122099285861255,-0.00016228031573886463,-0.0,-0.0,-0.0,-0.0,-0.0,-0.01656601354525178
2022-01-26,-0.0021583865055806975,-0.0020439271760138195,-0.0,-0.0,-0.0,-0.0,-0.0,-0.0044232893147237995
2022-01-27,0.03526357975863284,0.03526357975863284,0.019190870957091294,-0.0,-0.0,-0.0,-0.0,-0.031136167469076326
2022-01-28,-0.0023543882668408374,-0.0003,-0.00016251840150214146,0.0,0.0,0.0,0.0,0.02090304834753498
2022-01-31,-0.009287219945101576,-0.009345486783446103,0.0,0.0,0.0,0.0,0.0,0.010653778657031543
2022-02-01,-0.003563620200913514,-0.003563620200913514,-0.0,-0.0,-0.0,-0.0,-0.0,0.00283312552160897
2022-02-02,-0.0026277618702652467,-0.0002802849996333719,0.0,0.0,0.0,0.0,0.0,0.016807410635550024
2022-02-03,-0.0016938301628725615,-0.0,-0.0,-0.0,-0.0,-0.0,-0.0,-0.01061572284941914
2022-02-04,-0.0005750252326538525,0.0,0.0,0.0,0.0,0.0,0.0,0.007293323394192974
2022-02-07,0.002592278508371301,0.002582127585640326,0.002582127585640326,0.0019818753190370985,-0.0,0.0019818753190370985,0.0022121360540285056,-0.0069650569157483355
2022-02-08,0.0006283954917615372,0.0006283954917615372,-0.0003,-0.00023026073499140726,-0.0,-0.00023026073499140726,-0.0,0.0013083255103547575
2022-02-09,0.002837156145284057,0.002837156145284057,0.0030184150077847364,0.0030184150077847364,0.0017716206023890785,0.0030184150077847364,0.0033184150077847363,0.010824805217358735
2022-02-10,-0.0026085484009700185,-0.0026085484009700185,-0.0003,-0.0003,-0.00017608121459308202,-0.0003,-0.0,0.004213614535568011
2022-02-14,0.007433776986682062,0.007433776986682062,-0.0,-0.0,-0.0,-0.0,-0.0,-0.02225911510350942
2022-02-15,-0.002049947492925564,-0.0002855262095997305,-0.0,-0.0,-0.0,-0.0,-0.0,-0.007917416469824579
2022-02-16,0.006761165120580698,0.006717098281490997,0.006717098281490997,0.00395800055313222,0.0,0.00395800055313222,0.004134773337477442,0.02215547143408525
2022-02-17,-3.4848630429895166e-05,-0.0003,-0.0003,-0.00017677278434522156,-0.0,-0.00017677278434522156,-0.0,-0.008285795063559198
2022-02-18,-0.008725374700056559,-0.008736839748554803,-0.005868260553402872,0.0,0.0,0.0,0.0,-0.0040685697695992395
2022-02-21,-0.00013411545319375469,-0.0003,-0.0002015005673318055,0.0,0.0,0.0,0.0,-0.007787059374212313
2022-02-22,6.881104617950385e-05,-0.0,-0.0,-0.0,-0.0,-0.0,-0.0,-0.017140277529300474
2022-02-24,-0.002618968825742272,-0.0,-0.0,-0.0,-0.0,-0.0,-0.0,-0.01810193321616871
2022-02-25,-0.005449215935513451,-0.00538463499138753,0.0,0.0,0.0,0.0,0.0,0.019471071048788202
2022-02-28,0.0021631646564949296,0.0021631646564949296,0.002319322690781578,0.002319322690781578,0.002317070365570272,0.002319322690781578,0.002619322690781578,0.0019005651237891108
2022-03-01,-0.0008973710175044885,-0.0008973710175044885,-0.0008973710175044885,-0.000883450051460801,-0.00029970866599715617,-0.000883450051460801,-0.00029044116701667903,0.011984112188342388
2022-03-02,0.005245321758953536,0.005245321758953536,0.004879795596519977,-0.0002930088844441221,-0.0,-0.0002930088844441221,-0.0,-0.01682607955751314
2022-03-03,-0.00040691861133148927,-0.0003,-0.00028022516032491474,-0.0,-0.0,-0.0,-0.0,0.006980639937258504
2022-03-04,0.0018378022191358943,-0.0,-0.0,-0.0,-0.0,-0.0,-0.0,-0.02226710412930688
2022-03-07,-0.004720946511803028,-0.0,-0.0,-0.0,-0.0,-0.0,-0.0,-0.029403375278598043
2022-03-08,0.006957812302542213,0.007043550222271067,0.007043550222271067,0.007043550222271067,0.006988088611875872,0.007043550222271067,0.007343550222271067,-0.017067282710730214
2022-03-09,-0.006489753610352876,-0.006489753610352876,-0.0003,-0.0003,-0.0002976377703581996,-0.0003,-0.0,-0.0029615615451896726
2022-03-10,0.02315419524562578,0.02315419524562578,0.022876628094182304,0.022876628094182304,0.022876628094182304,0.022876628094182304,0.023176628094182306,0.039359560660984005
2022-03-11,0.012431952077055431,0.012431952077055431,0.012431952077055431,0.007495787518377651,-0.0003,0.007495787518377651,0.007979477830857541,-0.020537674996398247
2022-03-14,-0.00039531301123893486,-0.0003,-0.0003,-0.0001836903124798899,-0.0,-0.0001836903124798899,-0.0,0.0057652738113080915
2022-03-15,0.004394180689548311,0.0043753090712112756,0.0022178527275348334,0.0,0.0,0.0,0.0,0.0015264378432489067
2022-03-16,0.004611786916343196,0.004611786916343196,-0.00015207058688456278,0.0,0.0,0.0,0.0,0.01639396433707274
2022-03-17,7.118155275051002e-05,-0.00019347562045612094,0.0,0.0,0.0,0.0,0.0,0.03458118630805451
2022-03-18,-0.0017928915613549211,0.0,0.0,0.0,0.0,0.0,0.0,0.0065485978596364625
2022-03-22,-3.9965227573516036e-05,0.0,0.0,0.0,0.0,0.0,0.0,0.014786347112665466
2022-03-23,0.005414073629963174,0.0,0.0,0.0,0.0,0.0,0.0,0.02997529763083384
2022-03-24,-0.015449292267166119,-0.015343856463089256,-0.008075105379361996,0.0,0.0,0.0,0.0,0.0025046386453804192
2022-03-25,0.002221563013663669,-0.0003,-0.0001578828386224918,-0.0,-0.0,-0.0,-0.0,0.0014033678605276378
2022-03-28,0.0014510702441827062,-0.0,-0.0,-0.0,-0.0,-0.0,-0.0,-0.00731617728175904
2022-03-29,0.0006435469301476024,0.0,0.0,0.0,0.0,0.0,0.0,0.011041028646131767
2022-03-30,0.0008608336784703628,-0.0,-0.0,-0.0,-0.0,-0.0,-0.0,-0.007969933991412104
2022-03-31,-0.00020092777391049577,0.0,0.0,0.0,0.0,0.0,0.0,-0.007343578570855103
2022-04-01,-0.0003336890514103042,0.0,0.0,0.0,0.0,0.0,0.0,-0.005587391463920399
2022-04-04,-0.0005923085151017529,0.0,0.0,0.0,0.0,0.0,0.0,0.00254790299062857
2022-04-05,-0.00045953859937884165,-0.0,-0.0,-0.0,-0.0,-0.0,-0.0,0.0018571131913764916
2022-04-06,0.0017158561752176678,-0.0,-0.0,-0.0,-0.0,-0.0,-0.0,-0.015750683573144464
2022-04-07,0.005102997098483163,0.005021373735341917,0.004374153180404102,-0.0,-0.0,-0.0,-0.0,-0.016882098388714573
2022-04-08,0.0008861514994265815,-0.0003,-0.00026133206235681174,-0.0,-0.0,-0.0,-0.0,0.0036160520109467242
2022-04-11,0.0017861231446909542,0.0017053522141531074,-0.0,-0.0,-0.0,-0.0,-0.0,-0.006087692239770237
2022-04-12,-0.01080511313856169,-0.01080511313856169,-0.0058298624484207735,-0.0,-0.0,-0.0,-0.0,-0.01813987689747143
2022-04-13,-0.0018029370845245654,-0.0003,-0.0001662707484513676,0.0,0.0,0.0,0.0,0.01930928964342371
2022-04-14,0.004836626924862127,0.004865323732976645,0.0,0.0,0.0,0.0,0.0,0.0122379676695068
2022-04-15,-0.0026204050221804408,-0.00016493331356253897,0.0,0.0,0.0,0.0,0.0,-0.0029004323154350198
2022-04-18,-0.0002646761520831029,-0.0,-0.0,-0.0,-0.0,-0.0,-0.0,-0.010832187776664615
2022-04-19,-0.002380746989564839,-0.002410513850719263,-0.0,-0.0,-0.0,-0.0,-0.0,0.006917197975841116
2022-04-20,0.00012556958083233372,0.00012556958083233372,0.0,0.0,0.0,0.0,0.0,0.00862549530028378
2022-04-21,-0.0064942202459538296,-0.0064942202459538296,0.0,0.0,0.0,0.0,0.0,0.012315849426419723
2022-04-22,-0.0038706277644801335,-0.0038706277644801335,-0.002391192272819328,-0.0,-0.0,-0.0,-0.0,-0.016252306363141567
2022-04-25,-0.0019904197924090453,-0.0003,-0.0001937485836394358,-0.0,-0.0,-0.0,-0.0,-0.018980835203153634
2022-04-26,-0.001213457524783797,-0.0013579334983412638,-0.0,-0.0,-0.0,-0.0,-0.0,0.004111578562793428
2022-04-27,-0.0020361110474154884,-0.0020361110474154884,0.0,0.0,0.0,0.0,0.0,-0.011740720280289163
2022-04-28,0.0013130742680684498,-0.00017682481089339802,0.0,0.0,0.0,0.0,0.0,0.0174811833200037
2022-05-02,0.0005640358937716043,0.0005928710537139763,-0.0,-0.0,-0.0,-0.0,-0.0,-0.0010939810310178766
2022-05-06,-0.0010892798055284788,-0.00019481033253062417,0.0,0.0,0.0,0.0,0.0,0.006899380944858979
2022-05-09,-0.000779089931118568,-0.0,-0.0,-0.0,-0.0,-0.0,-0.0,-0.02533816612580675
2022-05-10,-0.0010050055442884802,-0.0009898550893505994,-0.0007912203769444557,0.0,0.0,0.0,0.0,-0.0057843485162927255
2022-05-11,-0.00015102530636954207,-0.0003,-0.00023979885100056634,0.0,0.0,0.0,0.0,0.0017786081117039387
2022-05-12,-0.003933207961240609,-0.003940462923608265,-0.0,-0.0,-0.0,-0.0,-0.0,-0.01773580131527419
2022-05-13,0.008989529563715301,-0.00015027123063029999,0.0,0.0,0.0,0.0,0.0,0.02636751143203786
2022-05-16,-0.0009250952534348788,-0.0,-0.0,-0.0,-0.0,-0.0,-0.0,0.004518010071275835
2022-05-17,0.001150973024881434,0.0,0.0,0.0,0.0,0.0,0.0,0.004245263237662389
2022-05-18,-0.0033886453699499123,-0.0032963088515319742,0.0,0.0,0.0,0.0,0.0,0.0094317920741942
2022-05-19,0.001215701946066254,0.001215701946066254,0.000708222280762551,-0.0,-0.0,-0.0,-0.0,-0.01889025349140916
2022-05-20,0.0015318024890071768,-0.0003,-0.00022878427647942835,0.0,0.0,0.0,0.0,0.01273307928671863
2022-05-23,-0.00046661034860503634,-0.0004152274866109225,0.0,0.0,0.0,0.0,0.0,0.009816745083026435
2022-05-24,0.001193004989476371,-0.0001847704184394783,-0.0,-0.0,-0.0,-0.0,-0.0,-0.009383875820646037
2022-05-25,0.0002682047389663146,-0.0,-0.0,-0.0,-0.0,-0.0,-0.0,-0.0026297096585569113
2022-05-26,-0.0018999165255356775,-0.0018294440081753278,-0.0,-0.0,-0.0,-0.0,-0.0,-0.0027348932581908736
2022-05-27,-0.0014966294283169682,-0.0001660780474468284,-0.0,-0.0,-0.0,-0.0,-0.0,0.0066469050288811005
2022-05-30,-0.0015172508213285962,0.0,0.0,0.0,0.0,0.0,0.0,0.021945972278741177
2022-05-31,0.0001335425326914753,-0.0,-0.0,-0.0,-0.0,-0.0,-0.0,-0.003274781655057124
2022-06-01,0.0012207819764853945,0.0,0.0,0.0,0.0,0.0,0.0,0.006528267753054928
2022-06-02,0.0005134579536117023,0.0,0.0,0.0,0.0,0.0,0.0,-0.0016028094155539074
2022-06-03,-0.0008956421018025534,0.0,0.0,0.0,0.0,0.0,0.0,0.012682970897427648
2022-06-06,0.004343773926649811,0.0,0.0,0.0,0.0,0.0,0.0,0.005558774621279738
2022-06-07,8.252486652397911e-05,-0.0,-0.0,-0.0,-0.0,-0.0,-0.0,0.0010051118958345207
2022-06-08,0.0021483044498840456,0.0,0.0,0.0,0.0,0.0,0.0,0.01039007913581469
2022-06-09,0.0018132520722529614,0.0016658597551155265,0.0,0.0,0.0,0.0,0.0,0.0004335237323633834
2022-06-10,-0.004339178593626275,-0.004339178593626275,-0.0,-0.0,-0.0,-0.0,-0.0,-0.014948393480034183
2022-06-13,0.010808791923013514,0.010808791923013514,-0.0,-0.0,-0.0,-0.0,-0.0,-0.03007622611651406
2022-06-14,0.0011931635616255134,0.0011931635616255134,0.0,0.0,0.0,0.0,0.0,-0.013249870509059902
2022-06-15,-0.011376428006837644,-0.011376428006837644,-0.011549272685820544,-0.00793625699925996,-0.0,-0.00793625699925996,-0.007730107472398318,-0.01140446197906364
2022-06-16,0.010042514818677618,0.010042514818677618,0.009879035333531901,-0.00020614952686164178,-0.0,-0.00020614952686164178,-0.0,0.003989912006786334
2022-06-17,0.0009696408180456251,0.0009696408180456251,0.0009648988528269583,0.0006696408180456252,0.0006696408180456252,0.0006696408180456252,0.0009696408180456251,-0.017713884825092063
2022-06-20,0.014734260396116028,0.014734260396116028,0.014734260396116028,0.014734260396116028,0.014734260396116028,0.014734260396116028,0.014734260396116028,-0.007386638557755232
2022-06-21,-0.0012967679405624195,-0.0003,-0.0003,-0.0003,-0.0003,-0.0003,0.0,0.01843489872764903
2022-06-22,-0.0056598909128271835,-0.0,-0.0,-0.0,-0.0,-0.0,-0.0,-0.003686604463975618
2022-06-23,-0.001839596127017019,-0.001691219711676106,-0.001691219711676106,-0.0008723907092695795,0.0,-0.0008723907092695795,-0.0007176401402134185,0.0008298122951144737
2022-06-24,-0.010048290443535057,-0.010048290443535057,-0.010048290443535057,-0.005855068092008842,0.0,-0.005855068092008842,-0.005835592240946899,0.012254695634522639
2022-06-27,-0.004841437233754853,-0.004841437233754853,-0.004841437233754853,-0.004967210813636749,-0.0037101769137475736,-0.004967210813636749,-0.004841437233754853,0.014317501418656509
2022-06-28,0.00887134084989787,0.00887134084989787,0.00887134084989787,0.008284529286508208,-0.00021648675720804163,0.008284529286508208,0.00886533433215005,0.006631661807707356
2022-06-29,-0.0003591697097637958,-0.0003591697097637958,-0.0003591697097637958,-0.0003783646641219537,-0.0006591697097637957,-0.0003783646641219537,-0.0003591697097637958,-0.009052712950930686
2022-06-30,0.01286527393436503,0.01286527393436503,0.01286527393436503,0.01173888077093094,-0.0003,0.01173888077093094,0.012313213401553372,-0.01535410164198292
2022-07-01,-0.0010582676856094077,-0.0003,-0.0003,-0.0002743326306224311,-0.0,-0.0002743326306224311,-0.0,-0.017331081911098112
2022-07-04,0.0012021767699258307,0.0011908841775802649,0.0,0.0,0.0,0.0,0.0,0.008412808850521314
2022-07-05,-0.0004275477978286816,-0.00015741686981427558,0.0,0.0,0.0,0.0,0.0,0.010310549423254933
2022-07-06,0.0029069085756250803,0.002859554598852976,0.002859554598852976,0.002859554598852976,0.002859554598852976,0.002859554598852976,0.003159554598852976,-0.01195226456237819
2022-07-07,-0.007435181658869271,-0.007435181658869271,-0.0003,-0.0003,-0.0003,-0.0003,0.0,0.014665391198416255
2022-07-08,-0.002005286205817591,-0.00027890050534702334,-0.0,-0.0,-0.0,-0.0,-0.0,0.0010064033055445787
2022-07-11,-0.0011904282415546362,-0.0,-0.0,-0.0,-0.0,-0.0,-0.0,0.011129057574019052
2022-07-12,-0.0049516977565309565,-0.0,-0.0,-0.0,-0.0,-0.0,-0.0,-0.017739642296293323
2022-07-13,-0.0028794179117532176,-0.00277078577642516,0.0,0.0,0.0,0.0,0.0,0.005395876855945003
2022-07-14,0.002486419892530533,-0.0002647448481767228,0.0,0.0,0.0,0.0,0.0,0.006217097571536101
2022-07-15,-0.0005940876199105689,0.0,0.0,0.0,0.0,0.0,0.0,0.0054452558297466425
2022-07-19,0.000451045418237294,-0.0,-0.0,-0.0,-0.0,-0.0,-0.0,0.0064658033784210645
2022-07-20,-0.012094150050169039,-0.012185168507656847,0.0,0.0,0.0,0.0,0.0,0.0266519032365089
2022-07-21,-0.0026235597241464257,-0.00025422138128233535,0.0,0.0,0.0,0.0,0.0,0.004434215408896769
2022-07-22,-0.005277842034412693,-0.0053955537640064995,-0.0053955537640064995,-0.0047447951859420825,0.0,-0.0047447951859420825,-0.0044809782325686736,0.0040161189889580395
2022-07-25,-0.00024838404954922083,-0.0003,-0.0003,-0.0002638169533734091,0.0,-0.0002638169533734091,0.0,-0.0077167393421327946
2022-07-26,-0.001337738773530323,-0.001274932700857134,-0.001274932700857134,-0.001274932700857134,-0.0012307159087650028,-0.001274932700857134,-0.000974932700857134,-0.001589900899843899
2022-07-27,0.000957408206957553,-0.0003,-0.0003,-0.0003,-0.0002895954997320868,-0.0003,0.0,0.0021890652953910905
2022-07-28,0.0004389954009471592,-0.0,-0.0,-0.0,-0.0,-0.0,-0.0,0.0035983319502448374
2022-07-29,0.003818701559283946,0.003768750855775405,0.003768750855775405,0.003095958739156889,-0.0,0.003095958739156889,0.0033424031599452123,-0.0004975590396703033
2022-08-01,0.005854679539089403,0.005854679539089403,0.005762642612937164,-0.0002464444207883231,0.0,-0.0002464444207883231,0.0,0.006895599686394416
2022-08-02,0.0072292189811931536,0.0072292189811931536,0.0064288119598558124,-0.0,-0.0,-0.0,-0.0,-0.014239780025878113
2022-08-03,0.0015118215862082347,0.0015118215862082347,-0.000267929214864596,0.0,0.0,0.0,0.0,0.005333261799446154
2022-08-04,-0.0005933196436368567,-0.0005933196436368567,-0.00034510287336079164,-0.0002585316063596123,0.0,-0.0002585316063596123,-3.378852858524019e-05,0.006859617598126366
2022-08-05,-0.009342934911857004,-0.009342934911857004,-0.009342934911857004,-0.0069813802139358635,0.0,-0.0069813802139358635,-0.006980789047084867,0.008723621078551957
2022-08-08,0.0064998129323058824,0.0064998129323058824,0.0064998129323058824,0.0032924814747938716,0.0,0.0032924814747938716,0.0036717832444292295,0.002604040123263207
2022-08-09,-0.005802160508871395,-0.005802160508871395,-0.0003,-0.0001551498587119832,-0.0,-0.0001551498587119832,-0.0,-0.00882428323051554
2022-08-10,-0.00495298680772533,-0.00495298680772533,-0.0051570475991922545,-0.0038442485969221447,-0.0,-0.0038442485969221447,-0.003620617816539726,-0.0064511111204117455
2022-08-12,-0.011050337994251102,-0.011050337994251102,-0.005991566890090378,-0.0002236307803824188,0.0,-0.0002236307803824188,0.0,0.026156287321856375
2022-08-15,-0.0053597223735646245,-0.0053597223735646245,-0.0001588294310318622,0.0,0.0,0.0,0.0,0.011377694691056872
2022-08-16,-0.0011098012076354836,-0.0011098012076354836,0.0,0.0,0.0,0.0,0.0,-9.937526175640699e-05
2022-08-17,-0.0008142270214835914,-0.00023252487018091383,0.0,0.0,0.0,0.0,0.0,0.012257455272290274
2022-08-18,-0.0008462992372280916,-0.0008269729125940702,-0.0006287785268262768,-0.0,-0.0,-0.0,-0.0,-0.009603090697817063
2022-08-19,-0.005684028815458486,-0.005684028815458486,-0.0034543500341528673,-0.0,-0.0,-0.0,-0.0,-0.00040807440707402165
2022-08-22,0.0049008635062481876,0.0049008635062481876,0.004780631235460529,0.00342170130802118,0.0,0.00342170130802118,0.003644813858743953,-0.004695075298422058
2022-08-23,-0.0044593537565821295,-0.0044593537565821295,-0.0044593537565821295,-0.003227369252509269,-0.0,-0.003227369252509269,-0.0032209434909564933,-0.011868586014690319
2022-08-24,-0.00589400433918974,-0.00589400433918974,-0.004198567509611169,-0.00021668678916999742,-0.0,-0.00021668678916999742,-0.0,-0.004895108447338092
2022-08-25,0.0009363858894911184,-0.0003,-0.00020907567852418869,0.0,0.0,0.0,0.0,0.005846653850237082
2022-08-26,-0.00033736997528308185,-0.000191845319078581,0.0,0.0,0.0,0.0,0.0,0.005701430460057111
2022-08-29,-0.010474316066707373,-0.010474316066707373,-0.010317364541560325,-0.006890506989441962,-0.0,-0.006890506989441962,-0.006690150387859677,-0.026619523884632845
2022-08-30,0.0034043748715013944,0.0034043748715013944,-0.0003,-0.00020035660158228418,0.0,-0.00020035660158228418,0.0,0.011356920415176441
2022-08-31,-0.0006648696034970171,-0.0002661296722157271,0.0,0.0,0.0,0.0,0.0,-0.0036903224179709593
2022-09-01,-0.0013129412967984356,-0.0,-0.0,-0.0,-0.0,-0.0,-0.0,-0.015309191222915741
2022-09-02,-0.0008323162045495938,-0.0,-0.0,-0.0,-0.0,-0.0,-0.0,-0.00038432010680466977
2022-09-05,0.0012618224899040881,0.001196428609577773,0.0,0.0,0.0,0.0,0.0,-0.00112945823441446
2022-09-06,-0.0002847420297826676,-0.0002246233766958908,-0.0,-0.0,-0.0,-0.0,-0.0,0.00024983664798838845
2022-09-07,0.00031550103832501307,-0.0,-0.0,-0.0,-0.0,-0.0,-0.0,-0.007102199519214647
2022-09-08,-0.00991117137647932,-0.009937936542193443,0.0,0.0,0.0,0.0,0.0,0.023148798866217346
2022-09-09,-0.00019263780142195918,-0.00019263780142195918,0.0,0.0,0.0,0.0,0.0,0.005325822755722243
2022-09-12,0.000733286477359338,-0.00026756342725376304,0.0,0.0,0.0,0.0,0.0,0.011602419833597777
2022-09-13,9.655551692096629e-05,0.0,0.0,0.0,0.0,0.0,0.0,0.002540859311488841
2022-09-14,-0.011435578198845227,-0.011464235457210236,-0.009780300906904717,-0.0,-0.0,-0.0,-0.0,-0.027818346588567078
2022-09-15,-9.344134916392698e-05,-9.344134916392698e-05,-0.00025593422980736745,0.0,0.0,0.0,0.0,0.0020594485777813976
2022-09-16,-0.002439293358722639,-0.002439293358722639,-0.002606805156499392,-0.002606805156499392,-0.0020555606507508765,-0.002606805156499392,-0.002306805156499392,-0.011058285232558918
2022-09-20,0.0008585720829467874,-0.0003,-0.0003,-0.0003,-0.00023656090816291385,-0.0003,-0.0,0.004380842383689965
2022-09-21,-0.001000036119019313,-0.0,-0.0,-0.0,-0.0,-0.0,-0.0,-0.013554007905070331
2022-09-22,-0.0021525100393881723,-0.002098313316089887,0.0,0.0,0.0,0.0,0.0,-0.005832388167807623
2022-09-26,-0.0010340686083839875,-0.0001571531159656757,-0.0,-0.0,-0.0,-0.0,-0.0,-0.026599536595644513
2022-09-27,-0.00030088932477258186,-0.0,-0.0,-0.0,-0.0,-0.0,-0.0,0.005308744860878178
2022-09-28,-0.00960004517118576,-0.009719075457271497,-0.009719075457271497,-0.007187462175032648,-0.0,-0.007187462175032648,-0.0069656058202806565,-0.014974056577249928
2022-09-29,0.004331257809935589,0.004331257809935589,-0.0003,-0.00022185635475199095,0.0,-0.00022185635475199095,0.0,0.009477744999320192
2022-09-30,-0.011594873304684094,-0.011594873304684094,-0.011839217320884143,-0.006670735154992323,-0.0,-0.006670735154992323,-0.0065017019754959405,-0.01834981878446995
2022-10-03,0.015810481094405072,0.015810481094405072,-0.0003,-0.00016903317949638305,0.0,-0.00016903317949638305,0.0,0.010740481143916458
2022-10-04,-0.002005895434689093,-0.00028025371331192667,0.0,0.0,0.0,0.0,0.0,0.029616574696606168
2022-10-05,-0.0018572742820975085,-0.0,-0.0,-0.0,-0.0,-0.0,-0.0,0.00475390325276126
2022-10-06,0.005476567449426617,0.005326631877307128,0.0,0.0,0.0,0.0,0.0,0.007034209483403497
2022-10-07,0.0030627868439307444,0.0030627868439307444,0.0,0.0,0.0,0.0,0.0,-0.007146909911519339
2022-10-11,0.003928565054878773,-0.0001814858870084639,-0.0,-0.0,-0.0,-0.0,-0.0,-0.026362903509272284
2022-10-12,-0.0016991085055776743,-0.0017939559833253646,0.0,0.0,0.0,0.0,0.0,-0.00016741335637515675
2022-10-13,-0.003384061283371189,-0.0002753151790261077,-0.0,-0.0,-0.0,-0.0,-0.0,-0.006038988612579788
2022-10-14,0.012475828147823836,0.012329967174411292,0.0,0.0,0.0,0.0,0.0,0.032523771250790645
2022-10-17,-0.0002017557460876764,-0.00020351361786547864,-0.0,-0.0,-0.0,-0.0,-0.0,-0.011626499435599458
2022-10-18,-1.13120927877112e-05,-0.0,-0.0,-0.0,-0.0,-0.0,-0.0,0.014205055231507169
2022-10-19,-0.0012187026440322048,-0.0012189126692824432,0.0,0.0,0.0,0.0,0.0,0.0037280788817906085
2022-10-20,-0.0009878146655052655,-0.0009878146655052655,-0.0006906780346047289,0.0,0.0,0.0,0.0,-0.009187233475107304
2022-10-21,-0.0003194538810585052,-0.0003,-0.00016786167188217533,-0.0,-0.0,-0.0,-0.0,-0.004309291209934063
2022-10-24,-0.001138790329954958,-0.0,-0.0,-0.0,-0.0,-0.0,-0.0,0.003135682170299914
2022-10-25,-0.0008434144760714514,0.0,0.0,0.0,0.0,0.0,0.0,0.010208708920597331
2022-10-26,-0.000929722638750686,-0.0009749952691225699,0.0,0.0,0.0,0.0,0.0,0.006662704073489012
2022-10-27,-7.775502471046202e-05,-0.00027249886139272427,-0.0,-0.0,-0.0,-0.0,-0.0,-0.0031569012457154377
2022-10-28,-0.00031958927942930674,-0.0003423946056127277,0.0,0.0,0.0,0.0,0.0,-0.008778164447180492
2022-10-31,-0.004427162277535153,-0.004427162277535153,0.0,0.0,0.0,0.0,0.0,0.017792221885474913
2022-11-01,-0.0003805667686793057,-0.00019767790499982885,0.0,0.0,0.0,0.0,0.0,0.003315237476265054
2022-11-02,-0.00031368081184239875,0.0,0.0,0.0,0.0,0.0,0.0,-0.0005610514036975545
2022-11-04,0.002361009969763043,-0.0,-0.0,-0.0,-0.0,-0.0,-0.0,-0.01676043247590875
2022-11-07,-0.002647670569087641,-0.002764652785148165,0.0,0.0,0.0,0.0,0.0,0.012055276550420935
2022-11-08,0.00023129836839494265,-0.00017609603807535585,0.0,0.0,0.0,0.0,0.0,0.012513558815032022
2022-11-09,0.003204121213566554,0.0032274924410789865,-0.0,-0.0,-0.0,-0.0,-0.0,-0.005585500738585547
2022-11-10,0.00032404587034868306,0.00032404587034868306,-0.0,-0.0,-0.0,-0.0,-0.0,-0.009753423553211737
2022-11-11,-0.014200041141661172,-0.014200041141661172,-0.01297546323725809,0.0,0.0,0.0,0.0,0.029784585597210755
2022-11-14,0.008639274780133252,0.008639274780133252,-0.0002690267636913326,-0.0,-0.0,-0.0,-0.0,-0.010617894556735341
2022-11-15,-0.00028382250085853117,-0.00023503401360672774,0.0,0.0,0.0,0.0,0.0,0.000954789161669245
2022-11-16,-0.0005688965916656311,-0.0005787441193807804,-0.0005787441193807804,-0.0003161331741560522,0.0,-0.0003161331741560522,-0.0001522611812133189,0.0013622946727880336
2022-11-17,0.0007742008332860539,0.0007742008332860539,0.0007742008332860539,0.0005371026135646547,-0.0,0.0005371026135646547,0.000609352487828833,-0.0034868495779586395
2022-11-18,0.00021778749217752746,-0.0003,-0.0003,-0.0002361218672069115,-0.0,-0.0002361218672069115,-0.0,-0.0011027623462530611
2022-11-21,0.0010665480753994584,0.0010298169358874069,0.0010298169358874069,0.000664758617512547,-0.0,0.000664758617512547,0.0008584120507627146,0.001613616599935419
2022-11-22,-0.002003971887594602,-0.002003971887594602,-0.0018877484980830887,-0.0001936534332501676,0.0,-0.0001936534332501676,0.0,0.006117461523601264
2022-11-24,-0.0002927360108278259,-0.0003,-0.0002795377980662147,0.0,0.0,0.0,0.0,0.009508894560354975
2022-11-25,0.0022002289441758723,0.002272376153722986,-0.0,-0.0,-0.0,-0.0,-0.0,-0.0035253577896500188
2022-11-28,0.001451157881359616,0.001451157881359616,-0.0,-0.0,-0.0,-0.0,-0.0,-0.004249870743629369
2022-11-29,-0.0013798909828067081,-0.0013798909828067081,-0.0015982456727934632,-0.0009109641433018163,0.0,-0.0009109641433018163,-0.0007399708800991189,-0.004793205583406568
2022-11-30,0.0015453413740618583,0.0015453413740618583,-0.0003,-0.00017099326320269738,0.0,-0.00017099326320269738,0.0,-0.002099684089215459
2022-12-01,0.0011553995533164154,0.0011553995533164154,0.0013641517872223455,0.0012726002943749364,-0.0,0.0012726002943749364,0.00155246657603693,0.009191960152856282
2022-12-02,0.002638294158101136,-0.0003,-0.0003,-0.00027986628166199357,-0.0,-0.00027986628166199357,-0.0,-0.015878212144921133
2022-12-05,-0.002328584939351355,-0.002444026289584591,0.0,0.0,0.0,0.0,0.0,0.0015299932465142607
2022-12-06,-0.006593845817265171,-0.006593845817265171,-0.004074552013499466,0.0,0.0,0.0,0.0,0.002353264118443832
2022-12-07,-0.0005822609257390976,-0.0005822609257390976,-0.0005837853269137022,0.0,0.0,0.0,0.0,-0.007153040451925774
2022-12-08,0.0005196865390009032,-0.0003,-0.000259075454193114,-0.0,-0.0,-0.0,-0.0,-0.004044249217854845
2022-12-09,-0.009422364163885094,-0.009543317804788686,0.0,0.0,0.0,0.0,0.0,0.011843584140311059
2022-12-12,-0.0034070361517456343,-0.0034070361517456343,0.0,0.0,0.0,0.0,0.0,-0.002103138488281364
2022-12-13,-0.0008619889504483386,-0.00027944958508994397,-0.0,-0.0,-0.0,-0.0,-0.0,0.004041311590454955
2022-12-14,0.0027981193434047876,0.002757561093972978,0.0,0.0,0.0,0.0,0.0,0.007203091089335478
2022-12-15,-0.001510514858132511,-0.001510514858132511,0.0,0.0,0.0,0.0,0.0,-0.0037118530963555774
2022-12-16,-0.006945655922695759,-0.006945655922695759,-0.004272070750320059,-0.0,-0.0,-0.0,-0.0,-0.018700474222052343
2022-12-19,0.0002201643902848504,-0.0003,-0.00018898876581100108,-0.0,-0.0,-0.0,-0.0,-0.010516120998574907
2022-12-20,-0.0057983905795426765,-0.0,-0.0,-0.0,-0.0,-0.0,-0.0,-0.02458404299197625
2022-12-21,-0.004522519687732497,-0.004589034122142073,-0.0,-0.0,-0.0,-0.0,-0.0,-0.00678667550894374
2022-12-22,-0.0001430256826517439,-0.00021830849379013352,-0.0,-0.0,-0.0,-0.0,-0.0,0.00455319498230744
2022-12-23,-0.0012955812576132951,-0.0013119683445866727,0.0,0.0,0.0,0.0,0.0,-0.01028446078327716
2022-12-26,0.0028131635975789915,0.0028131635975789915,0.0,0.0,0.0,0.0,0.0,0.006503431094615042
2022-12-27,0.00028430145568908725,-0.00024886375896760056,-0.0,-0.0,-0.0,-0.0,-0.0,0.0015905554850828008
2022-12-28,-0.00011678450315640116,0.0,0.0,0.0,0.0,0.0,0.0,-0.004059651840158107
2022-12-29,1.4538625198924453e-05,0.0,0.0,0.0,0.0,0.0,0.0,-0.009370743840284024
2022-12-30,-0.002843717505939305,-0.0,-0.0,-0.0,-0.0,-0.0,-0.0,3.181147487052449e-05
2023-01-04,-0.004757655372932491,-0.00487018129827258,-0.002678943912719761,-0.0,-0.0,-0.0,-0.0,-0.01447203912701911
2023-01-05,-0.00036762295636499025,-0.00036762295636499025,-0.00016502120241416662,-0.0,-0.0,-0.0,-0.0,0.004041761271636579
2023-01-06,0.008610061998340664,0.008610061998340664,0.008781927116795008,0.008781927116795008,0.008781927116795008,0.008781927116795008,0.009081927116795008,0.005927346305856451
2023-01-10,-0.000550103408154584,-0.000550103408154584,-0.0003,-0.0003,-0.0003,-0.0003,-0.0,0.007765923824676113
2023-01-11,-2.500498818156058e-05,-0.0002886556605177572,0.0,0.0,0.0,0.0,0.0,0.010331754028369389
2023-01-12,0.0013919404703081387,0.0014194195612571873,-0.0,-0.0,-0.0,-0.0,-0.0,0.00014445710126298472
2023-01-13,-0.010784258628484785,-0.010784258628484785,-0.010616082237669999,-0.007740590134791271,-0.0,-0.007740590134791271,-0.007521848701892665,-0.012487827038049959
2023-01-16,-0.0002715587148389588,-0.0003,-0.0003,-0.00021874143289860658,-0.0,-0.00021874143289860658,-0.0,-0.011378433603819738
2023-01-17,0.0017068215295312785,0.0,0.0,0.0,0.0,0.0,0.0,0.012251392251797721
2023-01-18,0.019670602827361657,0.019607789548435832,0.0,0.0,0.0,0.0,0.0,0.024960688945471432
2023-01-19,-0.005020049353582956,-0.005020049353582956,-0.0,-0.0,-0.0,-0.0,-0.0,-0.014403604039439077
2023-01-20,0.007844710567855418,0.007844710567855418,0.007550695781646655,0.007550695781646655,0.007550695781646655,0.007550695781646655,0.007850695781646655,0.0056162671369413
2023-01-23,0.00031961653304424345,-0.0003,-0.0003,-0.0003,-0.0003,-0.0003,0.0,0.013275439271512868
2023-01-24,0.0014613666357025088,0.0,0.0,0.0,0.0,0.0,0.0,0.01461197576171469
2023-01-25,-0.005216948710145831,-0.005133434219559871,0.0,0.0,0.0,0.0,0.0,0.003510005770117619
2023-01-26,-0.0021858454258958694,-0.0021858454258958694,-0.0,-0.0,-0.0,-0.0,-0.0,-0.0011775781757698
2023-01-27,-0.0017887418833134473,-0.0017887418833134473,-0.0019716101703967422,-0.0019716101703967422,-0.0019716101703967422,-0.0019716101703967422,-0.0016716101703967423,0.000723996925564796
2023-01-30,-0.0003314602411834154,-0.0003,-0.0003,-0.0003,-0.0003,-0.0003,0.0,0.0018566504641874815
2023-01-31,0.004491803115563591,0.004487256478743562,0.003952331252279384,-0.0,-0.0,-0.0,-0.0,-0.003874511147415882
2023-02-01,0.002571794220403232,0.002571794220403232,-0.0002642370413415309,-0.0,-0.0,-0.0,-0.0,0.0007235117371429123
2023-02-02,0.0005114763257083026,-0.0001635511708560238,-0.0,-0.0,-0.0,-0.0,-0.0,0.002017411863484586
2023-02-03,0.0015896904809826807,0.0016825744870429763,0.0013083983034183444,0.0,0.0,0.0,0.0,0.00391978531488224
2023-02-06,-0.0015070255395865165,-0.0015070255395865165,-0.00023328506051184265,-0.0,-0.0,-0.0,-0.0,0.006695494816981951
2023-02-07,-8.45096015007539e-05,-0.0001603978496046455,-0.0,-0.0,-0.0,-0.0,-0.0,-0.00029536328308565896
2023-02-08,-0.003355950951863658,-0.0033435913291467775,-0.0033435913291467775,-0.002043041983818687,-0.0,-0.002043041983818687,-0.0018597323221974473,-0.0028538350123150646
2023-02-09,-0.0017576151645068408,-0.0003,-0.0003,-0.00018330966162123945,0.0,-0.00018330966162123945,0.0,-0.0008009475816208589
2023-02-10,-0.001357931651076127,-0.0012716800635104986,-0.0,-0.0,-0.0,-0.0,-0.0,0.0031405800971127107
2023-02-13,-0.0010815055459414491,-0.00021760643946628697,-0.0,-0.0,-0.0,-0.0,-0.0,-0.008805620622123422
2023-02-14,0.002087948963013149,0.002150165379120286,-0.0,-0.0,-0.0,-0.0,-0.0,0.006396877884932817
2023-02-15,-0.007140927807977825,-0.007140927807977825,-0.0037382935147182183,-0.0,-0.0,-0.0,-0.0,-0.003655798239222241
2023-02-16,-0.000664883347548868,-0.0003,-0.00016133296961292796,0.0,0.0,0.0,0.0,0.007075160827194171
2023-02-17,-0.00014290102310418452,0.0,0.0,0.0,0.0,0.0,0.0,-0.0066184895015203304
2023-02-20,-0.00153241707842213,-0.001565899119730518,-0.001565899119730518,-0.001565899119730518,-0.001565899119730518,-0.001565899119730518,-0.001265899119730518,0.000683622443630183
2023-02-21,-0.00026111403874964044,-0.0003,-0.0003,-0.0003,-0.0003,-0.0003,-0.0,-0.002137148523451371
2023-02-22,0.0012551706944155144,-0.0,-0.0,-0.0,-0.0,-0.0,-0.0,-0.013423286855814287
2023-02-24,-3.618784895817255e-05,0.0,0.0,0.0,0.0,0.0,0.0,0.012882084930533111
2023-02-27,0.0009847913638606955,0.0,0.0,0.0,0.0,0.0,0.0,-0.0010752564245397611
2023-02-28,-0.0011238307522276575,-0.0,-0.0,-0.0,-0.0,-0.0,-0.0,0.0007876181498445156
2023-03-01,-0.0011447719399322368,0.0,0.0,0.0,0.0,0.0,0.0,0.0025858007118779724
2023-03-02,-0.0002861603118555128,-0.0,-0.0,-0.0,-0.0,-0.0,-0.0,-0.0006418017352212146
2023-03-03,-0.005884838120605592,-0.005858724867075246,0.0,0.0,0.0,0.0,0.0,0.015586152299870815
2023-03-06,1.2305488257221734e-05,-0.00019268718422906655,0.0,0.0,0.0,0.0,0.0,0.011111231555791301
2023-03-07,-0.0014753709855370354,0.0,0.0,0.0,0.0,0.0,0.0,0.002527849609721189
2023-03-08,0.004165535785545028,0.0042713409421935265,0.0,0.0,0.0,0.0,0.0,0.00476980935251059
2023-03-09,-0.00014662975815260684,-0.00018227650575154813,-0.0,-0.0,-0.0,-0.0,-0.0,0.0062916518607400995
2023-03-10,-0.006824166017980963,-0.0068054448464259,-0.0,-0.0,-0.0,-0.0,-0.0,-0.01674098346829589
2023-03-13,0.0003644351106138349,-0.0002319634967766287,-0.0,-0.0,-0.0,-0.0,-0.0,-0.011050671168815085
2023-03-14,-0.00827540528991137,-0.008164243762135514,-0.0,-0.0,-0.0,-0.0,-0.0,-0.021949582596398898
2023-03-15,0.0006004253586410332,-0.00027771203039260293,-0.0,-0.0,-0.0,-0.0,-0.0,0.0002733596198623012
2023-03-16,-0.008244536620355217,-0.008283807456252379,-0.008283807456252379,-0.008283807456252379,-0.008283807456252379,-0.008283807456252379,-0.007983807456252379,-0.008038019454729928
2023-03-17,-3.017104665991449e-05,-0.0003,-0.0003,-0.0003,-0.0003,-0.0003,0.0,0.011964916563456773
2023-03-20,-0.0033399351489065672,-0.0,-0.0,-0.0,-0.0,-0.0,-0.0,-0.014199244010318024
2023-03-22,-0.004790370097558246,-0.004703407688957482,0.0,0.0,0.0,0.0,0.0,0.01933295607922858
2023-03-23,0.0005364212213858366,-0.0002180506175073505,0.0,0.0,0.0,0.0,0.0,-0.001711168617804737
2023-03-24,-0.0006529659300581131,-0.0006184279407104085,0.0,0.0,0.0,0.0,0.0,-0.0012530949850557693
2023-03-27,0.00010531248725672927,0.00010531248725672927,-5.424492190855997e-05,-0.0,-0.0,-0.0,-0.0,0.003345565244976756
2023-03-28,-5.570658264664828e-05,-0.0003,-0.00016422908755405396,-0.0,-0.0,-0.0,-0.0,0.0015060252739573787
2023-03-29,0.011806924240765763,0.011838577640127268,0.010511149744006494,0.0,0.0,0.0,0.0,0.013283159244319664
2023-03-30,-0.0012817435132262487,-0.0012817435132262487,-0.0002663618062117172,-0.0,-0.0,-0.0,-0.0,-0.0036167840916134786
2023-03-31,-0.0009131910904179115,-0.0002238563220883954,0.0,0.0,0.0,0.0,0.0,0.009306102133869842
2023-04-03,0.0003651424846449303,0.000222693929726753,-0.0,-0.0,-0.0,-0.0,-0.0,0.005230462850863038
2023-04-04,-0.0010641563872108941,-0.0002796311402293145,0.0,0.0,0.0,0.0,0.0,0.003521675948025882
2023-04-05,0.004159608696242524,-0.0,-0.0,-0.0,-0.0,-0.0,-0.0,-0.016762227080431846
2023-04-06,0.004041289976039567,0.0039230298945746814,0.0037375245713855195,-0.0,-0.0,-0.0,-0.0,-0.012246996904368257
2023-04-07,0.0013086343427415326,0.0013086343427415326,0.0005624381862977641,-0.0,-0.0,-0.0,-0.0,0.0016627343676629547
2023-04-10,-0.00013571307220375635,-0.0003,-0.00015819362284875174,-0.0,-0.0,-0.0,-0.0,0.004191740229783081
2023-04-11,0.00047586262674733553,0.0005169755984556035,0.0,0.0,0.0,0.0,0.0,0.010483916453227327
2023-04-12,-0.002290109117143946,-0.002290109117143946,0.0,0.0,0.0,0.0,0.0,0.005705976142155178
2023-04-13,-0.007447303510946652,-0.007447303510946652,-0.004691046557070296,0.0,0.0,0.0,0.0,0.0026447416538013524
2023-04-14,-0.0026732791552870044,-0.0003,-0.00018487979184516218,0.0,0.0,0.0,0.0,0.011950859470925002
2023-04-17,-0.0012367137321775265,-0.0011133346920849992,-0.0011133346920849992,-0.0011133346920849992,-0.0006230525713772849,-0.0011133346920849992,-0.0008133346920849993,0.0007478412851846805
2023-04-18,0.0007553995364170823,-0.0003,-0.0003,-0.0003,-0.0001678882125402368,-0.0003,0.0,0.005051793659359927
2023-04-19,-0.0006664521959478657,-0.0007570283480413994,-0.0007292149390260139,-0.0,-0.0,-0.0,-0.0,-0.0018169029356067679
2023-04-20,-0.004447527277893902,-0.004447527277893902,-0.00028897792569300277,0.0,0.0,0.0,0.0,0.0017761727399849825
2023-04-21,0.0005186803650941277,0.0005186803650941277,-0.0,-0.0,-0.0,-0.0,-0.0,-0.0032522356521741402
2023-04-24,0.0008357811216264412,0.0008357811216264412,-0.0,-0.0,-0.0,-0.0,-0.0,0.001020515821003709
2023-04-25,-0.0009244146185696624,-0.00019186755269801623,-0.0,-0.0,-0.0,-0.0,-0.0,0.0009285593968584305
2023-04-26,7.711231392588715e-05,-0.0,-0.0,-0.0,-0.0,-0.0,-0.0,-0.0071138752334258815
2023-04-27,0.003807538349688392,0.0038315245870163776,0.0029011621823589883,0.0,0.0,0.0,0.0,0.0014501795386738792
2023-04-28,0.0013689606815289106,-0.0003,-0.0002271546573541474,0.0,0.0,0.0,0.0,0.01401237802954669
2023-05-01,-0.0005700874701401642,0.0,0.0,0.0,0.0,0.0,0.0,0.009243698787173571
2023-05-02,0.003884249425117614,0.003827613128792951,0.003827613128792951,0.002377146365911054,-0.0,0.002377146365911054,0.0025634619327609904,0.0011938782654603575
2023-05-08,0.00500353228421857,0.00500353228421857,0.003092952690509347,-0.00018631556684993612,-0.0,-0.00018631556684993612,-0.0,-0.007135905128787368
2023-05-09,0.007056258549363138,0.007056258549363138,0.004099440333332097,0.0,0.0,0.0,0.0,0.0101188483140211
2023-05-10,-0.0023032486230492033,-0.0023032486230492033,-0.0024282398335512974,-0.0019813450129491598,-0.0,-0.0019813450129491598,-0.0017530135740608836,-0.0041254784494377805
2023-05-11,-0.0010387959089313285,-0.0010387959089313285,-0.0003,-0.000228331438888276,0.0,-0.000228331438888276,0.0,0.00015592979899614612
2023-05-12,0.0018881807783964295,-0.00026158976870713837,0.0,0.0,0.0,0.0,0.0,0.008980759653349324
2023-05-15,-0.0006774903993261582,0.0,0.0,0.0,0.0,0.0,0.0,0.008099789922249245
2023-05-16,-0.0001906936070744825,-0.0001330830779558198,-0.0001330830779558198,-0.00010701812873315647,0.0,-0.00010701812873315647,0.00013422545469677537,0.007312762621627167
2023-05-17,0.002173412563275425,-0.0003,-0.0003,-0.00024124358342993184,0.0,-0.00024124358342993184,0.0,0.008397268752457165
2023-05-18,0.004462777877880036,0.004346034453767545,0.004346034453767545,0.004346034453767545,0.004346034453767545,0.004346034453767545,0.004646034453767545,0.015961533543986883
2023-05-19,-0.0012646063201317004,-0.0012646063201317004,-0.0012646063201317004,-0.0012646063201317004,-0.0008315050325335088,-0.0012646063201317004,-0.0012646063201317004,0.007667314089848221
2023-05-22,-0.008790388007107712,-0.008790388007107712,-0.0003,-0.0003,-0.00016530216154739925,-0.0003,0.0,0.009038806254011877
2023-05-23,-0.009024665830371164,-0.009024665830371164,-0.0,-0.0,-0.0,-0.0,-0.0,-0.004151302061539797
2023-05-24,-0.0015196206521700642,-0.0015196206521700642,-0.0017972902015618627,-0.0013513666330994421,-0.0,-0.0013513666330994421,-0.0011257992819963608,-0.008885971047504326
2023-05-25,0.003951978623157573,0.003951978623157573,-0.0003,-0.00022556735110308137,0.0,-0.00022556735110308137,0.0,0.003860522388572818
2023-05-26,0.00010174983049403287,0.00010174983049403287,-7.823026832610844e-05,0.0,0.0,0.0,0.0,0.0037394629445868244
2023-05-29,-0.004921328375976586,-0.004921328375976586,-0.00336738272600129,-0.0,-0.0,-0.0,-0.0,0.01026087880518678
2023-05-30,-0.00018623582487499725,-0.0003,-0.00020028694969030655,0.0,0.0,0.0,0.0,0.0030294707737301696
2023-05-31,-0.0057407844707715976,-0.005748320664502071,-0.005622045320045657,-0.0,-0.0,-0.0,-0.0,-0.014053787221435798
2023-06-01,-0.009082805062491216,-0.009082805062491216,-0.00907621485892605,-0.008782805062491216,-0.008782805062491216,-0.008782805062491216,-0.008482805062491217,0.00842171424560667
2023-06-02,0.006540410667211494,0.006540410667211494,0.006540410667211494,0.004396822694282581,-0.0003,0.004396822694282581,0.004902811322281019,0.012078169370397074
2023-06-05,0.011088037466711276,0.011088037466711276,0.011088037466711276,0.009556293844944507,0.0,0.009556293844944507,0.009610323925051182,0.021989726277556576
2023-06-06,-0.016806207761671143,-0.016806207761671143,-0.010481261793786435,-0.00026001870810511284,0.0,-0.00026001870810511284,0.0,0.008981151264443099
2023-06-07,-0.02221451402221992,-0.02221451402221992,-0.022099558254198418,-0.021914514022219923,-0.021914514022219923,-0.021914514022219923,-0.02161451402221992,-0.018243550278664866
2023-06-08,-0.007419571375739897,-0.007419571375739897,-0.007419571375739897,-0.0073815313550161556,-0.0003,-0.0073815313550161556,-0.007379928448659179,-0.008537723912144801
2023-06-09,-0.010185219590487774,-0.010185219590487774,-0.0003,-0.00029839709364302334,0.0,-0.00029839709364302334,0.0,0.019717931671762168
2023-06-12,-0.0002896386614824589,-0.00027257245445497545,0.0,0.0,0.0,0.0,0.0,0.005232579854183239
2023-06-13,0.005908152119247353,0.005921802076313879,0.0,0.0,0.0,0.0,0.0,0.018025788909786122
2023-06-14,0.0038683841537131896,0.0038683841537131896,0.0,0.0,0.0,0.0,0.0,0.01465152150051563
2023-06-15,-0.0002552211404393576,-0.00022971994781459585,-0.0,-0.0,-0.0,-0.0,-0.0,-0.0005054438694963581
2023-06-16,-0.009350861802646568,-0.00948974590248478,-0.00948974590248478,-0.007338663636673137,0.0,-0.007338663636673137,-0.007106665950578563,0.006587625119790053
2023-06-19,0.011794046931184576,0.011794046931184576,0.010657042847041751,-0.00023199768609457474,-0.0,-0.00023199768609457474,-0.0,-0.0099583300304239
2023-06-20,-0.0013685559824800173,-0.0003,-0.0002717959400038943,0.0,0.0,0.0,0.0,0.0005540319903432067
2023-06-21,0.009068384061709147,0.009165908016612347,0.0,0.0,0.0,0.0,0.0,0.0055776144797328175
2023-06-22,0.0046272957793846645,0.0046272957793846645,0.004877724499776937,0.002755158519389757,-0.0,0.002755158519389757,0.0029246120331859393,-0.009240816657041129
2023-06-23,0.019864533752936203,0.019864533752936203,-0.0003,-0.0001694535137961822,-0.0,-0.0001694535137961822,-0.0,-0.014530034668461922
2023-06-26,0.0008352102019583327,0.0008352102019583327,0.0,0.0,0.0,0.0,0.0,-0.0025236312263213767
2023-06-27,9.199025716565419e-05,-0.0002638831359459372,-0.0,-0.0,-0.0,-0.0,-0.0,-0.004907838116005592
2023-06-28,0.01142743945047825,0.011470004954275049,0.011470004954275049,0.00922884368063485,0.0,0.00922884368063485,0.009470225712746225,0.020150333515910557
2023-06-29,-0.0021827113917456398,-0.0021827113917456398,-0.0021827113917456398,-0.0012516200586899112,-0.0,-0.0012516200586899112,-0.0011712140579035251,0.0012096269785297764
2023-06-30,0.003649400507943934,0.003649400507943934,0.0022709938204948424,-0.0001609760313249895,0.0,-0.0001609760313249895,0.0,-0.0013570852638828956
2023-07-03,-0.007632918571468816,-0.007632918571468816,-0.007528213564872762,-0.0040037777071165945,0.0,-0.0040037777071165945,-0.0038399775366348993,0.017002271787301737
2023-07-04,-0.0004793715305502125,-0.0003,-0.0003,-0.00016380017048169484,-0.0,-0.00016380017048169484,-0.0,-0.00980076964632659
2023-07-05,-0.0017394487548705695,0.0,0.0,0.0,0.0,0.0,0.0,-0.0025078992749671958
2023-07-06,0.008425857717168046,0.008332569021440495,0.008332569021440495,0.008069571722981204,-0.0,0.008069571722981204,0.008360102951785338,-0.016967659229543575
2023-07-07,0.0006342941050284415,-0.0003,-0.0003,-0.00029053122880413326,-0.0,-0.00029053122880413326,-0.0,-0.0117352509739993
2023-07-10,-0.006715651018192268,-0.006589246744677235,-0.006589246744677235,-0.006589246744677235,-0.006589246744677235,-0.006589246744677235,-0.006289246744677235,-0.006134583088778789
2023-07-11,-0.0026796106478141728,-0.0003,-0.0003,-0.0003,-0.0003,-0.0003,-0.0,0.000429945934571796
2023-07-12,-0.0037752191097968047,-0.0,-0.0,-0.0,-0.0,-0.0,-0.0,-0.00806247948536376
2023-07-13,-0.00939372755913296,-0.009285076189315369,0.0,0.0,0.0,0.0,0.0,0.014882339000734435
2023-07-14,0.004035714922147595,0.004035714922147595,-0.0,-0.0,-0.0,-0.0,-0.0,-0.0008658510966251809
2023-07-18,-0.0012267998036916798,-0.0012267998036916798,-0.0014310575303662417,-0.0008239688195597996,0.0,-0.0008239688195597996,-0.0006512359694662901,0.003168473845031272
2023-07-19,0.0010203334093040186,0.0010203334093040186,-0.0003,-0.0001727328500935094,0.0,-0.0001727328500935094,0.0,0.012375884120524594
2023-07-20,0.009060543863336518,0.009060543863336518,0.006919028088378136,-0.0,-0.0,-0.0,-0.0,-0.012327071179749072
2023-07-21,-5.622647714958418e-05,-0.0003,-0.00022472676568752038,-0.0,-0.0,-0.0,-0.0,-0.005733042559410095
2023-07-24,-0.0018613147188619435,-0.001917207813806365,-0.001917207813806365,-0.0015625465976901569,0.0,-0.0015625465976901569,-0.0013180431192819516,0.012279791455458655
2023-07-25,-0.0011076208706086981,-0.0011076208706086981,-0.0003,-0.0002445034784082053,-0.0,-0.0002445034784082053,-0.0,-0.0005635828146900446
2023-07-26,0.0004666494271639639,0.0004666494271639639,-0.0,-0.0,-0.0,-0.0,-0.0,-0.00043356284375395404
2023-07-27,0.0033143596787038516,-0.00025948361063761195,0.0,0.0,0.0,0.0,0.0,0.006820680621229425
2023-07-28,0.005634857322427657,0.005537376066051747,0.0,0.0,0.0,0.0,0.0,-0.004011098631768073
2023-07-31,-0.00020994314116122207,-0.0001766670292425412,0.0,0.0,0.0,0.0,0.0,0.012606776024362443
2023-08-01,0.005228696505778283,0.005234897969935004,0.0032097817255034257,0.0,0.0,0.0,0.0,0.00917512866093717
2023-08-02,-0.008878092903905063,-0.008878092903905063,-0.00018394523125022497,-0.0,-0.0,-0.0,-0.0,-0.022967958941442768
2023-08-03,0.006179042685589909,0.006179042685589909,0.006389254957413904,0.006389254957413904,0.0052679777084913134,0.006389254957413904,0.006689254957413904,-0.016767010003441385
2023-08-04,0.004824564311333313,0.004824564311333313,0.004824564311333313,0.004824564311333313,0.004620147877522605,0.004824564311333313,0.005424564311333313,0.0010407790179629561
2023-08-07,0.009789505021107413,0.009789505021107413,-0.0003,-0.0003,-0.00028495103108765456,-0.0003,0.0,0.0019200145024889093
2023-08-08,0.0005725356262818312,0.0005725356262818312,-0.0,-0.0,-0.0,-0.0,-0.0,0.0038049972947744592
2023-08-09,0.004280370500864472,0.004280370500864472,0.004089687389577013,0.002553509377219749,-0.0,0.002553509377219749,0.0027408226704358244,-0.005341984748665207
2023-08-10,-0.014295665028404958,-0.014295665028404958,-0.00854724235711439,-0.00018731329321607532,0.0,-0.00018731329321607532,0.0,0.008362860268996464
2023-08-14,0.00026334379512573156,-0.0003,-0.00017678136066509522,-0.0,-0.0,-0.0,-0.0,-0.012740798444219381
2023-08-15,-0.001682543777951299,-0.0,-0.0,-0.0,-0.0,-0.0,-0.0,0.005582687782894835
2023-08-16,0.003948342294907341,0.0040614178166527674,-0.0,-0.0,-0.0,-0.0,-0.0,-0.014642883280044594
2023-08-17,-0.00016944981181534396,-0.00016944981181534396,0.0,0.0,0.0,0.0,0.0,-0.004432936979990698
2023-08-18,0.0008988556254108566,-0.00026363360420018987,0.0,0.0,0.0,0.0,0.0,-0.005541017971763762
2023-08-21,-0.0005091668700047289,-0.0004182188373615343,0.0,0.0,0.0,0.0,0.0,0.003652721277040971
2023-08-22,0.0008332099057980751,0.0008332099057980751,0.0,0.0,0.0,0.0,0.0,0.00922111215666166
2023-08-23,-0.004754624249345111,-0.00017670546859725308,0.0,0.0,0.0,0.0,0.0,0.004819983721051635
2023-08-24,-0.00021623857406382512,0.0,0.0,0.0,0.0,0.0,0.0,0.008651950152944732
2023-08-25,0.004952542108134472,0.004947826916013351,-0.0,-0.0,-0.0,-0.0,-0.0,-0.020532329097990853
2023-08-28,-0.003690421929960528,-0.00022823699218975203,0.0,0.0,0.0,0.0,0.0,0.017256075067422216
2023-08-29,-0.00025450113085205166,-0.0,-0.0,-0.0,-0.0,-0.0,-0.0,0.0017712305268005046
2023-08-30,-0.002514225135692933,-0.0025324433023523507,-0.0,-0.0,-0.0,-0.0,-0.0,0.0033043823869141065
2023-08-31,0.0030979802925125634,-0.0002256069883451608,0.0,0.0,0.0,0.0,0.0,0.008841580763735646
2023-09-01,0.005646400396882674,0.005526016230182862,0.005209238522342229,0.0,0.0,0.0,0.0,0.002798318338514516
2023-09-04,0.004325334315374851,0.004325334315374851,0.0021555881438405275,0.0,0.0,0.0,0.0,0.006987350067952036
2023-09-05,-0.0012810505719022297,-0.0003,-0.0001581544516290382,0.0,0.0,0.0,0.0,0.0029624912391801317
2023-09-06,0.003411606386993511,0.003503735908949113,0.003503735908949113,0.0020174006525224995,0.0,0.0020174006525224995,0.002190136329949248,0.006182743158633208
2023-09-07,0.0019365685186914197,0.0019365685186914197,-0.0003,-0.0001727356774267486,-0.0,-0.0001727356774267486,-0.0,-0.00751906559349147
2023-09-08,0.009288981286538817,0.009288981286538817,0.009099921201534212,0.0048960675773452545,-0.0,0.0048960675773452545,0.005057477796255276,-0.011646733089296424
2023-09-11,0.0013222594302675812,-0.0003,-0.0003,-0.00016141021891002077,-0.0,-0.00016141021891002077,-0.0,-0.004265365143984012
2023-09-12,-0.004743233704234811,-0.004811637345094188,-0.003622507177284946,0.0,0.0,0.0,0.0,0.009505162362687614
2023-09-13,-0.0016924566447300109,-0.0016924566447300109,-0.0011585198648470262,-0.0,-0.0,-0.0,-0.0,-0.002131156078877816
2023-09-14,-0.007967001631759518,-0.007967001631759518,-0.007867940185909885,-0.00529810276714978,0.0,-0.00529810276714978,-0.005090794759862951,0.014112844713084716
2023-09-15,-0.002228766830226251,-0.002228766830226251,-0.0003,-0.00020730800728682925,0.0,-0.00020730800728682925,0.0,0.011004195719861665
2023-09-19,0.0007051250637580782,-0.00020442528107790514,-0.0,-0.0,-0.0,-0.0,-0.0,-0.008663084772492113
2023-09-20,0.0034603065011684087,-0.0,-0.0,-0.0,-0.0,-0.0,-0.0,-0.006582176502446524
2023-09-21,0.00880709119645639,0.008661639767504526,0.007468678584756495,-0.0,-0.0,-0.0,-0.0,-0.013709876216098094
2023-09-22,-0.0035259186027887736,-0.0035259186027887736,-0.00025868122382933975,0.0,0.0,0.0,0.0,-0.005176966901723867
2023-09-25,-0.00018556858573047058,-0.00015313164955776793,0.0,0.0,0.0,0.0,0.0,0.008524334549284251
2023-09-26,-0.01000647241739866,-0.010004385218693257,-0.0,-0.0,-0.0,-0.0,-0.0,-0.011125572895551827
2023-09-27,0.005542606403319212,0.005542606403319212,0.0,0.0,0.0,0.0,0.0,0.0017592300801205774
2023-09-28,-0.007828852759920924,-0.007828852759920924,-0.007985381624223164,-0.007985381624223164,-0.004772586964970329,-0.007985381624223164,-0.007685381624223164,-0.015426368342577157
2023-09-29,-0.004966707336076714,-0.004966707336076714,-0.0003,-0.0003,-0.00017929964488458435,-0.0003,-0.0,-0.00046749961547254415
2023-10-02,0.007003088380273956,0.007003088380273956,-0.0,-0.0,-0.0,-0.0,-0.0,-0.003067971929056168
2023-10-03,-0.0070290146907659445,-0.0070290146907659445,-0.0,-0.0,-0.0,-0.0,-0.0,-0.016433985019056907
2023-10-04,0.0042880565380426575,0.0042880565380426575,-0.0,-0.0,-0.0,-0.0,-0.0,-0.02276265996407989
2023-10-05,-0.0038055288393743837,-0.00017975282309143104,0.0,0.0,0.0,0.0,0.0,0.017967067063012987
2023-10-06,-0.0006998387413400323,-0.0005992940289486822,-0.0005992940289486822,-0.0005905104512476428,-0.0,-0.0005905104512476428,-0.00029490741364510646,-0.002596573450729389
2023-10-10,0.013790960469243885,0.013790960469243885,0.010196686922526028,-0.00029560303760253634,0.0,-0.00029560303760253634,0.0,0.02425769904616293
2023-10-11,-0.0034074819166163943,-0.0034074819166163943,-0.003330958952382061,-0.002342178169217675,0.0,-0.002342178169217675,-0.0021160615031775415,0.005984290974720752
2023-10-12,-0.004836265129863935,-0.0003,-0.0003,-0.0002261166660401332,0.0,-0.0002261166660401332,0.0,0.01747687504743456
2023-10-13,-0.0008036379420181944,-0.0006835758720204251,-0.0004135620308488454,-0.0,-0.0,-0.0,-0.0,-0.0054984394671576675
2023-10-16,6.964083476949305e-05,-0.0003,-0.00018149939799359457,-0.0,-0.0,-0.0,-0.0,-0.02032928382312671
2023-10-17,0.00027864663381616266,0.0002673664060114169,-0.0,-0.0,-0.0,-0.0,-0.0,0.01204268652869378
2023-10-18,-0.00017705596432111056,-0.00018527911134305278,0.0,0.0,0.0,0.0,0.0,6.120224122119211e-05
2023-10-19,0.004483212620991621,0.004415709167897209,0.004307898464132789,-0.0,-0.0,-0.0,-0.0,-0.019088261884699143
2023-10-20,-0.00012875803796493006,-0.0003,-0.00029267542088947675,0.0,0.0,0.0,0.0,-0.005448819345834743
2023-10-23,0.0045742886659014366,0.004593097812927461,0.004440891496416294,-0.0,-0.0,-0.0,-0.0,-0.008311385739970922
2023-10-24,0.0023678183455282937,0.0023678183455282937,-0.00029005858424681645,-0.0,-0.0,-0.0,-0.0,0.0020257980048854485
2023-10-25,0.0009808816629070845,0.0009808816629070845,0.0007411255836676459,0.0007386107427148582,-0.0,0.0007386107427148582,0.001037592761009109,0.006682376417441072
2023-10-26,0.009670593431867108,0.009670593431867108,-0.0003,-0.0002989820182942508,-0.0,-0.0002989820182942508,-0.0,-0.02136687994946218
2023-10-27,-0.0016623008574983007,-0.0002977857934669373,0.0,0.0,0.0,0.0,0.0,0.012741421094093708
2023-10-30,-0.0006421366789763897,0.0,0.0,0.0,0.0,0.0,0.0,-0.009509920911887626
2023-10-31,-0.005490779127817464,-0.005639269602222529,-0.003975748908597003,0.0,0.0,0.0,0.0,0.005273768703182302
2023-11-01,-0.00016138545358850354,-0.0003,-0.00021150339613290137,0.0,0.0,0.0,0.0,0.024070916144078636
2023-11-02,-0.0006962084744387175,-0.0,-0.0,-0.0,-0.0,-0.0,-0.0,0.011019685050319694
2023-11-06,0.003925555022923201,0.0,0.0,0.0,0.0,0.0,0.0,0.023743112383502796
2023-11-07,0.00026872446971545113,-0.0,-0.0,-0.0,-0.0,-0.0,-0.0,-0.013350059372742473
2023-11-08,-0.007321741187175118,-0.007306661276856827,-0.0,-0.0,-0.0,-0.0,-0.0,-0.0032641432286730776
2023-11-09,-0.0010676804375411163,-0.00023676949970770345,0.0,0.0,0.0,0.0,0.0,0.014921758978770017
2023-11-10,-0.001063797831647761,0.0,0.0,0.0,0.0,0.0,0.0,-0.0024000017230044746
2023-11-13,-0.00244805076760575,-0.0,-0.0,-0.0,-0.0,-0.0,-0.0,0.0005219830173208706
2023-11-14,2.14741928746421e-06,-0.0,-0.0,-0.0,-0.0,-0.0,-0.0,0.003400949532642139
2023-11-15,-0.0035793901302149152,0.0,0.0,0.0,0.0,0.0,0.0,0.025194864899802383
2023-11-16,-0.0008248236507299063,-0.0009104368976382653,0.0,0.0,0.0,0.0,0.0,-0.0028427779699973232
2023-11-17,-0.0008163521950646805,-0.00026183743059706176,0.0,0.0,0.0,0.0,0.0,0.004810528046668816
2023-11-20,-0.00543706676357811,-0.0054129851338505005,-0.004333354019863096,-0.0,-0.0,-0.0,-0.0,-0.0058706803394491525
2023-11-21,-0.0006484980308623635,-0.0003,-0.00024016437766090362,-0.0,-0.0,-0.0,-0.0,-0.0010150531112852468
2023-11-22,-0.005061034089975981,-0.005021723833972218,0.0,0.0,0.0,0.0,0.0,0.002928796790128585
2023-11-24,0.0018908404096829262,0.0018908404096829262,-0.0,-0.0,-0.0,-0.0,-0.0,0.005192634744831226
2023-11-27,0.0016231070702798526,-0.00015340133990423142,-0.0,-0.0,-0.0,-0.0,-0.0,-0.00528941457244636
2023-11-28,-0.0012999037886966653,-0.0,-0.0,-0.0,-0.0,-0.0,-0.0,-0.0011744090933085705
2023-11-29,-0.00014805278693606763,0.0,0.0,0.0,0.0,0.0,0.0,-0.002609280883311027
2023-11-30,7.38313490070478e-05,0.0,0.0,0.0,0.0,0.0,0.0,0.004971963247892841
2023-12-01,0.0020135279621793464,0.0020171718705162423,-0.0,-0.0,-0.0,-0.0,-0.0,-0.001653748831748958
2023-12-04,0.00017887660194843694,-0.00021169878045487596,-0.0,-0.0,-0.0,-0.0,-0.0,-0.005989624076367828
2023-12-05,-0.0013664459624245454,-0.0,-0.0,-0.0,-0.0,-0.0,-0.0,-0.013705441446397515
2023-12-06,0.006862888522819115,0.0,0.0,0.0,0.0,0.0,0.0,0.020444282358493604
2023-12-07,0.004021079074271551,-0.0,-0.0,-0.0,-0.0,-0.0,-0.0,-0.017568367758098113
2023-12-08,0.003961570496460494,-0.0,-0.0,-0.0,-0.0,-0.0,-0.0,-0.016752207959197962
2023-12-11,0.00344647215060059,0.0035790934941892453,0.0026954843119123195,0.0,0.0,0.0,0.0,0.014979061306193309
2023-12-12,0.003810457100344748,0.003810457100344748,-0.00022593578370795657,-0.0,-0.0,-0.0,-0.0,0.0015826650645449636
2023-12-13,0.0010424704840972618,0.0010424704840972618,-0.0,-0.0,-0.0,-0.0,-0.0,0.002516535765338279
2023-12-14,-0.0016055722409385417,-0.0002343116476469656,-0.0,-0.0,-0.0,-0.0,-0.0,-0.007292079173856991
2023-12-15,0.006148023571765856,0.0061098486371910735,0.006106982239832107,0.0,0.0,0.0,0.0,0.008697870855482126
2023-12-18,-0.0003025793574385755,-0.0003,-0.00029985925687218246,-0.0,-0.0,-0.0,-0.0,-0.006416948079020823
2023-12-19,0.0024287524499272003,0.0,0.0,0.0,0.0,0.0,0.0,0.014054471465899221
2023-12-20,-0.00016785281541021045,0.0,0.0,0.0,0.0,0.0,0.0,0.013743502594728785
2023-12-21,-0.0021718649547950854,-0.0,-0.0,-0.0,-0.0,-0.0,-0.0,-0.015900747949116556
2023-12-22,0.0003149992801181967,-0.0,-0.0,-0.0,-0.0,-0.0,-0.0,0.0008624510252288609
2023-12-25,0.0011698034509255474,-0.0,-0.0,-0.0,-0.0,-0.0,-0.0,0.0025620410216271594
2023-12-26,-7.23768686647554e-05,0.0,0.0,0.0,0.0,0.0,0.0,0.0015583167078427884
2023-12-27,0.0019207384509682562,0.0,0.0,0.0,0.0,0.0,0.0,0.011270893886186073
2023-12-28,-0.0005576108933844804,0.0,0.0,0.0,0.0,0.0,0.0,-0.004204631264368874
2023-12-29,-7.188201931002832e-05,0.0,0.0,0.0,0.0,0.0,0.0,-0.0022495548932739418
2024-01-04,0.0008050206957940925,0.0,0.0,0.0,0.0,0.0,0.0,-0.005255854325544984
2024-01-05,0.00019193144919987288,0.0002825912421063498,-0.0,-0.0,-0.0,-0.0,-0.0,0.0026776026948291953
2024-01-09,-5.250888405897126e-05,-0.0002809328711444994,0.0,0.0,0.0,0.0,0.0,0.011557447844374513
2024-01-10,0.015058491026634676,0.015010611841185175,0.0,0.0,0.0,0.0,0.0,0.020097013041435074
2024-01-11,0.0025348492910172516,0.0025348492910172516,0.0,0.0,0.0,0.0,0.0,0.01765709282438177
2024-01-12,-0.00010857835270889143,-0.0001560991089129345,-0.0,-0.0,-0.0,-0.0,-0.0,0.015042856359534174
2024-01-15,0.00268323359599615,0.0,0.0,0.0,0.0,0.0,0.0,0.009126083968141296
2024-01-16,-0.002180272309472953,-0.0,-0.0,-0.0,-0.0,-0.0,-0.0,-0.007871735152474302
2024-01-17,-0.007366798346086323,-0.007446543794221357,-0.0,-0.0,-0.0,-0.0,-0.0,-0.0039706048466251476
2024-01-18,-0.0002952074267653837,-0.00020900618231348868,0.0,0.0,0.0,0.0,0.0,-0.0003263489088231042
2024-01-19,-0.00019306478888091104,0.0,0.0,0.0,0.0,0.0,0.0,0.014016106897637881
2024-01-22,-0.006059674945629606,-0.006095704637446015,0.0,0.0,0.0,0.0,0.0,0.016229883853936533
2024-01-23,0.0023483189592812975,0.0023483189592812975,0.0011912383357678019,-0.0,-0.0,-0.0,-0.0,-0.0008038675423810426
2024-01-24,-0.005795009144095652,-0.005795009144095652,-0.004191336169532818,-0.0,-0.0,-0.0,-0.0,-0.007971227035615813
2024-01-25,-0.0009551484400733298,-0.0009551484400733298,-0.00021952037300870298,0.0,0.0,0.0,0.0,0.0002757176827767882
2024-01-26,-0.007505625919354556,-0.007505625919354556,-0.006999293284000499,-0.0,-0.0,-0.0,-0.0,-0.013395301866990006
2024-01-29,-0.004044623828274772,-0.004044623828274772,-0.0002877421603267304,0.0,0.0,0.0,0.0,0.007716442929921019
2024-01-30,-0.0040931751228404575,-0.0040931751228404575,-0.002104397734874667,-0.0,-0.0,-0.0,-0.0,0.0010802462610175478
2024-01-31,-0.015672786200234667,-0.015672786200234667,-0.013975428044898212,0.0,0.0,0.0,0.0,0.006123563012977451
2024-02-01,-0.0005193985023742126,-0.0005193985023742126,-0.0004889805824419689,-0.0001481710489551492,0.0,-0.0001481710489551492,5.443432075119127e-05,-0.007585421574142881
2024-02-02,-0.002537069785690682,-0.002537069785690682,-0.002537069785690682,-0.0026344644159843416,-0.002837069785690682,-0.0026344644159843416,-0.002537069785690682,0.004069776397140901
2024-02-05,0.001189699862206229,0.001189699862206229,0.001189699862206229,0.001189699862206229,0.001189699862206229,0.001189699862206229,0.0017896998622062288,0.005424540047899606
2024-02-06,-0.00023050247004034716,-0.0003,-0.0003,-0.0003,-0.0003,-0.0003,-0.0,-0.005322637056346169
2024-02-07,0.0029402742811307156,0.002947885782050375,0.0017147802115844107,0.0,0.0,0.0,0.0,-0.0011265911925825156
2024-02-08,-0.0172701805367937,-0.0172701805367937,-0.012837052867369927,0.0,0.0,0.0,0.0,0.02058031513945524
2024-02-09,4.695960760250684e-05,-0.0003,-0.0002238492986585424,-0.0,-0.0,-0.0,-0.0,0.0009261417823460683
2024-02-13,-0.002694397864603465,0.0,0.0,0.0,0.0,0.0,0.0,0.028905728931772456
2024-02-14,-0.0003696319165934157,-0.00032898549170779043,-0.0,-0.0,-0.0,-0.0,-0.0,-0.006865679381848122
2024-02-15,-0.0008406456085058801,-0.00017839252305473267,0.0,0.0,0.0,0.0,0.0,0.01205785299495954
2024-02-16,0.0005321676301790073,0.00048231747505974616,0.0003422444293213792,-0.0,-0.0,-0.0,-0.0,0.00862983858311761
2024-02-19,-0.0006787881809199975,-0.0006787881809199975,-0.000447031634891303,-0.0,-0.0,-0.0,-0.0,-0.0004380510463442011
2024-02-20,-0.0019021982373855504,-0.0003,-0.00018545191299917168,-0.0,-0.0,-0.0,-0.0,-0.002775369889394419
2024-02-21,0.001674760101941988,0.0015378577629623028,0.0015378577629623028,0.0015378577629623028,0.0015378577629623028,0.0015378577629623028,0.0018378577629623027,-0.002644412775616223
2024-02-22,-0.00262032009513431,-0.0003,-0.0003,-0.0003,-0.0003,-0.0003,0.0,0.021862841194379312
2024-02-26,0.0019553053508869953,0.001910790213950098,0.0018441371629127103,-0.0,-0.0,-0.0,-0.0,0.0034536012744994515
2024-02-27,0.0005415510866839668,0.0005415510866839668,0.0003489679826384485,-0.0,-0.0,-0.0,-0.0,0.00014805109206350586
2024-02-28,-0.00029425053701765113,-0.0003,-0.0002276165725357155,0.0,0.0,0.0,0.0,-0.0008024634762645588
2024-02-29,-0.0062337360397357825,-0.006224155876260162,-0.00494985045132369,0.0,0.0,0.0,0.0,-0.0010671243216273663
2024-03-01,-0.015915286856818874,-0.015915286856818874,-0.0002385793615903712,0.0,0.0,0.0,0.0,0.019012032559570624
2024-03-04,-0.0028870618619941347,-0.0028870618619941347,-0.0026016715199534187,-0.0016492316674159143,-0.0,-0.0016492316674159143,-0.001459057966996719,0.004971337464288128
2024-03-05,0.005413467143036144,0.005413467143036144,0.005031542251326103,-0.00019017370041919543,0.0,-0.00019017370041919543,0.0,-0.00028924919187967024
2024-03-06,-0.008099180070143385,-0.008099180070143385,-0.00807912614060383,-0.003944580310932793,0.0,-0.003944580310932793,-0.0037928497337904603,-0.0001707745928322124
2024-03-07,-0.01875840401381108,-0.01875840401381108,-0.01875840401381108,-0.012628290704799178,-0.0,-0.012628290704799178,-0.01227378159731931,-0.012273901808785515
2024-03-08,-0.002993165581889603,-0.002993165581889603,-0.0003,-0.00020277853033753417,-0.0,-0.00020277853033753417,-0.0,0.0022786213645291653
2024-03-11,0.009896764173880895,0.009896764173880895,0.010192732162763585,0.005606774724597217,-0.0,0.005606774724597217,0.005771797447702218,-0.021881488753016765
2024-03-12,-0.0016948159828247844,-0.0003,-0.0003,-0.00016502272310500021,0.0,-0.00016502272310500021,0.0,-0.0005918669114498565
2024-03-13,-0.009669518498948197,-0.009618508498604938,-0.009618508498604938,-0.009618508498604938,-0.00878187503971,-0.009618508498604938,-0.009318508498604938,-0.002617254670508329
2024-03-14,-0.006187944227446018,-0.006187944227446018,-0.006187944227446018,-0.006187944227446018,-0.006161849741205778,-0.006187944227446018,-0.005587944227446018,0.0028791153148219895
2024-03-15,0.0010124756491192008,-0.0003,-0.0003,-0.0003,-0.0003,-0.0003,0.0,-0.0025700854853131228
2024-03-18,-0.020408602225867482,-0.020305989565082817,-0.020305989565082817,-0.011991753282490601,0.0,-0.011991753282490601,-0.011814587526878606,0.026682090785532075
2024-03-19,-0.0045669729662020896,-0.0003,-0.0003,-0.00017716575561199486,0.0,-0.00017716575561199486,0.0,0.006621973660529523
2024-03-21,0.005018377987664308,0.0051557811389930895,0.0,0.0,0.0,0.0,0.0,0.020299637083457833
2024-03-22,0.00035418963579428943,0.00035418963579428943,-0.0,-0.0,-0.0,-0.0,-0.0,0.0017828826232730854
2024-03-25,-0.009762981856968018,-0.009762981856968018,-0.0,-0.0,-0.0,-0.0,-0.0,-0.011600068708312428
2024-03-26,-0.0008361133723074014,-0.00029582947226957236,0.0,0.0,0.0,0.0,0.0,-0.00039812430196550785
2024-03-27,0.005660148263400499,0.005760605476304604,0.003527619994138845,0.0,0.0,0.0,0.0,0.009027648315163894
2024-03-28,0.0015355536023386525,0.0015355536023386525,-0.00018371089681366932,-0.0,-0.0,-0.0,-0.0,-0.014588329815292567
2024-03-29,-0.0024300309549146575,-0.0024300309549146575,-0.0013711009894265933,0.0,0.0,0.0,0.0,0.00501321303670732
2024-04-01,-0.0013948763480791273,-0.0003,-0.00015918585562246237,-0.0,-0.0,-0.0,-0.0,-0.014029214741928975
2024-04-02,0.0007171112614131678,0.0007327117289017196,-0.0,-0.0,-0.0,-0.0,-0.0,0.0008999379857346224
2024-04-03,0.0012231958025419308,0.0012231958025419308,0.0010129697441459643,0.0010129697441459643,0.0010129697441459643,0.0010129697441459643,0.0013129697441459642,-0.009715591923371902
2024-04-04,0.0006177173449482795,-0.0003,-0.0003,-0.0003,-0.0003,-0.0003,-0.0,0.00814382721660123
2024-04-05,0.006017768745149887,0.005952008507510176,0.005952008507510176,0.004227966556590826,-0.0,0.004227966556590826,0.004441069405045564,-0.019637938762850693
2024-04-08,-0.0014774444140491568,-0.0014774444140491568,-0.0003,-0.00021310284845473725,-0.0,-0.00021310284845473725,-0.0,0.009103411630487335
2024-04-09,-0.0019704685969248723,-0.0002451516078968303,0.0,0.0,0.0,0.0,0.0,0.010829019257921457
2024-04-10,-0.00036463254037483113,-0.00029365550884510264,-0.0,-0.0,-0.0,-0.0,-0.0,-0.0048102907103678705
2024-04-11,0.004989015157529826,0.004989015157529826,0.0,0.0,0.0,0.0,0.0,-0.0035162538662262266
2024-04-12,-0.004965331420253023,-0.004965331420253023,-0.0,-0.0,-0.0,-0.0,-0.0,0.0020516349250538912
2024-04-15,0.0010291620609965198,-0.0002908715661685474,0.0,0.0,0.0,0.0,0.0,-0.0073563734596926444
2024-04-16,-0.0005892705482714558,-0.0,-0.0,-0.0,-0.0,-0.0,-0.0,-0.019412367899667826
2024-04-17,-0.016492281478260075,-0.016514278599189004,-0.016514278599189004,-0.00907670918681908,-0.0,-0.00907670918681908,-0.00891182080010024,-0.013241033496344201
2024-04-18,-0.0047259480930632435,-0.0003,-0.0003,-0.00016488838671883902,0.0,-0.00016488838671883902,0.0,0.0031057124549853654
2024-04-19,0.00924606998748963,0.009101215534120152,-0.0,-0.0,-0.0,-0.0,-0.0,-0.026558709154720028
2024-04-22,-0.0053380823055077745,-0.0053380823055077745,0.0,0.0,0.0,0.0,0.0,0.009988515725489311
2024-04-23,-0.0015191545892336055,-0.00029409933993671086,-0.0,-0.0,-0.0,-0.0,-0.0,0.003032986084302136
2024-04-24,0.015284351622916819,0.015230140032007589,0.015230140032007589,0.015230140032007589,0.015230140032007589,0.015230140032007589,0.015530140032007589,0.024177516419089162
2024-04-25,-0.005108220572222443,-0.0003,-0.0003,-0.0003,-0.0003,-0.0003,-0.0,-0.021622360036482657
2024-04-26,-0.0036178286446054255,-0.0034889377765030174,0.0,0.0,0.0,0.0,0.0,0.0081396125005464
2024-04-30,0.0019482937415822867,0.0019482937415822867,0.0013479789971635673,0.0,0.0,0.0,0.0,0.012413375388812486
2024-05-01,0.0035093890729319035,0.0035093890729319035,-0.00019008858213927633,0.0,0.0,0.0,0.0,-0.00342682236067704
2024-05-02,-0.002649950240239281,-0.00024451852939376325,0.0,0.0,0.0,0.0,0.0,-0.0009923294758391599
2024-05-07,0.004734623397917301,0.00484726957928402,0.00484726957928402,0.0038991025203502804,0.0,0.0038991025203502804,0.004140419974841405,0.01566665311325588
2024-05-08,0.004698923656061809,-0.0003,-0.0003,-0.00024131745449112457,-0.0,-0.00024131745449112457,-0.0,-0.01629274659502833
2024-05-09,-0.00036055652110965553,-0.0,-0.0,-0.0,-0.0,-0.0,-0.0,-0.003360802518904471
2024-05-10,0.0013459680082668016,-0.0,-0.0,-0.0,-0.0,-0.0,-0.0,0.0040744073600953445
2024-05-13,-0.0011101714674859034,-0.0009809127443885781,-0.0,-0.0,-0.0,-0.0,-0.0,-0.0012987076683630416
2024-05-14,0.0007391998247047056,-0.0002578349291956648,0.0,0.0,0.0,0.0,0.0,0.004625462275098524
2024-05-15,-0.002922799335316561,-0.0030667511985623193,-0.0,-0.0,-0.0,-0.0,-0.0,0.0007735903032757285
2024-05-16,0.00702086466153514,0.00702086466153514,0.005680813371983876,0.0,0.0,0.0,0.0,0.013925259294861325
2024-05-17,0.0058696510584983486,0.0058696510584983486,0.004996778084676904,0.0,0.0,0.0,0.0,-0.0034142322438696082
2024-05-20,-0.008545179470962404,-0.008545179470962404,-0.005635386982227873,0.0,0.0,0.0,0.0,0.007278160814432111
2024-05-21,-0.002764631505991411,-0.0003,-0.00019574156145813414,-0.0,-0.0,-0.0,-0.0,-0.0031418225330184235
2024-05-22,-0.004427165125393761,-0.004524834600084901,-0.0,-0.0,-0.0,-0.0,-0.0,-0.008468655363759181
2024-05-23,0.0076748964458706855,0.0076748964458706855,0.007433650667064218,0.007433650667064218,0.007433650667064218,0.007433650667064218,0.007733650667064218,0.012588132403288821
2024-05-24,-0.0007885205152362211,-0.0003,-0.0003,-0.0003,-0.0003,-0.0003,0.0,-0.011689814537326315
2024-05-27,-0.0005394400086777451,0.0,0.0,0.0,0.0,0.0,0.0,0.006570135011165101
2024-05-28,-0.0001790009824789766,-0.0,-0.0,-0.0,-0.0,-0.0,-0.0,-0.0011477741666461316
2024-05-29,0.00739071491449569,0.007434449008942276,-0.0,-0.0,-0.0,-0.0,-0.0,-0.007682335584436428
2024-05-30,-0.0021165773290244133,-0.0021165773290244133,-0.0009266150413578888,-0.0,-0.0,-0.0,-0.0,-0.013038977832967702
2024-05-31,-0.008122298090362703,-0.008122298090362703,-0.00015119289225592382,0.0,0.0,0.0,0.0,0.011398750772054989
2024-06-03,-0.0034863874889554777,-0.0034863874889554777,0.0,0.0,0.0,0.0,0.0,0.011305704654324122
2024-06-04,0.0029746245140338423,0.0029746245140338423,0.0026973209328236634,0.0,0.0,0.0,0.0,-0.0021984493435361907
2024-06-05,-0.0042406371334210435,-0.0042406371334210435,-0.004286662047180594,-0.0024963553500870076,-0.0,-0.0024963553500870076,-0.0023314210946025014,-0.008942115527554195
2024-06-06,-0.002717001314700548,-0.002717001314700548,-0.0003,-0.00016493425548450618,-0.0,-0.00016493425548450618,-0.0,0.005542709563439718
2024-06-07,0.0002568163284655282,-0.00022264827804436774,0.0,0.0,0.0,0.0,0.0,-0.0005059497286008519
2024-06-10,0.002227084524460144,0.0,0.0,0.0,0.0,0.0,0.0,0.00915704458186073
2024-06-11,2.007025283513411e-05,-0.0,-0.0,-0.0,-0.0,-0.0,-0.0,0.002475242323491722
2024-06-12,-3.96074573294141e-05,0.0,0.0,0.0,0.0,0.0,0.0,-0.006594596040567335
2024-06-13,0.005581406218576222,-0.0,-0.0,-0.0,-0.0,-0.0,-0.0,-0.004018914762392911
2024-06-14,0.0010263636113576114,0.0,0.0,0.0,0.0,0.0,0.0,0.0024299768775397634
2024-06-17,-0.004362603321886914,-0.0,-0.0,-0.0,-0.0,-0.0,-0.0,-0.01834665170235028
2024-06-18,-0.0007504490539634568,0.0,0.0,0.0,0.0,0.0,0.0,0.009964400042033139
2024-06-19,0.0009143526092756202,-0.0,-0.0,-0.0,-0.0,-0.0,-0.0,0.002303728802548255
2024-06-20,-0.0018566317609072487,0.0,0.0,0.0,0.0,0.0,0.0,0.0016141193413283794
2024-06-21,0.00010029637927138438,-0.0,-0.0,-0.0,-0.0,-0.0,-0.0,-0.0009461021088562616
2024-06-24,-0.0011326365980145851,0.0,0.0,0.0,0.0,0.0,0.0,0.005393749590109742
2024-06-25,0.005831028855841175,0.005870775522883308,0.0,0.0,0.0,0.0,0.0,0.009496284977134062
2024-06-26,-0.0023691915953426763,-0.00020877767251478396,0.0,0.0,0.0,0.0,0.0,0.012608684639888956
2024-06-27,0.0020983541166742672,0.002017140386305595,-0.0,-0.0,-0.0,-0.0,-0.0,-0.00820658665828966
2024-06-28,7.910009535383701e-05,7.910009535383701e-05,-0.0,-0.0,-0.0,-0.0,-0.0,0.006139542790033703
2024-07-01,0.00514334198978798,0.00514334198978798,0.0027399226602224606,-0.0,-0.0,-0.0,-0.0,0.001212145973046308
2024-07-02,0.0020103597158565223,-0.0003,-0.00016639116794885987,0.0,0.0,0.0,0.0,0.011194069203338541
2024-07-03,-0.009176311799613843,-0.009123524841976127,-0.009123524841976127,-0.007495047911720167,0.0,-0.007495047911720167,-0.007248595535860901,0.012628177404282459
2024-07-04,-0.004075298548620099,-0.004075298548620099,-0.0036608815889289147,-0.0002464523758592659,0.0,-0.0002464523758592659,0.0,0.008203067282401166
2024-07-05,0.0008343398617452276,-0.0003,-0.00026706880626624954,-0.0,-0.0,-0.0,-0.0,-3.122048017667467e-05
2024-07-08,-0.0020911616620359562,-0.0019634699587798136,-0.0,-0.0,-0.0,-0.0,-0.0,-0.003218387775625997
2024-07-09,-0.012638715131456221,-0.012638715131456221,0.0,0.0,0.0,0.0,0.0,0.019604191972324436
2024-07-10,0.0039015977116323448,-0.00023809926387234544,0.0,0.0,0.0,0.0,0.0,0.006056165592749796
2024-07-11,0.0014006104398599044,0.0015377810257751214,-0.0,-0.0,-0.0,-0.0,-0.0,0.009371566260830022
2024-07-12,0.011358281690283014,0.011358281690283014,0.011175708590835354,0.007102477588319967,-0.0,0.007102477588319967,0.007293136038222938,-0.024472796650381046
2024-07-16,0.0010883071748029856,0.0010883071748029856,-0.0003,-0.00019065844990297142,-0.0,-0.00019065844990297142,-0.0,0.00204896928480669
2024-07-17,0.007555418752316728,0.007555418752316728,0.007389948316167983,0.007389948316167983,0.007389948316167983,0.007389948316167983,0.007689948316167983,-0.004297671302106121
2024-07-18,-0.010356729561834043,-0.010356729561834043,-0.010356729561834043,-0.009952835586792,-0.0003,-0.009952835586792,-0.009364884055607594,-0.023634900416870663
2024-07-19,-0.003049059857947189,-0.003049059857947189,-0.003049059857947189,-0.0017814362090682288,0.0,-0.0017814362090682288,-0.0013305033582628968,-0.0015591375134754726
2024-07-22,-0.009335097184568774,-0.009335097184568774,-0.009335097184568774,-0.0060196576985550605,-0.0,-0.0060196576985550605,-0.005662212182502351,-0.011601225779591773
2024-07-23,0.006165467863611208,0.006165467863611208,0.006165467863611208,0.0036721350202797544,-0.0,0.0036721350202797544,0.0040460107905501514,-0.0001164012980126028
2024-07-24,0.004623838342913578,0.004623838342913578,0.002863780797235806,-0.00017941157383861297,-0.0,-0.00017941157383861297,-0.0,-0.011101043747910988
2024-07-25,-0.017594188413431255,-0.017594188413431255,-0.017486951492368796,-0.017294188413431257,-0.017294188413431257,-0.017294188413431257,-0.016994188413431255,-0.03282709019336483
2024-07-26,0.0016013841355091078,0.0016013841355091078,-0.0003,-0.0003,-0.0003,-0.0003,-0.0,-0.00533678817939276
2024-07-29,-0.00828381131707315,-0.00828381131707315,0.0,0.0,0.0,0.0,0.0,0.021270874389198058
2024-07-30,0.0016807321882487303,-0.0002843309434137416,0.0,0.0,0.0,0.0,0.0,0.0014900534313218028
2024-07-31,-0.017018309812421747,-0.016935768923384067,0.0,0.0,0.0,0.0,0.0,0.014947615968660788
2024-08-01,0.009217257194597091,0.009217257194597091,-0.0,-0.0,-0.0,-0.0,-0.0,-0.024947487858721362
2024-08-02,-0.032274911161878785,-0.032274911161878785,-0.0,-0.0,-0.0,-0.0,-0.0,-0.05813906072944175
2024-08-05,0.10701297564886371,0.10701297564886371,0.10724633617011656,0.10724633617011656,0.08890625845682937,0.10724633617011656,0.10754633617011655,-0.12395757674714236
2024-08-06,0.08039585760558003,0.08039585760558003,0.06818895989937446,-0.0003,-0.00024869733073903125,-0.0003,0.0,0.10226327398560753
2024-08-07,-0.0012518404513719855,-0.0003,-0.00025461886866905983,0.0,0.0,0.0,0.0,0.011943897645556811
2024-08-08,-0.003694607800754275,-0.0037045757272880678,0.0,0.0,0.0,0.0,0.0,-0.007366071453420164
2024-08-09,0.001678381162051808,-0.00019669871107553827,-0.0,-0.0,-0.0,-0.0,-0.0,0.005565465716637075
2024-08-13,0.003971798045379666,0.0,0.0,0.0,0.0,0.0,0.0,0.03447570931477517
2024-08-14,-0.00043825506690047124,-0.0,-0.0,-0.0,-0.0,-0.0,-0.0,0.005793635571816225
2024-08-15,-0.0017144467469461567,0.0,0.0,0.0,0.0,0.0,0.0,0.007798901992462026
2024-08-16,-0.0009235801224075882,0.0,0.0,0.0,0.0,0.0,0.0,0.0363777145762294
2024-08-19,-0.00467712370827916,-0.0,-0.0,-0.0,-0.0,-0.0,-0.0,-0.017708971757516734
2024-08-20,0.000436902412728987,0.0,0.0,0.0,0.0,0.0,0.0,0.01803491975698246
2024-08-21,0.001400715502589979,0.0,0.0,0.0,0.0,0.0,0.0,-0.0029194052446873675
2024-08-22,-0.0018571099501512509,0.0,0.0,0.0,0.0,0.0,0.0,0.006830003640514004
2024-08-23,-0.0004658115566112217,0.0,0.0,0.0,0.0,0.0,0.0,0.004010828439404923
2024-08-26,0.0003502985632634726,-0.0,-0.0,-0.0,-0.0,-0.0,-0.0,-0.006622067469395199
2024-08-27,-0.0014073287976009436,0.0,0.0,0.0,0.0,0.0,0.0,0.004681220669981112
2024-08-28,0.00017440826743593898,0.0,0.0,0.0,0.0,0.0,0.0,0.0021714186258217083
2024-08-29,0.0013909319790187983,0.0,0.0,0.0,0.0,0.0,0.0,-0.00024055368678810307
2024-08-30,2.442439011461277e-05,0.0,0.0,0.0,0.0,0.0,0.0,0.007434826136505368
2024-09-02,-0.0005681495832411975,-0.0,-0.0,-0.0,-0.0,-0.0,-0.0,0.0013744938256432526
2024-09-03,2.7951293905452835e-05,-0.0,-0.0,-0.0,-0.0,-0.0,-0.0,-0.00037628351994256626
2024-09-04,-0.026397416411252473,-0.02638578141152529,-0.02421437308059979,-0.0,-0.0,-0.0,-0.0,-0.042358634832756814
2024-09-05,0.002539873967071389,0.002539873967071389,-0.0002753116085850272,0.0,0.0,0.0,0.0,-0.01054101837711352
2024-09-06,-0.003272738284625528,-0.0002361709698098618,-0.0,-0.0,-0.0,-0.0,-0.0,-0.007246104229282846
2024-09-09,-0.007240697538065611,-0.007159392216843823,0.0,0.0,0.0,0.0,0.0,-0.0048285698828794965
2024-09-10,-0.0015502000944020878,-0.0001828133960081881,-0.0,-0.0,-0.0,-0.0,-0.0,-0.0015625755023711552
2024-09-11,0.0007377645465376652,-0.0,-0.0,-0.0,-0.0,-0.0,-0.0,-0.014917122595469623
2024-09-12,-0.002647255944610945,0.0,0.0,0.0,0.0,0.0,0.0,0.03406815978793376
2024-09-13,0.0029779379780178056,-0.0,-0.0,-0.0,-0.0,-0.0,-0.0,-0.006828278230544216
2024-09-17,0.003542310945465512,-0.0,-0.0,-0.0,-0.0,-0.0,-0.0,-0.01034786054483472
2024-09-18,0.0006543034108624046,-0.0,-0.0,-0.0,-0.0,-0.0,-0.0,0.0048877732729220025
2024-09-19,-0.0004033866896677603,0.0,0.0,0.0,0.0,0.0,0.0,0.021307107967037275
2024-09-20,-0.00019592195095034603,0.0,0.0,0.0,0.0,0.0,0.0,0.01530283972562807
2024-09-24,-0.0007358018198359591,-0.0,-0.0,-0.0,-0.0,-0.0,-0.0,0.005743828956291219
2024-09-25,0.0016441375098962536,0.0016734300060995643,-0.0,-0.0,-0.0,-0.0,-0.0,-0.0018536381561180537
2024-09-26,0.0015839214096659915,-0.00028993966918733853,0.0,0.0,0.0,0.0,0.0,0.02786796656801238
2024-09-27,-0.002920068305366759,0.0,0.0,0.0,0.0,0.0,0.0,0.0232219674517542
2024-09-30,0.009113055262084327,-0.0,-0.0,-0.0,-0.0,-0.0,-0.0,-0.04795453125608362
2024-10-01,-0.001181168938031718,0.0,0.0,0.0,0.0,0.0,0.0,0.01931504866645617
2024-10-02,0.005463543008305499,0.005432861074676225,-0.0,-0.0,-0.0,-0.0,-0.0,-0.021815370821182345
2024-10-03,-0.0012184195965241882,-0.00019670019793688993,0.0,0.0,0.0,0.0,0.0,0.019659381614483884
2024-10-04,-0.0009631959829823764,-0.0011080301046198758,0.0,0.0,0.0,0.0,0.0,0.0021675236822125132
2024-10-07,0.0013961942590485917,0.0013961942590485917,0.0,0.0,0.0,0.0,0.0,0.018043379859441933
2024-10-08,0.0012419612578054183,0.0012419612578054183,-0.0,-0.0,-0.0,-0.0,-0.0,-0.010047589769217602
2024-10-09,-0.00198819513552157,-0.00198819513552157,-0.0,-0.0,-0.0,-0.0,-0.0,0.008742768115200583
2024-10-10,-0.0012585932080090936,-0.00017297591955881794,-0.0,-0.0,-0.0,-0.0,-0.0,0.002620545594609336
2024-10-11,-7.780959310817575e-06,-0.0,-0.0,-0.0,-0.0,-0.0,-0.0,0.0057111495621489095
2024-10-15,-0.0006677372080803178,-0.0,-0.0,-0.0,-0.0,-0.0,-0.0,0.007694579934974355
2024-10-16,-0.004320661187983322,-0.0043715031823837675,-0.0,-0.0,-0.0,-0.0,-0.0,-0.018297166681625288
2024-10-17,-0.0010758998845302576,-0.00026590593351272164,-0.0,-0.0,-0.0,-0.0,-0.0,-0.006868486704644794
2024-10-18,-0.0009874551113564338,-0.0,-0.0,-0.0,-0.0,-0.0,-0.0,0.001813323910166087
2024-10-21,-0.00012573970626941782,-0.0,-0.0,-0.0,-0.0,-0.0,-0.0,-0.0006964396801066863
2024-10-22,0.0027842015062461327,-0.0,-0.0,-0.0,-0.0,-0.0,-0.0,-0.013930077660513907
2024-10-23,-0.0019601243538520208,-0.0,-0.0,-0.0,-0.0,-0.0,-0.0,-0.007994946235618694
2024-10-24,-0.003173395996917034,0.0,0.0,0.0,0.0,0.0,0.0,0.0010085245853239666
2024-10-25,-0.0014769958088858795,-0.001376527743128497,-0.001376527743128497,-0.001376527743128497,-0.0007302087830043571,-0.001376527743128497,-0.001076527743128497,-0.006013303863863673
2024-10-28,-0.0031927854651765475,-0.0003,-0.0003,-0.0003,-0.00015914146009395606,-0.0003,0.0,0.01824156776184216
2024-10-29,0.005837842471625577,0.00587599282065827,0.0,0.0,0.0,0.0,0.0,0.007722946112806106
2024-10-30,-0.0018402827808561494,-0.0001846290470339497,0.0,0.0,0.0,0.0,0.0,0.00960605630371969
2024-10-31,-0.002530662517766272,-0.002426371245576672,-0.0,-0.0,-0.0,-0.0,-0.0,-0.00499372850077151
2024-11-01,-0.001320060602933217,-0.0002587431789434635,-0.0,-0.0,-0.0,-0.0,-0.0,-0.02629337917799457
2024-11-05,-0.0026979373053743036,0.0,0.0,0.0,0.0,0.0,0.0,0.011069275098698927
2024-11-06,-0.003625459550982499,0.0,0.0,0.0,0.0,0.0,0.0,0.026141029043489583
2024-11-07,-0.0002996380557492207,-0.0,-0.0,-0.0,-0.0,-0.0,-0.0,-0.002514185145183756
2024-11-08,0.006807586332007553,0.006815474664941446,0.0057843534387124725,-0.0,-0.0,-0.0,-0.0,0.0030207383897125073
2024-11-11,-0.002945651715036357,-0.002945651715036357,-0.0029910390700007747,-0.003245651715036357,-0.0017109300726553586,-0.003245651715036357,-0.002945651715036357,0.0008341496000581206
2024-11-12,0.0011266479966589448,-0.0003,-0.0003,-0.0003,-0.0001581435923696631,-0.0003,-0.0,-0.0039771632513316835
2024-11-13,0.01490666873707854,0.014845764759532554,0.009583346924965284,-0.0,-0.0,-0.0,-0.0,-0.016619976490730104
2024-11-14,-0.010246101795100281,-0.010246101795100281,-0.00657785438057044,-0.0,-0.0,-0.0,-0.0,-0.004802504250840722
2024-11-15,-0.001043665446566908,-0.0003,-0.00019256376957499656,-0.0,-0.0,-0.0,-0.0,0.0027821199478283987
2024-11-18,0.0001079606701256474,-0.0,-0.0,-0.0,-0.0,-0.0,-0.0,-0.010922018865645367
2024-11-19,4.8686941477013796e-05,0.0001324490338586149,0.0,0.0,0.0,0.0,0.0,0.005064725590518515
2024-11-20,0.0026597644459050948,0.0026597644459050948,0.0027041501906879227,-0.0,-0.0,-0.0,-0.0,-0.0016163156463625539
2024-11-21,-0.009118246729206091,-0.009118246729206091,-0.009097393140417201,-0.0049547760766120805,-0.0,-0.0049547760766120805,-0.004786212770477705,-0.00850451289488019
2024-11-22,-0.0014410591010304656,-0.0003,-0.0003,-0.00016856330613437574,0.0,-0.00016856330613437574,0.0,0.00677637728949021
2024-11-25,0.0015085352365265636,0.0015965800818180638,0.0,0.0,0.0,0.0,0.0,0.01296340473188251
2024-11-26,0.0011103058650579513,-0.00020908833669033378,-0.0,-0.0,-0.0,-0.0,-0.0,-0.008719427509811917
2024-11-27,0.004839345979367497,0.004732648004490881,0.004732648004490881,0.0044946836810742805,-0.0,0.0044946836810742805,0.004779599251182761,-0.007986869829873622
2024-11-28,0.0034787952178404855,-0.0003,-0.0003,-0.00028491557010848094,0.0,-0.00028491557010848094,0.0,0.005614003387638844
2024-11-29,-6.712220508447524e-05,0.0,0.0,0.0,0.0,0.0,0.0,-0.003677465599455032
2024-12-02,0.0024273777254559576,0.0,0.0,0.0,0.0,0.0,0.0,0.007982308202545862
2024-12-03,0.00622051184653248,0.0,0.0,0.0,0.0,0.0,0.0,0.019106262056469703
2024-12-04,-0.0011198325529740137,-0.0012655367589265941,-0.0,-0.0,-0.0,-0.0,-0.0,0.0007014535056153459
2024-12-05,0.0049564260430347605,0.0049564260430347605,0.0051235242256862604,0.0051235242256862604,0.0051235242256862604,0.0051235242256862604,0.00542352422568626,0.0030351805652966135
2024-12-06,0.005225908617411616,0.005225908617411616,-0.0003,-0.0003,-0.0003,-0.0003,-0.0,-0.007727504478311609
2024-12-09,-0.0024167834574682,-0.00022337267487671918,-0.0,-0.0,-0.0,-0.0,-0.0,0.0017734982522827902
2024-12-10,-0.00036011443249014355,-0.0005008903659428406,-0.0002841239023104908,-0.0,-0.0,-0.0,-0.0,0.00528793363210367
2024-12-11,-0.0007468433730731225,-0.0007468433730731225,-0.00017017131190515673,0.0,0.0,0.0,0.0,0.00011817703733840723
2024-12-12,-0.0005216328156325488,-0.0005216328156325488,-0.00032078107024860995,-0.00032078107024860995,-0.000205768044671702,-0.00032078107024860995,-2.078107024860998e-05,0.01211285595385636
2024-12-13,0.0032766701528831772,0.0032766701528831772,0.002757284886340015,-0.0003,-0.00019243783105302514,-0.0003,-0.0,-0.009503322099559064
2024-12-16,0.0023698503285691785,0.0023698503285691785,0.0016219288103392563,-0.0,-0.0,-0.0,-0.0,-0.00032817279307018055
2024-12-17,-0.0017711620602547115,-0.0003,-0.00021106400964115103,-0.0,-0.0,-0.0,-0.0,-0.0023521161075552577
2024-12-18,0.0010097020025703002,0.0010834750992324857,-0.0,-0.0,-0.0,-0.0,-0.0,-0.007188392036881042
2024-12-19,-0.007709422460954794,-0.007709422460954794,-0.007862082849601692,-0.006129708912555164,0.0,-0.006129708912555164,-0.0058958125381536,-0.006860825845849017
2024-12-20,0.0051478743971810495,0.0051478743971810495,-0.0003,-0.00023389637440156353,-0.0,-0.00023389637440156353,-0.0,-0.0028773355329502204
2024-12-23,0.0007474272117801626,-0.00024477789362083424,0.0,0.0,0.0,0.0,0.0,0.011871288613708675
2024-12-24,0.0020159134333901352,0.002122616581368068,-0.0,-0.0,-0.0,-0.0,-0.0,-0.0031788565392986134
2024-12-25,-0.0005092229223740716,-0.00015449281488900157,-0.0,-0.0,-0.0,-0.0,-0.0,0.0023971739844381723
2024-12-26,0.0032398104744127704,0.0,0.0,0.0,0.0,0.0,0.0,0.01118385128261945
2024-12-27,-0.0019812670456003413,0.0,0.0,0.0,0.0,0.0,0.0,0.01802215190342027
2024-12-30,-0.005029850935381892,-0.0,-0.0,-0.0,-0.0,-0.0,-0.0,-0.009598062524770912
2025-01-06,-0.013298062532252169,-0.013434324762614625,-0.0,-0.0,-0.0,-0.0,-0.0,-0.014726032561239055
2025-01-07,0.012552053607109995,0.012552053607109995,0.012304508804179737,0.007559534165867728,0.0,0.007559534165867728,0.007743845485063985,0.019748365358672082
2025-01-08,0.002550171826826153,0.002550171826826153,0.002550171826826153,0.0017451350946989742,0.0,0.0017451350946989742,0.001768917720626577,-0.002550742715974774
2025-01-09,-0.004906224845698691,-0.004906224845698691,-0.0003,-0.0002080939451238591,-0.0,-0.0002080939451238591,-0.0,-0.009403671719156903
2025-01-10,-0.0016708376783322568,-0.00020276052518462888,-0.0,-0.0,-0.0,-0.0,-0.0,-0.01047065939973979
2025-01-14,0.0030230560966988244,-0.0,-0.0,-0.0,-0.0,-0.0,-0.0,-0.01827227292399225
2025-01-15,-0.005596328468801694,-0.005527817091728269,-0.0,-0.0,-0.0,-0.0,-0.0,-0.0007725327204513022
2025-01-16,-0.00039479622648762997,-0.0002224642182740338,-0.0,-0.0,-0.0,-0.0,-0.0,0.0033300778352605143
2025-01-17,-9.570593127579703e-05,-0.0,-0.0,-0.0,-0.0,-0.0,-0.0,-0.0031405873623461256
2025-01-20,-0.0004061203147330949,0.0,0.0,0.0,0.0,0.0,0.0,0.01173008909162454
2025-01-21,-0.0009503107559594622,-0.0,-0.0,-0.0,-0.0,-0.0,-0.0,0.003225511695906347
2025-01-22,0.007169519685832688,0.007094984940847227,0.006746828590753392,0.0,0.0,0.0,0.0,0.015841699309679935
2025-01-23,0.0021208088827887606,0.0021208088827887606,-0.0002852787700186889,0.0,0.0,0.0,0.0,0.007885262635179968
2025-01-24,-0.0019347937562206772,-0.0019347937562206772,-0.0,-0.0,-0.0,-0.0,-0.0,-0.0006729575752255634
2025-01-27,-0.0019277245081483559,-0.00018084978659095482,-0.0,-0.0,-0.0,-0.0,-0.0,-0.009170085810959572
2025-01-28,-0.009986332456538929,-0.01002457481134259,-0.01002457481134259,-0.008134337992512015,-0.0,-0.008134337992512015,-0.007890906082064058,-0.013873842476610165
2025-01-29,-0.0004035263362325061,-0.0003,-0.0003,-0.00024343191044795797,0.0,-0.00024343191044795797,0.0,0.010198412765952014
2025-01-30,-0.0017470815862433888,0.0,0.0,0.0,0.0,0.0,0.0,0.0025165051499556057
2025-01-31,-0.000151128198477091,-0.0,-0.0,-0.0,-0.0,-0.0,-0.0,0.001480983386413115
2025-02-03,-0.00044413297064921673,-0.0,-0.0,-0.0,-0.0,-0.0,-0.0,-0.026594194179056507
2025-02-04,-0.0027223389847431485,-0.0,-0.0,-0.0,-0.0,-0.0,-0.0,0.0072243146661599145
2025-02-05,0.0004140499790821619,-0.0,-0.0,-0.0,-0.0,-0.0,-0.0,0.0008533702335078441
2025-02-06,-0.00033600706964965983,0.0,0.0,0.0,0.0,0.0,0.0,0.00605309863061132
2025-02-07,-0.0024680830154077842,-0.0024240431320747056,-0.0,-0.0,-0.0,-0.0,-0.0,-0.007154761628599959
2025-02-10,-0.0018568361785367628,-0.0018568361785367628,0.0,0.0,0.0,0.0,0.0,0.0003648731952348161
2025-02-12,0.0021374126043549693,0.0021374126043549693,0.0015004845274620819,-0.0,-0.0,-0.0,-0.0,0.004188722553885471
2025-02-13,0.005415697696651445,0.005415697696651445,0.003823183560961036,0.0,0.0,0.0,0.0,0.012775212344583231
2025-02-14,-0.005775598514500896,-0.005775598514500896,-0.00021318473243670287,-0.0,-0.0,-0.0,-0.0,-0.007907436605486207
2025-02-17,-0.0026014285016544123,-0.0026014285016544123,-0.001657513627232981,0.0,0.0,0.0,0.0,0.0006339891206110781
2025-02-18,-0.0003357065352181334,-0.0003,-0.00021155771078389072,0.0,0.0,0.0,0.0,0.002454378513947253
2025-02-19,0.0013885993789975086,0.0013826580081985566,0.0008935190104420942,-0.0,-0.0,-0.0,-0.0,-0.0026938627238113355
2025-02-20,-0.001579069236665893,-0.0003,-0.00019386985179500302,-0.0,-0.0,-0.0,-0.0,-0.012423724384459045
2025-02-21,-0.003491362917569546,0.0,0.0,0.0,0.0,0.0,0.0,0.002557067166465865
2025-02-25,0.0011077008295890954,-0.0,-0.0,-0.0,-0.0,-0.0,-0.0,-0.013903941987108315
2025-02-26,-0.00044278248434886485,-0.000334306961486652,-0.000334306961486652,-0.000334306961486652,-0.000334306961486652,-0.000334306961486652,-3.430696148665202e-05,-0.0024953840451925613
2025-02-27,-0.0007323491026199441,-0.0007323491026199441,-0.0007323491026199441,-0.0006419324915036103,-0.0003,-0.0006419324915036103,-0.00010467110520843467,0.0029835791007928325
2025-02-28,-0.01903900376152252,-0.01903900376152252,-0.013729994068888442,-0.00023726138629517554,-0.0,-0.00023726138629517554,-0.0,-0.0287710928996342
2025-03-03,0.00032935601149439625,-0.0003,-0.00021500599882152868,0.0,0.0,0.0,0.0,0.016954925919446584
2025-03-04,-0.001614137823806545,-0.0,-0.0,-0.0,-0.0,-0.0,-0.0,-0.012022851046409211
2025-03-05,-0.002251430887113979,-0.0021636354286561077,0.0,0.0,0.0,0.0,0.0,0.0023320611477797293
2025-03-06,0.0007377259654679656,0.0007377259654679656,0.0010273280083223594,0.0009115782450212872,0.0,0.0009115782450212872,0.0011777770357589913,0.007661809305267608
2025-03-07,-0.008364062328535926,-0.008364062328535926,-0.008364062328535926,-0.005228662287788906,-0.0,-0.005228662287788906,-0.005147077527605905,-0.021688352671059508
2025-03-10,-0.002105972065665606,-0.002105972065665606,-0.002105972065665606,-0.001795598724975573,0.0,-0.001795598724975573,-0.0013433751241985652,0.003825114506694538
2025-03-11,-0.0057056681585450075,-0.0057056681585450075,-0.0057056681585450075,-0.0038078884263438462,0.0,-0.0038078884263438462,-0.003736754782073003,-0.006350827603529674
2025-03-12,-0.0015229477076306175,-0.0015229477076306175,-0.0015229477076306175,-0.0009486144952547025,0.0,-0.0009486144952547025,-0.0009366448808839203,0.000706123216855703
2025-03-13,0.007863982555383453,0.007863982555383453,0.007863982555383453,0.007748488866964132,0.007563982555383453,0.007748488866964132,0.007863982555383453,-0.000789226291940337
2025-03-14,-0.0005363842427044552,-0.0003,-0.0003,-0.0003,-0.0003,-0.0003,0.0,0.007150586818270188
2025-03-17,0.0012360762510455314,0.0012301131184437545,0.000984726883823621,-0.0,-0.0,-0.0,-0.0,0.009268265118663077
2025-03-18,-0.00121128363994134,-0.00121128363994134,-0.0011054379226469852,-0.0,-0.0,-0.0,-0.0,0.012003853550458965
2025-03-19,-0.0008028146195520119,-0.0003,-0.0002848562232929166,-0.0,-0.0,-0.0,-0.0,-0.002471711613070804
2025-03-21,-0.0017307212565287485,-0.0016557755236266036,0.0,0.0,0.0,0.0,0.0,-0.0019818963894698838
2025-03-24,-0.0007018080042523821,-0.0002709275486641448,-0.0,-0.0,-0.0,-0.0,-0.0,-0.0018199486652966668
2025-03-25,-0.002584883421817161,-0.0026048862591483662,-0.0,-0.0,-0.0,-0.0,-0.0,0.004574785882467403
2025-03-26,0.0013909770200337622,0.0013909770200337622,-0.0,-0.0,-0.0,-0.0,-0.0,0.00653114026752788
2025-03-27,0.00020456518253241066,-0.00026118135866424975,0.0,0.0,0.0,0.0,0.0,-0.005977820615253093
2025-03-28,-0.0065103600937531595,-0.00664922792589554,-0.004172986747193874,-0.0,-0.0,-0.0,-0.0,-0.017979925578642142
2025-03-31,0.01456039352174312,0.01456039352174312,-0.00018827690043269986,-0.0,-0.0,-0.0,-0.0,-0.040483735116498276
2025-04-01,-0.00986331917062224,-0.00986331917062224,-0.004923974564453866,-0.0,-0.0,-0.0,-0.0,0.0001943388394176626
2025-04-02,0.0001034327364571214,0.0001034327364571214,0.00011645241739066442,-0.0,-0.0,-0.0,-0.0,0.002846094137118449
2025-04-03,-0.002977408959501212,-0.0003,-0.00020027177504871598,-0.0,-0.0,-0.0,-0.0,-0.027709370714915416
2025-04-04,-0.015488285138798808,-0.015577283869390423,-0.015577283869390423,-0.015577283869390423,-0.012365714691331482,-0.015577283869390423,-0.015277283869390423,-0.027503267397613107
2025-04-07,-0.02722570805186432,-0.0003,-0.0003,-0.0003,-0.0002381489891629364,-0.0003,-0.0,-0.07826976901020699
2025-04-08,0.004956781256516695,0.0,0.0,0.0,0.0,0.0,0.0,0.060250613335437686
2025-04-09,0.01638256883347063,0.016420041396206776,-0.0,-0.0,-0.0,-0.0,-0.0,-0.039334971755557224
2025-04-10,-0.06374033234312734,-0.06374033234312734,0.0,0.0,0.0,0.0,0.0,0.0912835980576665
2025-04-11,-0.009267709766710529,-0.009267709766710529,-0.0,-0.0,-0.0,-0.0,-0.0,-0.029570975035395408
2025-04-14,-0.00020977793865921976,-0.0002438334419145696,-0.0,-0.0,-0.0,-0.0,-0.0,0.011814036623792656
2025-04-15,-0.0026970651479681683,-0.0026719068518506247,-0.0018134811819541996,-0.0,-0.0,-0.0,-0.0,0.008391991984811886
2025-04-16,0.004057087670781241,-0.0003,-0.00020361651238307282,-0.0,-0.0,-0.0,-0.0,-0.010130305078717705
2025-04-17,-0.005154362947615701,0.0,0.0,0.0,0.0,0.0,0.0,0.013478707387309052
2025-04-18,0.010522220496227181,0.010656618458636935,0.007033121296495824,0.0,0.0,0.0,0.0,0.010258996307779489
2025-04-21,0.0010811982524191776,-0.0003,-0.0001979930497782525,-0.0,-0.0,-0.0,-0.0,-0.012967340280320983
2025-04-22,-0.0013421527954081062,0.0,0.0,0.0,0.0,0.0,0.0,-0.0017304681357299678
2025-04-23,0.0011010663533272019,0.0012204178157423006,0.0,0.0,0.0,0.0,0.0,0.01893676072778705
2025-04-24,0.003923242323960134,0.003923242323960134,-0.0,-0.0,-0.0,-0.0,-0.0,0.004890342310518436
2025-04-25,-0.008989188248604443,-0.008989188248604443,-0.009288056840063097,-0.008023402187159938,0.0,-0.008023402187159938,-0.0077642499556871995,0.019024145091282918
2025-04-28,0.002064563078304674,0.002064563078304674,-0.0003,-0.0002591522314727382,-0.0,-0.0002591522314727382,-0.0,0.003759899849781201
2025-04-30,-0.000278463660300588,-0.00019094788443871835,0.0,0.0,0.0,0.0,0.0,0.005730767080285304
2025-05-01,0.001743539983347835,0.0,0.0,0.0,0.0,0.0,0.0,0.011289155152408359
2025-05-02,-0.0006687195232761147,0.0,0.0,0.0,0.0,0.0,0.0,0.010380431876460205
2025-05-07,0.0005602797064639421,-0.0,-0.0,-0.0,-0.0,-0.0,-0.0,-0.0013855631825402392
2025-05-08,5.1371933451038924e-05,0.0,0.0,0.0,0.0,0.0,0.0,0.004050302514138071
2025-05-09,-0.004895023225655844,-0.0048739634606092316,-0.0024646522385394897,0.0,0.0,0.0,0.0,0.01556243044411354
2025-05-12,0.00011800174335144614,-0.0003,-0.00015170316263910286,-0.0,-0.0,-0.0,-0.0,0.0037578956534274344
2025-05-13,-0.0011106787161428574,-0.0011841646973054561,-0.0011841646973054561,-0.0011841646973054561,-0.0007475401628019479,-0.0011841646973054561,-0.0008841646973054562,0.014318251318806707
2025-05-14,0.001605097539337406,0.001605097539337406,-0.0003,-0.0003,-0.000189384170420625,-0.0003,-0.0,-0.001443900023683109
2025-05-15,-0.00011797598824488269,-0.0002650718784134769,-0.0,-0.0,-0.0,-0.0,-0.0,-0.009772763526272099
2025-05-16,-0.00018274845868194203,-0.00016381937399126938,-0.00016381937399126938,-0.00016381937399126938,-8.377344715286644e-05,-0.00016381937399126938,0.0001361806260087306,-4.748892726857967e-05
2025-05-19,-0.0019623592975387405,-0.0019623592975387405,-0.0013083780806898327,-0.0003,-0.0001534130764484506,-0.0003,-0.0,-0.006756681254081798
2025-05-20,-0.003011280946027377,-0.003011280946027377,-0.00018197836331462503,-0.0,-0.0,-0.0,-0.0,0.0008229467556575276
2025-05-21,-0.004280783716200751,-0.004280783716200751,-0.0,-0.0,-0.0,-0.0,-0.0,-0.006142045177183086
2025-05-22,-0.0011540161678919494,-0.0011540161678919494,0.0,0.0,0.0,0.0,0.0,-0.008394582668615591
2025-05-23,-3.510461464419273e-05,-3.510461464419273e-05,-0.0,-0.0,-0.0,-0.0,-0.0,0.004720658215874973
2025-05-26,0.008131453014563207,0.008131453014563207,0.004508960909764142,0.0,0.0,0.0,0.0,0.009985409562413006
2025-05-27,0.00036458038215975467,-0.0003,-0.00016178540494195528,0.0,0.0,0.0,0.0,0.005131102264845699
2025-05-28,0.0006460777298848568,-0.0,-0.0,-0.0,-0.0,-0.0,-0.0,-4.5353953435745e-05
2025-05-29,-0.004365624679158825,0.0,0.0,0.0,0.0,0.0,0.0,0.018837138164141898
2025-05-30,0.0004339362942316074,0.000559936841538539,0.0,0.0,0.0,0.0,0.0,-0.012173890771506324
2025-06-02,-0.004939785003174777,-0.004939785003174777,-0.004236131421050875,-0.0,-0.0,-0.0,-0.0,-0.013023267873682465
2025-06-03,0.00018652220011054413,-0.0003,-0.000249467224606758,-0.0,-0.0,-0.0,-0.0,-0.0006368522381879904
2025-06-04,-0.0007471981296966783,0.0,0.0,0.0,0.0,0.0,0.0,0.008028471217976563
2025-06-05,0.0007784071904646262,0.0006550936596578464,0.00040029742674836774,-0.0,-0.0,-0.0,-0.0,-0.005111893425745806
2025-06-06,-0.0004122152592544088,-0.0003,-0.000183316120151785,0.0,0.0,0.0,0.0,0.0049826559304610996
2025-06-09,4.3667518678883806e-05,0.0,0.0,0.0,0.0,0.0,0.0,0.009193061537270397
2025-06-10,0.000922515229724598,0.000934927609965795,-0.0,-0.0,-0.0,-0.0,-0.0,0.003227776869578536
2025-06-11,-0.00010340466059729231,-0.00019457841827074938,-0.0,-0.0,-0.0,-0.0,-0.0,0.00548734342266588
2025-06-12,-0.0006483845097716512,-0.0,-0.0,-0.0,-0.0,-0.0,-0.0,-0.006457414604265521
2025-06-13,-0.00779304738670907,-0.007835236573798567,-0.0,-0.0,-0.0,-0.0,-0.0,-0.008876406000586812
2025-06-16,-0.004254673837809808,-0.004254673837809808,0.0,0.0,0.0,0.0,0.0,0.012609688972293531
2025-06-17,-0.002700476846180208,-0.002700476846180208,0.0,0.0,0.0,0.0,0.0,0.00588364244420192
2025-06-18,-0.007231712716423533,-0.007231712716423533,0.0,0.0,0.0,0.0,0.0,0.009040987166771153
2025-06-19,-0.004455685900539023,-0.00015925515451165734,-0.0,-0.0,-0.0,-0.0,-0.0,-0.010204631065965697
2025-06-20,-0.0003260205487803497,-0.0,-0.0,-0.0,-0.0,-0.0,-0.0,-0.0022113028347160446
2025-06-23,0.0018284940680770975,0.0017893678187292149,0.0,0.0,0.0,0.0,0.0,-0.0012795961277264345
2025-06-24,0.00024414451053865406,0.00024414451053865406,-6.540045425809898e-06,0.0,0.0,0.0,0.0,0.011379979339312118
2025-06-25,-0.0004208411562941975,-0.0003,-0.00029855200608922694,0.0,0.0,0.0,0.0,0.0039058916458709625
2025-06-26,-0.013386706471715826,-0.013415163177727762,-0.011872186110956877,0.0,0.0,0.0,0.0,0.016499066622396752
2025-06-27,0.00021666887094999853,-0.0003,-0.00026549478273959614,0.0,0.0,0.0,0.0,0.014303826498087702
2025-06-30,-0.0009794561232669876,-0.0010021350129157318,-0.0,-0.0,-0.0,-0.0,-0.0,0.008383435801872618
2025-07-01,-0.006612415737618891,-0.006612415737618891,-0.0,-0.0,-0.0,-0.0,-0.0,-0.012375766683531464
2025-07-02,0.0023319513872819696,0.0023319513872819696,0.0,0.0,0.0,0.0,0.0,-0.005598104820983774
2025-07-03,-0.00023951680415471585,-0.00023951680415471585,-2.7325409738187796e-05,-1.982056399720813e-05,-0.0,-1.982056399720813e-05,0.00019778529282742167,0.0005889463754256141
2025-07-04,-0.0033989714412701612,-0.0033989714412701612,-0.0003,-0.0002176058568246298,-0.0,-0.0002176058568246298,-0.0,0.0006278724304602523
2025-07-07,-0.001195359914378811,-0.00018993999621349229,-0.0,-0.0,-0.0,-0.0,-0.0,-0.00560648809777875
2025-07-08,0.0035031496389162833,0.0034109407800433037,0.0034109407800433037,0.001979746827815235,0.0,0.001979746827815235,0.0021538700643778555,0.002554555029451011
2025-07-09,0.0024423387662650294,0.0024423387662650294,0.0024423387662650294,0.0025682155297024082,0.0027423387662650293,0.0025682155297024082,0.003042338766265029,0.003337783645913195
2025-07-10,-0.0017569097853492115,-0.0003,-0.0003,-0.0003,-0.0003,-0.0003,-0.0,-0.004392673201593644
2025-07-11,-0.003200274201347628,-0.0,-0.0,-0.0,-0.0,-0.0,-0.0,-0.0019340915208561071
2025-07-14,0.000588254036368877,0.00046787261043861495,0.0,0.0,0.0,0.0,0.0,-0.002781387027117277
2025-07-15,0.002481510658092536,0.002481510658092536,0.0,0.0,0.0,0.0,0.0,0.005534732251511354
2025-07-16,-0.0014714710468079952,-0.0014714710468079952,-0.0,-0.0,-0.0,-0.0,-0.0,-0.00036849353679269115
2025-07-17,-0.005523286474529619,-0.00023857966845638694,0.0,0.0,0.0,0.0,0.0,0.005995274689452268
2025-07-18,0.0026553205743837217,-0.0,-0.0,-0.0,-0.0,-0.0,-0.0,-0.0020571323400920827
2025-07-22,-0.0011677370299108321,-0.0,-0.0,-0.0,-0.0,-0.0,-0.0,-0.0011097058847765462
2025-07-23,-0.02486035523970308,-0.024737936594796207,-0.024737936594796207,-0.0126782066410554,0.0,-0.0126782066410554,-0.012524456469623694,0.035107509246364854
2025-07-24,-0.001551211410069146,-0.0003,-0.0003,-0.0001537501714317072,0.0,-0.0001537501714317072,0.0,0.015909607131329384
2025-07-25,-0.005182898872369687,-0.005082573686851935,-0.0,-0.0,-0.0,-0.0,-0.0,-0.008848715340204594
2025-07-28,0.009798597386393165,0.009798597386393165,-0.0,-0.0,-0.0,-0.0,-0.0,-0.011046854292389496
2025-07-29,-0.002833106810143161,-0.002833106810143161,-0.0025865795963781243,-0.0025865795963781243,-0.0025865795963781243,-0.0025865795963781243,-0.0022865795963781244,-0.007895912527558058
2025-07-30,-0.0006461151211894106,-0.0003,-0.0003,-0.0003,-0.0003,-0.0003,-0.0,-0.00048805855550226873
2025-07-31,0.003917354123840172,0.0,0.0,0.0,0.0,0.0,0.0,0.010210900627166453
2025-08-01,0.0011856537443042648,-0.0,-0.0,-0.0,-0.0,-0.0,-0.0,-0.006579496767794679
2025-08-04,-0.0034037391932317572,-0.003478011593167145,0.0,0.0,0.0,0.0,0.0,-0.012473218469313374
2025-08-05,-0.00040887780323796863,-0.00022759176799014514,0.0,0.0,0.0,0.0,0.0,0.006424307564003362
2025-08-06,-0.0019557808703022745,0.0,0.0,0.0,0.0,0.0,0.0,0.006049891519651629
2025-08-07,0.0002833453828421567,0.0,0.0,0.0,0.0,0.0,0.0,0.006478489362362172
2025-08-08,-0.006626118989256789,0.0,0.0,0.0,0.0,0.0,0.0,0.01854232394539057
2025-08-12,0.005498039610770571,0.0,0.0,0.0,0.0,0.0,0.0,0.021465353725928393
2025-08-13,-0.0003591196413152732,0.0,0.0,0.0,0.0,0.0,0.0,0.013027242870514266
2025-08-14,0.01017816222720518,0.010162278990470756,-0.0,-0.0,-0.0,-0.0,-0.0,-0.014452106258749042
2025-08-15,0.0009618045857923923,-0.0002815697632888254,0.0,0.0,0.0,0.0,0.0,0.017094009265803622
2025-08-18,0.0004122598157134314,0.0,0.0,0.0,0.0,0.0,0.0,0.00774580685352988
2025-08-19,-0.003377208341398473,-0.0,-0.0,-0.0,-0.0,-0.0,-0.0,-0.003843582036523907
2025-08-20,0.01135694953269548,0.011499575701298415,0.009314183934087105,-0.0,-0.0,-0.0,-0.0,-0.01510434747507372
2025-08-21,0.0011587042597974943,-0.0003,-0.0002429876764853709,-0.0,-0.0,-0.0,-0.0,-0.006490751055447164
2025-08-22,-9.360318935479865e-05,0.0,0.0,0.0,0.0,0.0,0.0,0.0005425274408141778
2025-08-25,-3.764200852584655e-05,-0.0,-0.0,-0.0,-0.0,-0.0,-0.0,0.004093778684167271
2025-08-26,0.0002748698952714438,-0.0,-0.0,-0.0,-0.0,-0.0,-0.0,-0.009657624984920843
2025-08-27,-0.00037520516187674604,0.0,0.0,0.0,0.0,0.0,0.0,0.0029690501195709373
2025-08-28,0.008870137701637143,0.008957861508649355,0.0,0.0,0.0,0.0,0.0,0.007255822567711068
2025-08-29,-0.0013811641947630666,-0.0013811641947630666,-0.000893505363716439,-0.0,-0.0,-0.0,-0.0,-0.002575844774387881
2025-09-01,0.0027182414666981395,0.0027182414666981395,-0.00016701067610588839,-0.0,-0.0,-0.0,-0.0,-0.012399313528765
2025-09-02,-0.00024265950261538442,-0.00023793523197836224,0.0,0.0,0.0,0.0,0.0,0.0028846340806252257
2025-09-03,-0.0003698570256391021,-0.0,-0.0,-0.0,-0.0,-0.0,-0.0,-0.00878263691451353
2025-09-04,0.0016755723862152743,0.0,0.0,0.0,0.0,0.0,0.0,0.015293177685240744
2025-09-05,0.00013017454442675364,0.0,0.0,0.0,0.0,0.0,0.0,0.010297738214836594
2025-09-08,0.003569020939345885,0.003519266912602747,0.0,0.0,0.0,0.0,0.0,0.014529910649426103
2025-09-09,-0.010253935984125162,-0.010253935984125162,-0.008186769921683665,-0.0,-0.0,-0.0,-0.0,-0.00422785126219305
2025-09-10,-0.00017286059464322287,-0.0003,-0.00023370256323572417,0.0,0.0,0.0,0.0,0.008706603827684178
2025-09-11,0.00417989336530641,0.0,0.0,0.0,0.0,0.0,0.0,0.01220019453872978
2025-09-12,0.0003714531492567675,0.00048520302938756006,0.00048520302938756006,0.00030891245542098505,-0.0,0.00030891245542098505,0.0004999123688866357,0.00891590723421043
2025-09-16,0.00047956636500818086,0.00047956636500818086,-0.0003,-0.00019099991346565063,-0.0,-0.00019099991346565063,-0.0,0.002996517035393831
2025-09-17,0.0003861641427686939,0.0003861641427686939,0.000561172694453627,0.000561172694453627,0.000561172694453627,0.000561172694453627,0.0008611726944536269,-0.00249187014750174
2025-09-18,-0.009349171964240077,-0.009349171964240077,-0.006660393440181275,-0.0003,-0.0003,-0.0003,0.0,0.011454486293225097
2025-09-19,-0.012877190842467391,-0.012877190842467391,-0.000210861064370835,-0.0,-0.0,-0.0,-0.0,-0.005686569328791524
2025-09-22,-0.0038933744614815676,-0.0038933744614815676,0.0,0.0,0.0,0.0,0.0,0.00994213616052475
2025-09-24,-0.0010192215549083361,-0.00015603843724127435,0.0,0.0,0.0,0.0,0.0,0.0030036808871978238
2025-09-25,0.0010188101515984996,0.0,0.0,0.0,0.0,0.0,0.0,0.002731103461506512
2025-09-26,-0.0045655507178250145,-0.004672901272022587,-0.0,-0.0,-0.0,-0.0,-0.0,-0.00874094680030213
2025-09-29,0.0010230195640173652,0.0010230195640173652,0.0009321858041870954,-0.0,-0.0,-0.0,-0.0,-0.006862272333089003
2025-09-30,0.0027151733949941637,0.0027151733949941637,0.002275431672742861,-0.0,-0.0,-0.0,-0.0,-0.002466959206327224
2025-10-01,-0.00573059277488608,-0.00573059277488608,-0.00025466034646585105,-0.0,-0.0,-0.0,-0.0,-0.008496661625264856
2025-10-02,0.0044342702942715435,0.0044342702942715435,0.0038979531591626705,0.0,0.0,0.0,0.0,0.008661538280781311
2025-10-03,-0.010236524799101162,-0.010236524799101162,-0.0002793364514168374,0.0,0.0,0.0,0.0,0.018532045446188583
2025-10-06,-0.028180455873598725,-0.028180455873598725,-0.023932116420322468,0.0,0.0,0.0,0.0,0.04752644706081566
2025-10-07,0.0010812024316115597,-0.0003,-0.000253144672476582,-0.0,-0.0,-0.0,-0.0,0.0001275882344746737
2025-10-08,0.0009968374628225914,-0.0,-0.0,-0.0,-0.0,-0.0,-0.0,-0.0045023288399382855
2025-10-09,0.00681049887255565,0.006887254562094175,0.0,0.0,0.0,0.0,0.0,0.017711392742335574
2025-10-10,0.006641208229496668,0.006641208229496668,-0.0,-0.0,-0.0,-0.0,-0.0,-0.010120134991954743
2025-10-14,0.012577270321647252,0.012577270321647252,0.012333329005563243,0.007175765869336347,-0.0,0.007175765869336347,0.007350311586865642,-0.025816415643162727
2025-10-15,-0.014262516570623385,-0.014262516570623385,-0.014262516570623385,-0.007599315405398597,0.0,-0.007599315405398597,-0.007584299017349005,0.017617903371941024
2025-10-16,-0.0011774855018896924,-0.0003,-0.0003,-0.00015952932947970298,0.0,-0.00015952932947970298,0.0,0.012692101836383696
2025-10-17,-0.005375300538634942,-0.005294050073483747,-0.005294050073483747,-0.004703831631203449,-0.0,-0.004703831631203449,-0.0044372777698357515,-0.014408086801782738
2025-10-20,0.011608058012096302,0.011608058012096302,-0.0003,-0.0002665538613676973,0.0,-0.0002665538613676973,0.0,0.03369649364626803
2025-10-21,-0.0033505802873841847,-0.00019908547490840857,-0.0,-0.0,-0.0,-0.0,-0.0,0.002654412250561622
2025-10-22,0.0009684337443363767,0.0008320916332766552,0.0008320916332766552,0.0005617621353778509,0.0,0.0005617621353778509,0.0007642982911011264,-0.00016768435040848129
2025-10-23,-0.0003158411803309978,-0.0003,-0.0003,-0.00020253615572327552,-0.0,-0.00020253615572327552,-0.0,-0.013510637977614093
2025-10-24,0.0038640084909096744,0.0038629042512927318,0.002532256218326956,0.0,0.0,0.0,0.0,0.013528316002599405
2025-10-27,-0.011085178032489542,-0.011085178032489542,-0.00019665951213879008,0.0,0.0,0.0,0.0,0.024597982205438518
2025-10-28,-0.0032996198687859912,-0.0032996198687859912,-0.0027900188942169973,-0.0,-0.0,-0.0,-0.0,-0.005803349028246085
2025-10-29,0.016926584522363175,0.016926584522363175,0.010877501785116732,0.0,0.0,0.0,0.0,0.021674363396081642
2025-10-30,0.0035064110323905773,0.0035064110323905773,0.0034006372925427866,0.0032064110323905774,0.0032064110323905774,0.0032064110323905774,0.0035064110323905773,0.0003500635489439574
2025-10-31,-0.01573736351242767,-0.01573736351242767,-0.015143207676791797,-0.0003,-0.0003,-0.0003,0.0,0.021153776486457998
2025-11-04,-0.015842755788060447,-0.015842755788060447,-0.01583120933775193,-0.014199972770654646,-0.0,-0.014199972770654646,-0.013925890626581533,-0.017441657239163466
2025-11-05,0.02043902975919758,0.02043902975919758,0.02043902975919758,0.020309780447981964,-0.0,0.020309780447981964,0.020881618024653263,-0.024951447981508057
2025-11-06,0.0001162995118320926,-0.0003,-0.0003,-0.0002977554325981857,0.0,-0.0002977554325981857,0.0,0.013371436155303451
2025-11-07,0.0013298117100763332,-0.0,-0.0,-0.0,-0.0,-0.0,-0.0,-0.011935233408428059
2025-11-10,-0.00030395574879654735,0.0,0.0,0.0,0.0,0.0,0.0,0.012637957179033377
2025-11-11,-0.005750934430739645,-0.0057381214804090456,-0.0,-0.0,-0.0,-0.0,-0.0,-0.0013519868283138337
2025-11-12,-0.0006377745566781025,-0.00018156876814227893,0.0,0.0,0.0,0.0,0.0,0.004334504474949208
2025-11-13,-0.005489397375117039,-0.005566871301409237,-0.005566871301409237,-0.004445370138330735,0.0,-0.004445370138330735,-0.004205808099028404,0.004279384498730776
2025-11-14,-0.001337217493084053,-0.0003,-0.0003,-0.00023956203930233138,-0.0,-0.00023956203930233138,-0.0,-0.01765336588222499
2025-11-17,0.000564594455365748,0.0005257270733138534,0.000518679452209224,0.0,0.0,0.0,0.0,-0.0010445557175992048
2025-11-18,-0.007719017104099253,-0.0003,-0.0002959783575191179,-0.0,-0.0,-0.0,-0.0,-0.03220993127257399
2025-11-19,0.0012382774957716944,-0.0,-0.0,-0.0,-0.0,-0.0,-0.0,-0.003393657809218742
2025-11-20,-0.006379698180139815,0.0,0.0,0.0,0.0,0.0,0.0,0.02649985904159058
2025-11-21,0.010933778304286218,0.010799722622737375,-0.0,-0.0,-0.0,-0.0,-0.0,-0.024045919816566563
2025-11-25,0.008235650152339609,0.008235650152339609,-0.0,-0.0,-0.0,-0.0,-0.0,0.0006918255413923546
2025-11-26,-0.011012953868213977,-0.011012953868213977,0.0,0.0,0.0,0.0,0.0,0.01848663509043269
2025-11-27,-0.0016822396838957075,-0.0002953767691516228,0.0,0.0,0.0,0.0,0.0,0.012268818728156106
2025-11-28,-3.001033582491515e-05,0.0,0.0,0.0,0.0,0.0,0.0,0.0017303888613506846
2025-12-01,-0.009442057293732556,-0.0,-0.0,-0.0,-0.0,-0.0,-0.0,-0.018916516213251744
2025-12-02,-0.0032641333185703435,-0.003402940581530643,-0.0,-0.0,-0.0,-0.0,-0.0,3.4068472876125355e-06
2025-12-03,-0.002096255289767499,-0.00024530925263626193,0.0,0.0,0.0,0.0,0.0,0.011383188755413887
2025-12-04,-0.0029589818062053276,0.0,0.0,0.0,0.0,0.0,0.0,0.023338005874962597
2025-12-05,-0.0001543153648627877,-0.0,-0.0,-0.0,-0.0,-0.0,-0.0,-0.010514743774838742
2025-12-08,6.969899980590725e-05,-0.0,-0.0,-0.0,-0.0,-0.0,-0.0,0.0017838576893449698
2025-12-09,6.180926599209161e-05,-0.0,-0.0,-0.0,-0.0,-0.0,-0.0,0.001446369083828003
2025-12-10,-0.003239624923124565,-0.0031790462192177777,-0.0,-0.0,-0.0,-0.0,-0.0,-0.0010324879357999084
2025-12-11,0.012709070458048572,0.012709070458048572,0.008378334378726177,-0.0,-0.0,-0.0,-0.0,-0.008971449440367985
2025-12-12,-0.00705861104815253,-0.00705861104815253,-0.003891240208260578,0.0,0.0,0.0,0.0,0.013713791560089339
2025-12-15,0.003653879497770962,0.003653879497770962,0.0021279625472738835,-0.0,-0.0,-0.0,-0.0,-0.013148834765094652
2025-12-16,-0.008042056376957117,-0.008042056376957117,-0.00017566855805272244,-0.0,-0.0,-0.0,-0.0,-0.01564380883149441
2025-12-17,-0.0007918249416293276,-0.00017021358678799358,0.0,0.0,0.0,0.0,0.0,0.002612061487778705
2025-12-18,-0.0014841116662380862,-0.0014032194463110296,-0.0,-0.0,-0.0,-0.0,-0.0,-0.010316253606270642
2025-12-19,0.0007788733452383646,-0.0002887320255692802,0.0,0.0,0.0,0.0,0.0,0.010320315449527051
2025-12-22,-0.006763832179655695,-0.0066460655789486785,-0.00531701396309626,0.0,0.0,0.0,0.0,0.018081804055375184
2025-12-23,-0.0003377646147097404,-0.0003,-0.00024000729002454448,0.0,0.0,0.0,0.0,0.0002079359454987273
2025-12-24,-0.0015176968957552066,-0.001493179971276142,-0.0,-0.0,-0.0,-0.0,-0.0,-0.001364126457350845
2025-12-25,-0.00021809076866112216,-0.00015431650076499383,-0.0,-0.0,-0.0,-0.0,-0.0,0.0012650439281538528
2025-12-26,0.000685468075013892,0.0,0.0,0.0,0.0,0.0,0.0,0.006796599669848913
2025-12-29,0.0006504531365221577,-0.0,-0.0,-0.0,-0.0,-0.0,-0.0,-0.004403291230824835
2025-12-30,9.960414228220565e-05,0.00017078111931406097,0.0,0.0,0.0,0.0,0.0,-0.0037097333321376436
