,baseline_gross,+ costs,+ turnover_pen,+ vol_target,v4_full,v4_rebal_1w,v4_rebal_2w,v4_rebal_4w,v4_rebal_8w,v4_vol5pct,v4_vol8pct,v4_vol10pct,v4_vol15pct,v4_vol20pct
2010-04-16,0.009249652445757088,0.008249652445757087,0.00795818403930775,0.00795818403930775,0.00795818403930775,0.00795818403930775,0.00795818403930775,0.00795818403930775,0.00795818403930775,0.00795818403930775,0.00795818403930775,0.00795818403930775,0.00795818403930775,0.00795818403930775
2010-04-23,-0.007039710014042884,-0.007039710014042884,-0.006661400862203798,-0.006661400862203798,-0.006661400862203798,-0.004091205581243995,-0.006661400862203798,-0.006661400862203798,-0.006661400862203798,-0.006661400862203798,-0.006661400862203798,-0.006661400862203798,-0.006661400862203798,-0.006661400862203798
2010-04-30,0.0038033122252902054,0.0035827052292137706,0.004123751335175522,0.004123751335175522,0.004123751335175522,0.0037961734878505147,0.004123751335175522,0.006216092401566983,0.006216092401566983,0.004123751335175522,0.004123751335175522,0.004123751335175522,0.004123751335175522,0.004123751335175522
2010-05-07,0.010228633662464624,0.010228633662464624,0.009688739064490207,0.009688739064490207,0.009688739064490207,-0.01122428381432453,0.009688739064490207,0.008089359240398108,0.008089359240398108,0.009688739064490207,0.009688739064490207,0.009688739064490207,0.009688739064490207,0.009688739064490207
2010-05-14,-0.0008583674116279163,-0.0028290800012482943,-0.0026932787122197033,-0.0026932787122197033,-0.0026932787122197033,-8.235053657361477e-06,-0.0026932787122197033,-0.002686303846075016,-0.017812439779886367,-0.0026932787122197033,-0.0026932787122197033,-0.0026932787122197033,-0.0026932787122197033,-0.0026932787122197033
2010-05-21,0.001799423678104188,0.001799423678104188,0.001935376995809832,0.001935376995809832,0.001935376995809832,0.0024762493585017194,0.001935376995809832,0.0019176589254476697,-0.004143158859021289,0.001935376995809832,0.001935376995809832,0.001935376995809832,0.001935376995809832,0.001935376995809832
2010-05-28,0.002740156793947625,0.0011654357114075126,0.001058771430790396,0.001058771430790396,0.001058771430790396,0.000679358766817087,0.001058771430790396,-0.004079042928851053,0.0026180832138773392,0.001058771430790396,0.001058771430790396,0.001058771430790396,0.001058771430790396,0.001058771430790396
2010-06-04,-0.026548613538357073,-0.026548613538357073,-0.026002856631170582,-0.026002856631170582,-0.026002856631170582,0.012700153666638186,-0.026002856631170582,0.02015163695993589,-0.02721331619020668,-0.026002856631170582,-0.026002856631170582,-0.026002856631170582,-0.026002856631170582,-0.026002856631170582
2010-06-11,0.04029914197060866,0.03842755771308488,0.037388661509607304,0.037388661509607304,0.037388661509607304,0.03820867339934137,0.037388661509607304,0.03925463653558701,0.03740389131582317,0.037388661509607304,0.037388661509607304,0.037388661509607304,0.037388661509607304,0.037388661509607304
2010-06-18,0.013551026502609552,0.013551026502609552,0.01305439440774182,0.01305439440774182,0.01305439440774182,0.009565612311894716,0.01305439440774182,0.01276461250431711,0.012875973823166409,0.01305439440774182,0.01305439440774182,0.01305439440774182,0.01305439440774182,0.01305439440774182
2010-06-25,0.009375549691917423,0.00883836958331713,0.008945658649983514,0.008945658649983514,0.008945658649983514,0.009363866071538543,0.008945658649983514,0.012290306766602298,0.011830944239700608,0.008945658649983514,0.008945658649983514,0.008945658649983514,0.008945658649983514,0.008945658649983514
2010-07-02,0.029770363441903355,0.029770363441903355,0.02946289473923934,0.02946289473923934,0.02946289473923934,-0.03003171094869379,0.02946289473923934,0.024619533446363837,0.02412142836138959,0.02946289473923934,0.02946289473923934,0.02946289473923934,0.02946289473923934,0.02946289473923934
2010-07-09,-0.01242769210121614,-0.012993857864505047,-0.013317567002947143,-0.011907287081156794,-0.011907287081156794,-0.012662380077184824,-0.011907287081156794,-0.013272937142582868,-0.007528778693446798,-0.006197723860035985,-0.009623461792708468,-0.011907287081156794,-0.017616850302277602,-0.023326413523398412
2010-07-16,0.009375740037921533,0.009375740037921533,0.009382026823076055,0.007945506372469224,0.007945506372469224,0.010285999757512761,0.007945506372469224,0.009071341302553234,0.007732405504694508,0.004076476641790401,0.006428570663332932,0.007945506372469224,0.011528196678203501,0.014778619824252055
2010-07-23,0.0018583668295940818,0.0015904633044663882,0.001634550351725534,0.0013876686238105222,0.0013876686238105222,0.00046797991441791973,0.0013876686238105222,0.0019640832049355036,0.00043973722476263444,0.0006125991456494768,0.0010853069855493724,0.0013876686238105222,0.0020895718393740665,0.002707727948749598
2010-07-30,-0.0023582449459476117,-0.0023582449459476117,-0.002863264892179562,-0.0024728175918336624,-0.0024728175918336624,-0.00014815496748078988,-0.0024728175918336624,-0.004427704900953304,-0.0007385802074055432,-0.0012705421500877718,-0.002003400428553281,-0.0024728175918336624,-0.003563993457036714,-0.004525965613701641
2010-08-06,0.006716778443005598,0.004716778443005598,0.004374479916850478,0.003475958319617193,0.003475958319617193,0.00578819083948982,0.003475958319617193,0.0042259185403880906,0.0034474362843183283,0.000846645249289014,0.002450532034208698,0.003475958319617193,0.005855541349231183,0.007952095327664893
2010-08-13,-0.01630622017058451,-0.01630622017058451,-0.015614295016515204,-0.013519508217592192,-0.013519508217592192,0.015010275474650385,-0.013519508217592192,-0.01573511033141122,-0.014232194244725473,-0.006946687186221001,-0.010956983842279808,-0.013519508217592192,-0.019441424694166296,-0.02461038948112002
2010-08-20,-0.005413075609987461,-0.007407398403942577,-0.0067314674694189626,-0.00588342385747143,-0.00588342385747143,-0.0052095284568622014,-0.00588342385747143,0.0024545795974158747,0.0026619292639818194,-0.004017287566570488,-0.005170842246507748,-0.00588342385747143,-0.007460809114085071,-0.008778180530513335
2010-08-27,0.005309514125483005,0.005309514125483005,0.005042886033669263,0.004101340246118456,0.004101340246118456,-0.0036117390758513175,0.004101340246118456,-0.0032458282928083657,-0.0030734862731780044,0.0021731226868449867,0.003365863252443501,0.004101340246118456,0.005728992046884626,0.007091475636999382
2010-09-03,0.023675506302135454,0.023423687558014602,0.023646239956182754,0.022511819916213767,0.022511819916213767,0.018318392146820586,0.022511819916213767,0.019754856801314932,-0.023930349094488084,0.012194260250566923,0.01867093270581386,0.022511819916213767,0.03058998330508046,0.036961565187705624
2010-09-10,-0.0008505506621923966,-0.0008505506621923966,-0.0014189613433959964,-0.0016009686774295527,-0.0016009686774295527,0.0069977815315643045,-0.0016009686774295527,-0.0010244001601517002,2.31992999639706e-05,-0.0010004514232714262,-0.0014025281830768546,-0.0016009686774295527,-0.001959224883538024,-0.0022191251215637657
2010-09-17,-0.01758016199738676,-0.017713755368280213,-0.01836510088945405,-0.02097289607403886,-0.02097289607403886,-0.020513465264100483,-0.02097289607403886,-0.02305502019101905,0.024723553260501435,-0.013341865298644631,-0.018469896144716093,-0.02097289607403886,-0.025485166472977872,-0.028777533343086175
2010-09-24,0.011909029459300226,0.011909029459300226,0.011547691568174756,0.011660029319136848,0.011660029319136848,-0.014190413206139027,0.011660029319136848,0.011493651899294105,-0.011020605442278066,0.007693705593045703,0.010326004303093066,0.011660029319136848,0.014248788117727068,0.016269778297630932
2010-10-01,-0.015429981041877079,-0.01568567013653013,-0.015570214606331291,-0.018999932754383435,-0.018999932754383435,-0.020053658666495083,-0.018999932754383435,-0.01881248576275465,-0.019467237570249794,-0.01652262303962122,-0.01801426204375129,-0.018999932754383435,-0.021313325525518463,-0.02340731389880103
2010-10-08,-0.027391584242975286,-0.027391584242975286,-0.026915134580485996,-0.030899898446929367,-0.030899898446929367,0.027603234993719385,-0.030899898446929367,-0.031155454611222752,-0.02956148537611731,-0.02395506105177926,-0.028493029312114487,-0.030899898446929367,-0.03607649222250277,-0.0406301927157711
2010-10-15,0.012970193595391201,0.011126343219789869,0.010823405934369782,0.010484700330282495,0.010484700330282495,0.011775084753408679,0.010484700330282495,-0.013057477451976078,-0.012402548130541683,0.007151343905377066,0.009309327060767357,0.010484700330282495,0.012961151239372033,0.015071530375697332
2010-10-22,-0.0009236154655222237,-0.0009236154655222237,-0.0009005036958096971,-0.0008458583274660056,-0.0008458583274660056,-0.0019139097474344163,-0.0008458583274660056,-0.0001560890769201444,5.3952784452290555e-05,-0.0006136706044513708,-0.0007636768415593368,-0.0008458583274660056,-0.0010191638309017038,-0.0011664434743425157
2010-10-29,-0.0010688849680056157,-0.0018213031284759198,-0.002500287766155601,-0.0023901531131856066,-0.0023901531131856066,-0.0030913827013621213,-0.0023901531131856066,-0.0031667951461306094,0.00403119470010998,-0.0019305738798562286,-0.0022274060857637055,-0.0023901531131856066,-0.0027336028866559786,-0.0030256274526892397
2010-11-05,0.015702200173038826,0.015702200173038826,0.015891074606890505,0.01505105488306655,0.01505105488306655,0.017002611318227535,0.01505105488306655,0.0151931920348942,-0.01442490043416182,0.010880620455821987,0.01357135438476096,0.01505105488306655,0.01818300101922431,0.020853081587956086
2010-11-12,-0.006523136544220313,-0.007177748430305354,-0.006653773201787414,-0.006125319245194632,-0.006125319245194632,-0.005993222057974829,-0.006125319245194632,0.0015387065395686408,-0.0010028587512794873,-0.004494192841442681,-0.00553711077162254,-0.006125319245194632,-0.007392629916812427,-0.008482302022495431
2010-11-19,0.0026967559380591186,0.0026967559380591186,0.0033641431997313118,0.003069982230065428,0.003069982230065428,0.013166546931087398,0.003069982230065428,0.013411472513025652,-0.010298897477957425,0.002165141861027431,0.0027434264658112604,0.003069982230065428,0.0037741208608548377,0.00437961912446689
2010-11-26,0.010857422633728075,0.009734944095660057,0.009895506771606765,0.008957391373801483,0.008957391373801483,0.009708051155021775,0.008957391373801483,0.009338191023456288,0.0,0.005993923041457445,0.007887425661581918,0.008957391373801483,0.011264836917768903,0.013248556813814559
2010-12-03,0.007853757324443728,0.007853757324443728,0.00795393792357684,0.008009782544661677,0.008009782544661677,0.006414888884883451,0.008009782544661677,0.007666330849766721,0.0,0.0053944163369246964,0.007045323444488389,0.008009782544661677,0.010116428591734663,0.011911343923447594
2010-12-10,-0.00307933510236318,-0.004335353173289902,-0.003979899916712757,-0.003936102766389944,-0.003936102766389944,-0.004138545988627658,-0.003936102766389944,0.0022456679734314494,0.0,-0.0030407059371543492,-0.0036062992990459905,-0.003936102766389944,-0.004655378901222484,-0.005267737155794185
2010-12-17,0.016927885174021773,0.016927885174021773,0.01696309360750735,0.018228061942567444,0.018228061942567444,0.02081921927929513,0.018228061942567444,0.01812870564610928,0.0,0.01192065762744605,0.01591713885292802,0.018228061942567444,0.023161204960013185,0.027268114976215615
2010-12-24,0.0015767266225626758,-0.00041995196656699073,-0.00028067940294886334,-0.00023968536046444985,-0.00023968536046444985,-0.00015655815834587352,-0.00023968536046444985,-0.0005750525990408525,0.0,-0.0008160965794108401,-0.00044880894336853105,-0.00023968536046444985,0.00020198507900620328,0.0005676949544631469
2010-12-31,-0.0022260553635163015,-0.0022260553635163015,-0.0020107836940939,-0.002273232867353328,-0.002273232867353328,0.0005691191341537095,-0.002273232867353328,-0.0023531538205107177,0.0,-0.0015403235624843225,-0.0020052529930799047,-0.002273232867353328,-0.0028412511476843625,-0.0033117250480259506
2011-01-07,0.030045778489472038,0.02812359184131339,0.027480827208458247,0.051593197602490815,0.051593197602490815,0.04787577725435669,0.051593197602490815,-0.04803403315436412,0.0,0.036501977446922886,0.04618467244222749,0.051593197602490815,0.056820611640467124,0.056820611640467124
2011-01-14,-0.007928566648277588,-0.007928566648277588,-0.007541696985035586,-0.006874238128091817,-0.006874238128091817,0.00721623937599473,-0.006874238128091817,0.00827639003100984,0.0,-0.004850063154910852,-0.00614247783935109,-0.006874238128091817,-0.00916559301348468,-0.011776060620990871
2011-01-21,-0.015471606677870025,-0.015954160251473625,-0.016314135575912873,-0.014574752557785611,-0.014574752557785611,-0.016504323397764538,-0.014574752557785611,-0.014592616118955758,0.0,-0.010421324940010928,-0.013073658448932495,-0.014574752557785611,-0.01915578369219958,-0.024214645916011943
2011-01-28,-0.0025539663318731656,-0.0025539663318731656,-0.00234412704856067,-0.0019681309442670107,-0.0019681309442670107,-0.00277910172339472,-0.0019681309442670107,-0.001951540911780313,0.0,-0.0013913287912139687,-0.0017597920468653701,-0.0019681309442670107,-0.0025648713228475124,-0.0031789135902061745
2011-02-04,-0.015727857988001536,-0.016216233258841178,-0.015834930344105703,-0.013454483345049008,-0.013454483345049008,-0.01554151719552976,-0.013454483345049008,-0.00979159387791681,0.0,-0.009660428006222849,-0.012084863685197685,-0.013454483345049008,-0.017448180655370748,-0.021630112259791293
2011-02-11,-0.007068092091876749,-0.007068092091876749,-0.007277918383227046,-0.005967261819057651,-0.005967261819057651,-0.01695447794192847,-0.005967261819057651,-0.0119150975424619,0.0,-0.004230321282906334,-0.00534036882894315,-0.005967261819057651,-0.007735654088918633,-0.00953013428365893
2011-02-18,0.0035225003714217285,0.0015225003714217284,0.0010891823590333312,0.0005124285848955629,0.0005124285848955629,0.0014599591797398287,0.0005124285848955629,0.0012706849431602092,0.0,-0.00019942109071328581,0.00025552537966032373,0.0005124285848955629,0.0012351369696152277,0.0019683535226956445
2011-02-25,0.008625111733240116,0.008625111733240116,0.008172287165965268,0.0066462484200443695,0.0066462484200443695,0.00779687032274588,0.0066462484200443695,0.006973698875003364,0.0,0.004712254572936571,0.005948304408954763,0.0066462484200443695,0.008630778928934336,0.010666389088055162
2011-03-04,-0.007939938425168228,-0.008760132102126294,-0.009047865224540683,-0.007513392580052766,-0.007513392580052766,-0.007428612582761716,-0.007513392580052766,-0.014483173691157461,0.0,-0.005545776136419712,-0.006803106804844836,-0.007513392580052766,-0.009532743516186108,-0.011601382061837731
2011-03-11,0.020545410905951758,0.020545410905951758,0.02098061800471907,0.01695897709833403,0.01695897709833403,0.02424748567248926,0.01695897709833403,0.024966894262120967,0.0,0.012017802058118547,0.015175143545075806,0.01695897709833403,0.02199846971136093,0.027137561242484436
2011-03-18,-0.017297025947280564,-0.018019985224268845,-0.015928511860379427,-0.01306941318178135,-0.01306941318178135,-0.01370274786989919,-0.01306941318178135,-0.013819065796948232,0.0,-0.009395411973975715,-0.011740674579746811,-0.01306941318178135,-0.016752637761093182,-0.020425074903775733
2011-03-25,-0.03009560043314882,-0.03009560043314882,-0.03021916665568452,-0.023871464533095577,-0.023871464533095577,0.019852072975177257,-0.023871464533095577,-0.024846121023797425,0.0,-0.016817588031800407,-0.021320644860060942,-0.023871464533095577,-0.03082898878526646,-0.03769530682750445
2011-04-01,-0.038715929451742535,-0.03918015049610451,-0.0398352981033334,-0.02943115645711238,-0.02943115645711238,-0.02960667622172501,-0.02943115645711238,0.0,0.0,-0.020891890754957034,-0.026345210057857556,-0.02943115645711238,-0.03745185332823164,-0.04507386661513345
2011-04-08,0.033131907418923405,0.033131907418923405,0.03357988526303102,0.03844197801062494,0.03844197801062494,0.031418382899780356,0.03844197801062494,0.0,0.0,0.027191688033780952,0.03439788238059007,0.03844197801062494,0.0,0.0
2011-04-15,0.0031567698387195073,0.002555927307211452,0.002534846475406448,0.0018846761075441477,0.0018846761075441477,0.0019033554733433283,0.0018846761075441477,0.0,0.0,0.001175404854157922,0.0016291052266786013,0.0018846761075441477,0.0,0.0
2011-04-22,-0.015395001913536363,-0.015395001913536363,-0.015735699391977612,-0.012567311140934392,-0.012567311140934392,-0.012226039219759871,-0.012567311140934392,0.0,0.0,-0.008872401895312805,-0.011235948940938992,-0.012567311140934392,0.0,0.0
2011-04-29,-0.01948657665811003,-0.021486576658110032,-0.021151716538743218,-0.017095838006092712,-0.017095838006092712,-0.01686460017197147,-0.017095838006092712,0.0,0.0,-0.012645581099567158,-0.015492170614446344,-0.017095838006092712,0.0,0.0
2011-05-06,-0.009334892328988398,-0.009334892328988398,-0.008905204212270448,-0.006945917025644058,-0.006945917025644058,0.0035379806858739514,-0.006945917025644058,0.0,0.0,-0.0048958241540023525,-0.006207133837404711,-0.006945917025644058,0.0,0.0
2011-05-13,0.0028387925891449318,0.0008399893625800369,0.0005161503053314055,-2.0361424743236232e-05,-2.0361424743236232e-05,0.002051145001355019,-2.0361424743236232e-05,0.0,0.0,-0.0005798889737605533,-0.00022199737594949033,-2.0361424743236232e-05,0.0,0.0
2011-05-20,-0.01990181211605221,-0.01990181211605221,-0.01967188378552821,-0.01534207434335619,-0.01534207434335619,-0.01482960632517167,-0.01534207434335619,0.0,0.0,-0.01081379141914862,-0.013710214465673533,-0.01534207434335619,0.0,0.0
2011-05-27,0.0020969452805413473,9.81420539764525e-05,0.0001970580779717926,-0.00026381068355763797,0.0,-0.00029423204162269526,0.0,0.0,0.0,-0.0007501230674543927,-0.0004390881366176161,0.0,0.0,0.0
2011-06-03,-0.003730010723346299,-0.003730010723346299,-0.0037565421515328274,-0.002928836783415321,0.0,-0.0024916639123766728,0.0,0.0,0.0,-0.0020687099575494193,-0.0026188650410198322,0.0,0.0,0.0
2011-06-10,0.03125765419035783,0.030846348630232365,0.032018909050921536,0.026795855258211106,0.0,0.02780153126817002,0.0,0.0,0.0,0.018851223198700764,0.02393193308585286,0.0,0.0,0.0
2011-06-17,-0.042581764687882,-0.042581764687882,-0.04362810155950527,-0.03220376341608137,0.0,0.027874969426642277,0.0,0.0,0.0,-0.022762091020938437,-0.028800775715281994,0.0,0.0,0.0
2011-06-24,0.008503087731266559,0.006594016005962147,0.006582272026447082,0.0040972982137109605,0.0,0.0052745562424102626,0.0,0.0,0.0,0.00235452263146764,0.0034689150913818937,0.0,0.0,0.0
2011-07-01,-0.0026689548809630263,-0.0026689548809630263,-0.002467199823574347,-0.0018800992645614265,0.0,0.0012682725781269655,0.0,0.0,0.0,-0.0013288900346133557,-0.0016812696795320582,0.0,0.0,0.0
2011-07-08,-0.004454425744955924,-0.006370672229118159,-0.006062269012192232,-0.006110457319217413,0.0,-0.005706636985339822,0.0,0.0,0.0,-0.004878208125251367,-0.005666526977414786,0.0,0.0,0.0
2011-07-15,-0.010342460059067722,-0.010342460059067722,-0.010130607914300925,-0.010354618001198504,0.0,-0.00971599138216217,0.0,0.0,0.0,-0.007356164374257267,0.0,0.0,0.0,0.0
2011-07-22,0.0005300256866213021,-0.00034355844805596667,-4.6723275719520274e-05,-2.4614093873464183e-05,0.0,0.00020009726548871488,0.0,0.0,0.0,-0.0002559144447755097,0.0,0.0,0.0,0.0
2011-07-29,0.021394068860774926,0.021394068860774926,0.02102244757108311,0.022347531827386902,0.0,0.010281190081959664,0.0,0.0,0.0,0.015921924374963963,0.0,0.0,0.0,0.0
2011-08-05,-0.010551805537866752,-0.010741297623848073,-0.010456436486129402,-0.009782798498607623,0.0,-0.0124369159195717,0.0,0.0,0.0,-0.006972756148079658,0.0,0.0,0.0,0.0
2011-08-12,-0.018508756298911324,-0.018508756298911324,-0.018870167443537686,-0.017431623359059862,0.0,0.018074107980910737,0.0,0.0,0.0,-0.01233972801525621,0.0,0.0,0.0,0.0
2011-08-19,0.017063776076083465,0.015277019588792755,0.015180220776815516,0.013722597389305709,0.0,0.017669499403748574,0.0,0.0,0.0,0.009205723297402872,0.0,0.0,0.0,0.0
2011-08-26,-0.011058920723972071,-0.011058920723972071,-0.011095306927759167,-0.009731097263582317,0.0,-0.012269479891050625,0.0,0.0,0.0,-0.006901943731882883,0.0,0.0,0.0,0.0
2011-09-02,-0.008434737488540182,-0.010333637940852899,-0.010062277697417632,-0.008974795877681671,0.0,-0.010014875299601647,0.0,0.0,0.0,-0.006907304169981217,0.0,0.0,0.0,0.0
2011-09-09,-0.03790777795338784,-0.03790777795338784,-0.035950322142427715,-0.03681887488194401,0.0,0.07768993742160357,0.0,0.0,0.0,-0.02616258135520748,0.0,0.0,0.0,0.0
2011-09-16,0.04404887312321965,0.043109879624091,0.04242830143337336,0.040950248962864366,0.0,0.02311912136910054,0.0,0.0,0.0,0.0,0.0,0.0,0.0,0.0
2011-09-23,-0.014676300251407117,-0.014676300251407117,-0.014460796020009914,-0.010478781609073706,0.0,0.0030354098086025497,0.0,0.0,0.0,0.0,0.0,0.0,0.0,0.0
2011-09-30,-0.0010899007791136308,-0.003047793396130066,-0.0027934795896862714,-0.0025449695751240736,0.0,-0.0012177559345223701,0.0,0.0,0.0,0.0,0.0,0.0,0.0,0.0
2011-10-07,0.010050022967706119,0.010050022967706119,0.009927578907378904,0.007150796720270537,0.0,0.0036808998442836314,0.0,0.0,0.0,0.0,0.0,0.0,0.0,0.0
2011-10-14,0.029663507158315613,0.027663507158315614,0.026782545120596808,0.018743930019828763,0.0,0.015141815759277547,0.0,0.0,0.0,0.0,0.0,0.0,0.0,0.0
2011-10-21,-0.028673977307429495,-0.028673977307429495,-0.02764471942757288,-0.01914908854996752,0.0,-0.01672592928031475,0.0,0.0,0.0,0.0,0.0,0.0,0.0,0.0
2011-10-28,-0.028653446300921648,-0.030600474939788458,-0.02930489491702152,-0.0213399209618155,0.0,-0.017338452148147297,0.0,0.0,0.0,0.0,0.0,0.0,0.0,0.0
2011-11-04,0.015035670871432594,0.015035670871432594,0.014469775844994488,0.00996551412612413,0.0,-0.007267818490256895,0.0,0.0,0.0,0.0,0.0,0.0,0.0,0.0
2011-11-11,0.00361115739956213,0.0017016140211246905,0.0011266326075355469,0.00020926706460911663,0.0,0.000830779519218627,0.0,0.0,0.0,0.0,0.0,0.0,0.0,0.0
2011-11-18,0.004507180234440426,0.004507180234440426,0.0043387122909005985,0.003085644796977382,0.0,-0.006004731636351346,0.0,0.0,0.0,0.0,0.0,0.0,0.0,0.0
2011-11-25,-0.010463255871514598,-0.010875517051777112,-0.010352680553773258,-0.007495149815001232,0.0,-0.007320055760530787,0.0,0.0,0.0,0.0,0.0,0.0,0.0,0.0
2011-12-02,0.0056555558744455356,0.0056555558744455356,0.006579562761392096,0.004705314345280624,0.0,0.007297605888394195,0.0,0.0,0.0,0.0,0.0,0.0,0.0,0.0
2011-12-09,-0.013829370873101057,-0.015763848665861977,-0.014847097827027027,-0.012964070786715966,0.0,-0.01817237078999987,0.0,0.0,0.0,0.0,0.0,0.0,0.0,0.0
2011-12-16,0.005104667893496226,0.005104667893496226,0.005571539330455029,0.006648677460533025,0.0,0.029480482927734433,0.0,0.0,0.0,0.0,0.0,0.0,0.0,0.0
2011-12-23,0.015721190919332745,0.014481952104629171,0.014227755026097638,0.017229051999201602,0.0,0.015820102937863238,0.0,0.0,0.0,0.0,0.0,0.0,0.0,0.0
2011-12-30,-0.008312363679332387,-0.008312363679332387,-0.008035530361423186,-0.008816394355666847,0.0,-0.007698238709478571,0.0,0.0,0.0,0.0,0.0,0.0,0.0,0.0
2012-01-06,-0.0029540791562794036,-0.0033540516773193805,-0.0035209551629061635,-0.003807071623189171,0.0,-0.0034019001625458156,0.0,0.0,0.0,0.0,0.0,0.0,0.0,0.0
2012-01-13,0.06393449314900389,0.06393449314900389,0.06290129807750235,0.07733375360982112,0.0,-0.03455479322818991,0.0,0.0,0.0,0.0,0.0,0.0,0.0,0.0
2012-01-20,0.04065653528137858,0.03867745301509577,0.03701813739849698,0.020625564368996895,0.0,0.03525635390354156,0.0,0.0,0.0,0.0,0.0,0.0,0.0,0.0
2012-01-27,0.016990181605897593,0.016990181605897593,0.016843293308280008,0.010238526195556758,0.0,0.013510435087984602,0.0,0.0,0.0,0.0,0.0,0.0,0.0,0.0
2012-02-03,0.011795945177034587,0.011665362870393096,0.011567729619444989,0.006990364101059353,0.0,0.008618287887113538,0.0,0.0,0.0,0.0,0.0,0.0,0.0,0.0
2012-02-10,-0.014745370981170893,-0.014745370981170893,-0.01560809751733367,-0.009545390445525909,0.0,-0.014514446160975004,0.0,0.0,0.0,0.0,0.0,0.0,0.0,0.0
2012-02-17,0.0002652230487952025,-0.0017209720058895938,-0.0010637363805957457,-0.001413792904480079,0.0,-0.0013258909882496494,0.0,0.0,0.0,0.0,0.0,0.0,0.0,0.0
2012-02-24,-0.021137346513172457,-0.021137346513172457,-0.020371941963173233,-0.012311974481397401,0.0,-0.016984591155009603,0.0,0.0,0.0,0.0,0.0,0.0,0.0,0.0
2012-03-02,-0.03451078464404749,-0.036343802950569985,-0.035322429423238454,-0.021418578357339284,0.0,-0.025538827370833746,0.0,0.0,0.0,0.0,0.0,0.0,0.0,0.0
2012-03-09,-0.011002296901484649,-0.011002296901484649,-0.010921914077773747,-0.006209512654984133,0.0,0.0017195507500903954,0.0,0.0,0.0,0.0,0.0,0.0,0.0,0.0
2012-03-16,-0.01678430729264889,-0.018650428982280264,-0.018108093254780678,-0.010970759784906695,0.0,-0.012410208028738752,0.0,0.0,0.0,0.0,0.0,0.0,0.0,0.0
2012-03-23,0.010128504926091377,0.010128504926091377,0.009701930261901213,0.005426635881458746,0.0,-0.009373209239932609,0.0,0.0,0.0,0.0,0.0,0.0,0.0,0.0
2012-03-30,0.01553159613065511,0.015403696025432454,0.015265240204070335,0.008590433417994283,0.0,0.01000925716420698,0.0,0.0,0.0,0.0,0.0,0.0,0.0,0.0
2012-04-06,0.012206833311881504,0.012206833311881504,0.01244083948524034,0.0070691113544670316,0.0,0.00966248634730457,0.0,0.0,0.0,0.0,0.0,0.0,0.0,0.0
2012-04-13,-0.011905258633367633,-0.012973746845658793,-0.013099987885942155,-0.01555071285913393,0.0,-0.011566837955733239,0.0,0.0,0.0,0.0,0.0,0.0,0.0,0.0
2012-04-20,0.005485870529294995,0.005485870529294995,0.005405930134009361,0.007248256099592729,0.0,-0.008009750244277698,0.0,0.0,0.0,0.0,0.0,0.0,0.0,0.0
2012-04-27,0.013897631552159413,0.012510530932734111,0.012492510344685667,0.01773951270590449,0.0,0.015169718654392273,0.0,0.0,0.0,0.0,0.0,0.0,0.0,0.0
2012-05-04,-0.0010472888815960685,-0.0010472888815960685,-0.000539299771036758,-0.0006595854215231958,0.0,-0.006061431950105322,0.0,0.0,0.0,0.0,0.0,0.0,0.0,0.0
2012-05-11,0.0168129895237465,0.016407367377176626,0.016473733460156806,0.020576295902866765,0.0,0.01726734433646883,0.0,0.0,0.0,0.0,0.0,0.0,0.0,0.0
2012-05-18,-0.018322926621604965,-0.018322926621604965,-0.018324811994473406,-0.01990760534670078,0.0,-0.020610720921028614,0.0,0.0,0.0,0.0,0.0,0.0,0.0,0.0
2012-05-25,0.014383455140596585,0.013931034834067253,0.013863461213921747,0.014226961831882354,0.0,0.014276203388970288,0.0,0.0,0.0,0.0,0.0,0.0,0.0,0.0
2012-06-01,1.6727798983111254e-05,1.6727798983111254e-05,-5.138053505230179e-05,-5.692060822880948e-05,0.0,-0.0028029698532213805,0.0,0.0,0.0,0.0,0.0,0.0,0.0,0.0
2012-06-08,0.005549682160804439,0.003810077056449114,0.0032810443702009345,0.003923949268248608,0.0,0.006028348421034102,0.0,0.0,0.0,0.0,0.0,0.0,0.0,0.0
2012-06-15,-0.00077706976269744,-0.00077706976269744,-0.0007367991067170087,-0.0008839935088684606,0.0,-0.0017125623030390595,0.0,0.0,0.0,0.0,0.0,0.0,0.0,0.0
2012-06-22,0.009059292249401349,0.007576075272417757,0.00773437904902988,0.009499569229587005,0.0,0.009794230339199812,0.0,0.0,0.0,0.0,0.0,0.0,0.0,0.0
2012-06-29,-0.006530248922486682,-0.006530248922486682,-0.006297748637210942,-0.0074881738204138,0.0,-0.006758257759114749,0.0,0.0,0.0,0.0,0.0,0.0,0.0,0.0
2012-07-06,-0.009425466324842573,-0.009827667531349473,-0.009811761651101572,-0.011289931325909996,0.0,-0.012336595583015688,0.0,0.0,0.0,0.0,0.0,0.0,0.0,0.0
2012-07-13,-0.02487394817884759,-0.02487394817884759,-0.024385872856560516,-0.029384272154077094,0.0,-0.02050705181669272,0.0,0.0,0.0,0.0,0.0,0.0,0.0,0.0
2012-07-20,0.006594372552756123,0.004798225539889602,0.004493738536667743,0.004261579036447105,0.0,0.005166432478571901,0.0,0.0,0.0,0.0,0.0,0.0,0.0,0.0
2012-07-27,-0.019618569251809846,-0.019618569251809846,-0.01915038266515408,-0.019750923443013078,0.0,0.021007516507698,0.0,0.0,0.0,0.0,0.0,0.0,0.0,0.0
2012-08-03,0.01074724471353335,0.009387020581029755,0.00949721908111842,0.009128020395271875,0.0,0.009417317256018472,0.0,0.0,0.0,0.0,0.0,0.0,0.0,0.0
2012-08-10,-0.01565031231514127,-0.01565031231514127,-0.014808917247257995,-0.015697160738344564,0.0,-0.02992158974704997,0.0,0.0,0.0,0.0,0.0,0.0,0.0,0.0
2012-08-17,0.007653065313395506,0.0062195050989949634,0.006695427339396398,0.007436855678868722,0.0,0.007366251823927771,0.0,0.0,0.0,0.0,0.0,0.0,0.0,0.0
2012-08-24,-0.011940650228598217,-0.011940650228598217,-0.0118440511287892,-0.013656379175668719,0.0,-0.012254541176732029,0.0,0.0,0.0,0.0,0.0,0.0,0.0,0.0
2012-08-31,-9.418398379121065e-05,-0.0020152789639620414,-0.0023699492298281705,-0.002436114806688878,0.0,-0.0023820365338348614,0.0,0.0,0.0,0.0,0.0,0.0,0.0,0.0
2012-09-07,-0.02806542509865852,-0.02806542509865852,-0.027194353886433275,-0.0315699486372743,0.0,-0.026923113474359193,0.0,0.0,0.0,0.0,0.0,0.0,0.0,0.0
2012-09-14,0.0034606407018090723,0.001509414869640875,0.001569326383911624,0.001597577634428221,0.0,0.0,0.0,0.0,0.0,0.0,0.0,0.0,0.0,0.0
2012-09-21,-0.02113348719674168,-0.02113348719674168,-0.020869994946830943,-0.02217230590585575,0.0,0.0,0.0,0.0,0.0,0.0,0.0,0.0,0.0,0.0
2012-09-28,0.02213899115892976,0.020489969442473353,0.02050090652761685,0.021056839816965295,0.0,0.0,0.0,0.0,0.0,0.0,0.0,0.0,0.0,0.0
2012-10-05,-0.010776199511639863,-0.010776199511639863,-0.01024803141019767,-0.0088555967034568,0.0,0.0,0.0,0.0,0.0,0.0,0.0,0.0,0.0,0.0
2012-10-12,-0.013221005481158307,-0.013357252980821216,-0.013181257709722291,-0.01246532920542013,0.0,0.0,0.0,0.0,0.0,0.0,0.0,0.0,0.0,0.0
2012-10-19,-0.002221169175978573,-0.002221169175978573,-0.002259013316490452,-0.0021707183384321207,0.0,0.0,0.0,0.0,0.0,0.0,0.0,0.0,0.0,0.0
2012-10-26,-0.015944352586153693,-0.016136810319161372,-0.016228417703883634,-0.01610300967625803,0.0,0.0,0.0,0.0,0.0,0.0,0.0,0.0,0.0,0.0
2012-11-02,-0.0028555692415248458,-0.0028555692415248458,-0.0027393765632308742,-0.002822650665349999,0.0,0.0,0.0,0.0,0.0,0.0,0.0,0.0,0.0,0.0
2012-11-09,-0.007844400246465134,-0.00983483674332215,-0.009377627763308818,-0.009689635654258429,0.0,0.0,0.0,0.0,0.0,0.0,0.0,0.0,0.0,0.0
2012-11-16,0.009194109599054525,0.009194109599054525,0.008277315718012138,0.009110667543113809,0.0,0.0,0.0,0.0,0.0,0.0,0.0,0.0,0.0,0.0
2012-11-23,0.013657055452019194,0.011657055452019194,0.011365290002855803,0.011892590273344562,0.0,0.0,0.0,0.0,0.0,0.0,0.0,0.0,0.0,0.0
2012-11-30,0.028438504116326056,0.028438504116326056,0.027473460604202315,0.02674003315852586,0.0,0.0,0.0,0.0,0.0,0.0,0.0,0.0,0.0,0.0
2012-12-07,0.016021739432775347,0.01584627817213526,0.015652546451206336,0.015108154887920326,0.0,0.0,0.0,0.0,0.0,0.0,0.0,0.0,0.0,0.0
2012-12-14,-0.006912687043451619,-0.006912687043451619,-0.007130408850125826,-0.006598569133125825,0.0,0.0,0.0,0.0,0.0,0.0,0.0,0.0,0.0,0.0
2012-12-21,-0.02114785123273315,-0.02314785123273315,-0.02259192570823133,-0.023084192786212536,0.0,0.0,0.0,0.0,0.0,0.0,0.0,0.0,0.0,0.0
2012-12-28,-0.0001404050107975065,-0.0001404050107975065,-0.0003013233203979076,-0.00030091638640246556,0.0,0.0,0.0,0.0,0.0,0.0,0.0,0.0,0.0,0.0
2013-01-04,-0.0013322984162039734,-0.0018602196149603847,-0.002287982811844588,-0.002308365536734432,0.0,0.0,0.0,0.0,0.0,0.0,0.0,0.0,0.0,0.0
2013-01-11,-0.011722864760846836,-0.011722864760846836,-0.011959810177310721,-0.012491465825432464,0.0,0.0,0.0,0.0,0.0,0.0,0.0,0.0,0.0,0.0
2013-01-18,0.014417473609264986,0.012431838028264582,0.011960368559883408,0.012114038354255743,0.0,0.0,0.0,0.0,0.0,0.0,0.0,0.0,0.0,0.0
2013-01-25,-0.022482893505941806,-0.022482893505941806,-0.021933948404809833,-0.022840241848907584,0.0,0.0,0.0,0.0,0.0,0.0,0.0,0.0,0.0,0.0
2013-02-01,-0.0074750180066982036,-0.007693584383029798,-0.00710803142259321,-0.0066248586335864125,0.0,0.0,0.0,0.0,0.0,0.0,0.0,0.0,0.0,0.0
2013-02-08,-0.012238670429097796,-0.012238670429097796,-0.012254009387369216,-0.011505165404881976,0.0,0.0,0.0,0.0,0.0,0.0,0.0,0.0,0.0,0.0
2013-02-15,0.015101991305403142,0.014510441312606105,0.015208536639002679,0.01420124414364577,0.0,0.0,0.0,0.0,0.0,0.0,0.0,0.0,0.0,0.0
2013-02-22,0.018639429292873173,0.018639429292873173,0.018509010947451148,0.017106084475300286,0.0,0.0,0.0,0.0,0.0,0.0,0.0,0.0,0.0,0.0
2013-03-01,0.0029000209483421905,0.0025356386609373636,0.0025659654555085223,0.0026066750251259353,0.0,0.0,0.0,0.0,0.0,0.0,0.0,0.0,0.0,0.0
2013-03-08,0.03622914909292069,0.03622914909292069,0.03601783295351738,0.03916077350082034,0.0,0.0,0.0,0.0,0.0,0.0,0.0,0.0,0.0,0.0
2013-03-15,-0.010082977167548484,-0.012043618646720615,-0.011738222388111534,-0.00981232379354277,0.0,0.0,0.0,0.0,0.0,0.0,0.0,0.0,0.0,0.0
2013-03-22,-0.0052397241860471025,-0.0052397241860471025,-0.004931738593988607,-0.0042509602389253906,0.0,0.0,0.0,0.0,0.0,0.0,0.0,0.0,0.0,0.0
2013-03-29,0.058906364277445736,0.05693110286115381,0.0555855826494614,0.04741740616536693,0.0,0.0,0.0,0.0,0.0,0.0,0.0,0.0,0.0,0.0
2013-04-05,0.021665408248907513,0.021665408248907513,0.02015099235618087,0.013628476092384111,0.0,0.0,0.0,0.0,0.0,0.0,0.0,0.0,0.0,0.0
2013-04-12,0.0638562640131001,0.06364456370245498,0.06207869873160913,0.04328981030364654,0.0,0.0,0.0,0.0,0.0,0.0,0.0,0.0,0.0,0.0
2013-04-19,0.029859519111984544,0.029859519111984544,0.030285444540868154,0.018929375467331092,0.0,0.0,0.0,0.0,0.0,0.0,0.0,0.0,0.0,0.0
2013-04-26,-0.004075670896251664,-0.004314497250251649,-0.004623555871435556,-0.003282091936937497,0.0,0.0,0.0,0.0,0.0,0.0,0.0,0.0,0.0,0.0
2013-05-03,0.0060566355880449065,0.0060566355880449065,0.006221902174615139,0.0043969227588157005,0.0,0.0,0.0,0.0,0.0,0.0,0.0,0.0,0.0,0.0
2013-05-10,0.003271423560716108,0.0012778119694224804,0.0010713168862920884,0.00033092092195201187,0.0,0.0,0.0,0.0,0.0,0.0,0.0,0.0,0.0,0.0
2013-05-17,-0.041993810097290765,-0.041993810097290765,-0.04148314355265222,-0.030570678961752817,0.0,0.0,0.0,0.0,0.0,0.0,0.0,0.0,0.0,0.0
2013-05-24,0.01336902367887561,0.013015615388180168,0.012305720531569876,0.0074847180757806695,0.0,0.0,0.0,0.0,0.0,0.0,0.0,0.0,0.0,0.0
2013-05-31,0.009676360906907136,0.009676360906907136,0.010440521423992332,0.006476565349456691,0.0,0.0,0.0,0.0,0.0,0.0,0.0,0.0,0.0,0.0
2013-06-07,0.004565611179472603,0.004168975941762727,0.003762945239362168,0.0024250113768111295,0.0,0.0,0.0,0.0,0.0,0.0,0.0,0.0,0.0,0.0
2013-06-14,-0.0015165443464181933,-0.0015165443464181933,-0.0016833342450682236,-0.0011657299794360049,0.0,0.0,0.0,0.0,0.0,0.0,0.0,0.0,0.0,0.0
2013-06-21,-0.004407707871120377,-0.006382914562156483,-0.005966541978118379,-0.004744586330621641,0.0,0.0,0.0,0.0,0.0,0.0,0.0,0.0,0.0,0.0
2013-06-28,0.007045465570276721,0.007045465570276721,0.006493044346971943,0.005481559612106397,0.0,0.0,0.0,0.0,0.0,0.0,0.0,0.0,0.0,0.0
2013-07-05,0.008987384581184223,0.00881912638675071,0.008724986262777748,0.007444358184593006,0.0,0.0,0.0,0.0,0.0,0.0,0.0,0.0,0.0,0.0
2013-07-12,0.022001299436744212,0.022001299436744212,0.02145544273748507,0.02642132013577283,0.0,0.0,0.0,0.0,0.0,0.0,0.0,0.0,0.0,0.0
2013-07-19,-0.004985901930564933,-0.005064265398643583,-0.004638370462748684,-0.005187294274036764,0.0,0.0,0.0,0.0,0.0,0.0,0.0,0.0,0.0,0.0
2013-07-26,-0.011519212480923522,-0.011519212480923522,-0.011406875965711142,-0.012696318538288724,0.0,0.0,0.0,0.0,0.0,0.0,0.0,0.0,0.0,0.0
2013-08-02,-0.0035389448998964434,-0.003794312090042717,-0.003239319002263839,-0.0034381988349754264,0.0,0.0,0.0,0.0,0.0,0.0,0.0,0.0,0.0,0.0
2013-08-09,-0.0007209911134079655,-0.0007209911134079655,7.02392296244373e-05,7.460690571106592e-05,0.0,0.0,0.0,0.0,0.0,0.0,0.0,0.0,0.0,0.0
2013-08-16,-0.0019870487085575568,-0.0029868418771469944,-0.0025352670391923567,-0.0032939847408549093,0.0,0.0,0.0,0.0,0.0,0.0,0.0,0.0,0.0,0.0
2013-08-23,-0.01957775193284295,-0.01957775193284295,-0.01973279581709975,-0.029399309076266405,0.0,0.0,0.0,0.0,0.0,0.0,0.0,0.0,0.0,0.0
2013-08-30,0.00833950352700924,0.006383573789068828,0.006030741347404533,0.006932276258842282,0.0,0.0,0.0,0.0,0.0,0.0,0.0,0.0,0.0,0.0
2013-09-06,-0.00018613817115932014,-0.00018613817115932014,-9.945321287083942e-05,-0.00010916845336568601,0.0,0.0,0.0,0.0,0.0,0.0,0.0,0.0,0.0,0.0
2013-09-13,-0.00505878313668106,-0.005189974403799027,-0.0056640573864446125,-0.006205891763723748,0.0,0.0,0.0,0.0,0.0,0.0,0.0,0.0,0.0,0.0
2013-09-20,0.011772431966585685,0.011772431966585685,0.012044970726168933,0.013174477916846845,0.0,0.0,0.0,0.0,0.0,0.0,0.0,0.0,0.0,0.0
2013-09-27,0.011007996692515417,0.00912700473656686,0.008987769839228579,0.009549689572342077,0.0,0.0,0.0,0.0,0.0,0.0,0.0,0.0,0.0,0.0
2013-10-04,0.012756358515439686,0.012756358515439686,0.012075665030706308,0.0125897491512564,0.0,0.0,0.0,0.0,0.0,0.0,0.0,0.0,0.0,0.0
2013-10-11,0.002232390698455703,0.0013843105166594,0.001387627567933885,0.0018632046375061172,0.0,0.0,0.0,0.0,0.0,0.0,0.0,0.0,0.0,0.0
2013-10-18,0.02006251489337041,0.02006251489337041,0.01991579915824694,0.02428904048712291,0.0,0.0,0.0,0.0,0.0,0.0,0.0,0.0,0.0,0.0
2013-10-25,-0.007382301850413549,-0.009356451278428397,-0.008944330022812825,-0.009593997318740579,0.0,0.0,0.0,0.0,0.0,0.0,0.0,0.0,0.0,0.0
2013-11-01,-0.004417930812986595,-0.004417930812986595,-0.004435197480145134,-0.004720014067974394,0.0,0.0,0.0,0.0,0.0,0.0,0.0,0.0,0.0,0.0
2013-11-08,-0.013780105174866159,-0.015754926342820354,-0.01552243695077373,-0.016269963858146073,0.0,0.0,0.0,0.0,0.0,0.0,0.0,0.0,0.0,0.0
2013-11-15,0.0038939176816079365,0.0038939176816079365,0.0037474600322445198,0.0037165300863930984,0.0,0.0,0.0,0.0,0.0,0.0,0.0,0.0,0.0,0.0
2013-11-22,-0.010934825332593953,-0.01111529670862728,-0.011113283499395572,-0.01426744392162123,0.0,0.0,0.0,0.0,0.0,0.0,0.0,0.0,0.0,0.0
2013-11-29,0.012917745993076612,0.012917745993076612,0.013366283126807727,0.0158784014049112,0.0,0.0,0.0,0.0,0.0,0.0,0.0,0.0,0.0,0.0
2013-12-06,0.018343784177900366,0.01760366471315674,0.017806829054972703,0.020087685523758763,0.0,0.0,0.0,0.0,0.0,0.0,0.0,0.0,0.0,0.0
2013-12-13,-0.0005566995477827675,-0.0005566995477827675,-0.00015087777841088764,-0.0001618816837910247,0.0,0.0,0.0,0.0,0.0,0.0,0.0,0.0,0.0,0.0
2013-12-20,0.0031607573250839165,0.0016036640999657517,0.0010513174055980388,0.0012834713067942408,0.0,0.0,0.0,0.0,0.0,0.0,0.0,0.0,0.0,0.0
2013-12-27,-0.006814941742102365,-0.006814941742102365,-0.006680242521962219,-0.0073518212637883685,0.0,0.0,0.0,0.0,0.0,0.0,0.0,0.0,0.0,0.0
2014-01-03,0.011337032004848828,0.01089209975211523,0.010689883792636624,0.011880726758278922,0.0,0.0,0.0,0.0,0.0,0.0,0.0,0.0,0.0,0.0
2014-01-10,-0.004620625515376091,-0.004620625515376091,-0.004358468839132508,-0.0046961555180165026,0.0,0.0,0.0,0.0,0.0,0.0,0.0,0.0,0.0,0.0
2014-01-17,-0.007266789076346425,-0.009256349366242176,-0.008834843904465019,-0.010586462549036956,0.0,0.0,0.0,0.0,0.0,0.0,0.0,0.0,0.0,0.0
2014-01-24,-0.004501542236578872,-0.004501542236578872,-0.004491563116771705,-0.005592120054240031,0.0,0.0,0.0,0.0,0.0,0.0,0.0,0.0,0.0,0.0
2014-01-31,0.02964678273487411,0.029402271970182976,0.028449981641714996,0.03537484921548331,0.0,0.0,0.0,0.0,0.0,0.0,0.0,0.0,0.0,0.0
2014-02-07,-0.003133848063770892,-0.003133848063770892,-0.0030977243423476178,-0.0030937370656128342,0.0,0.0,0.0,0.0,0.0,0.0,0.0,0.0,0.0,0.0
2014-02-14,-0.02007725146511593,-0.022050419045921612,-0.02116535542977531,-0.020961933324675996,0.0,0.0,0.0,0.0,0.0,0.0,0.0,0.0,0.0,0.0
2014-02-21,0.0048297429432276676,0.0048297429432276676,0.004891858137430936,0.004580045660906709,0.0,0.0,0.0,0.0,0.0,0.0,0.0,0.0,0.0,0.0
2014-02-28,0.025225627287450127,0.023250098868940416,0.022413835016546885,0.021691484793274568,0.0,0.0,0.0,0.0,0.0,0.0,0.0,0.0,0.0,0.0
2014-03-07,-0.0045460948907306625,-0.0045460948907306625,-0.004468312871889383,-0.0042823780286793,0.0,0.0,0.0,0.0,0.0,0.0,0.0,0.0,0.0,0.0
2014-03-14,0.010776886311292876,0.008777922850480702,0.008458969989418695,0.007963253532476622,0.0,0.0,0.0,0.0,0.0,0.0,0.0,0.0,0.0,0.0
2014-03-21,0.0008112992702020421,0.0008112992702020421,0.0007291982183156202,0.0006893192072774745,0.0,0.0,0.0,0.0,0.0,0.0,0.0,0.0,0.0,0.0
2014-03-28,-0.02151991847084146,-0.021570348736748124,-0.02096134933484057,-0.020180145448149726,0.0,0.0,0.0,0.0,0.0,0.0,0.0,0.0,0.0,0.0
2014-04-04,0.02138325842667753,0.02138325842667753,0.021293929020448753,0.019172463928789123,0.0,0.0,0.0,0.0,0.0,0.0,0.0,0.0,0.0,0.0
2014-04-11,0.004432707158925321,0.003990279322941638,0.004307420918408867,0.0036340400981798833,0.0,0.0,0.0,0.0,0.0,0.0,0.0,0.0,0.0,0.0
2014-04-18,0.004959649411276523,0.004959649411276523,0.005200905434911416,0.004587055969518458,0.0,0.0,0.0,0.0,0.0,0.0,0.0,0.0,0.0,0.0
2014-04-25,0.006690175665996082,0.0064697911467751935,0.006914746619974123,0.006170960356289773,0.0,0.0,0.0,0.0,0.0,0.0,0.0,0.0,0.0,0.0
2014-05-02,0.0077488670530865035,0.0077488670530865035,0.0073854876313990715,0.008278644841657195,0.0,0.0,0.0,0.0,0.0,0.0,0.0,0.0,0.0,0.0
2014-05-09,-0.017748685650277873,-0.01802817775519123,-0.01790457073446782,-0.019983215850862265,0.0,0.0,0.0,0.0,0.0,0.0,0.0,0.0,0.0,0.0
2014-05-16,0.008290360495667387,0.008290360495667387,0.00800859892375037,0.009063717619249,0.0,0.0,0.0,0.0,0.0,0.0,0.0,0.0,0.0,0.0
2014-05-23,-0.012558928057929119,-0.012638761819864822,-0.01260126438698603,-0.014114682706075276,0.0,0.0,0.0,0.0,0.0,0.0,0.0,0.0,0.0,0.0
2014-05-30,-0.011636901323899438,-0.011636901323899438,-0.011630061607050074,-0.013636593505263979,0.0,0.0,0.0,0.0,0.0,0.0,0.0,0.0,0.0,0.0
2014-06-06,-0.0014191842895823004,-0.003413150440076839,-0.003368745705301648,-0.003539545263365332,0.0,0.0,0.0,0.0,0.0,0.0,0.0,0.0,0.0,0.0
2014-06-13,-0.014607234593926061,-0.014607234593926061,-0.014343348870719261,-0.016412561737940624,0.0,0.0,0.0,0.0,0.0,0.0,0.0,0.0,0.0,0.0
2014-06-20,-0.002372877382521426,-0.0043673829170919444,-0.004636675232881218,-0.0048743039987195445,0.0,0.0,0.0,0.0,0.0,0.0,0.0,0.0,0.0,0.0
2014-06-27,-0.0064700930107090375,-0.0064700930107090375,-0.006278117185282612,-0.007443417909959257,0.0,0.0,0.0,0.0,0.0,0.0,0.0,0.0,0.0,0.0
2014-07-04,0.0065544239199475645,0.004565173655539819,0.004595621893751195,0.007211976426220801,0.0,0.0,0.0,0.0,0.0,0.0,0.0,0.0,0.0,0.0
2014-07-11,0.004314187214657872,0.004314187214657872,0.004102299057275055,0.005594220371360661,0.0,0.0,0.0,0.0,0.0,0.0,0.0,0.0,0.0,0.0
2014-07-18,0.01242624998642127,0.012320166800682044,0.012768308887032863,0.01731477502638135,0.0,0.0,0.0,0.0,0.0,0.0,0.0,0.0,0.0,0.0
2014-07-25,-0.0008763956519015091,-0.0008763956519015091,-0.001109824753174945,-0.0013365676061972767,0.0,0.0,0.0,0.0,0.0,0.0,0.0,0.0,0.0,0.0
2014-08-01,-0.009491791666122237,-0.01142499330990068,-0.011187200132604963,-0.013561306219831818,0.0,0.0,0.0,0.0,0.0,0.0,0.0,0.0,0.0,0.0
2014-08-08,-0.0038001418100274483,-0.0038001418100274483,-0.0032357077806448717,-0.0043264393848451346,0.0,0.0,0.0,0.0,0.0,0.0,0.0,0.0,0.0,0.0
2014-08-15,-0.0004874041139447064,-0.000782343202765828,-0.001442337210658943,-0.0019530086391372607,0.0,0.0,0.0,0.0,0.0,0.0,0.0,0.0,0.0,0.0
2014-08-22,0.004779380771850818,0.004779380771850818,0.004992558035578228,0.0074929923884741925,0.0,0.0,0.0,0.0,0.0,0.0,0.0,0.0,0.0,0.0
2014-08-29,0.0012220186803065624,0.0006282483495623716,0.0011386579774192488,0.00203977914603456,0.0,0.0,0.0,0.0,0.0,0.0,0.0,0.0,0.0,0.0
2014-09-05,0.005205827242396434,0.005205827242396434,0.005050448599974539,0.007705323082228464,0.0,0.0,0.0,0.0,0.0,0.0,0.0,0.0,0.0,0.0
2014-09-12,0.0012523217175085533,-0.0007175512512367014,-0.0010366773328106796,-0.00039498523794596896,0.0,0.0,0.0,0.0,0.0,0.0,0.0,0.0,0.0,0.0
2014-09-19,-0.002831489043121796,-0.002831489043121796,-0.0026030669144424005,-0.004601385640743995,0.0,0.0,0.0,0.0,0.0,0.0,0.0,0.0,0.0,0.0
2014-09-26,-0.0026645801935091264,-0.003712579678742704,-0.0037985208841215734,-0.006115877476169733,0.0,0.0,0.0,0.0,0.0,0.0,0.0,0.0,0.0,0.0
2014-10-03,-0.0022302176701007198,-0.0022302176701007198,-0.0027097660832791286,-0.00487641829942387,0.0,0.0,0.0,0.0,0.0,0.0,0.0,0.0,0.0,0.0
2014-10-10,0.021668061489795575,0.020564868760005243,0.02048058082791501,0.03775534053074822,0.0,0.0,0.0,0.0,0.0,0.0,0.0,0.0,0.0,0.0
2014-10-17,-0.017409112715611068,-0.017409112715611068,-0.01713180326046801,-0.019347502778251847,0.0,0.0,0.0,0.0,0.0,0.0,0.0,0.0,0.0,0.0
2014-10-24,-0.020547596824115534,-0.022518845594159377,-0.0220619597118194,-0.02250919602849288,0.0,0.0,0.0,0.0,0.0,0.0,0.0,0.0,0.0,0.0
2014-10-31,-0.004294955933708218,-0.004294955933708218,-0.0037288366790154577,-0.0035653151568597495,0.0,0.0,0.0,0.0,0.0,0.0,0.0,0.0,0.0,0.0
2014-11-07,-0.007752174247463041,-0.008767083141112663,-0.009052703895939648,-0.008705541603833855,0.0,0.0,0.0,0.0,0.0,0.0,0.0,0.0,0.0,0.0
2014-11-14,-0.03432040691414538,-0.03432040691414538,-0.033866925223984004,-0.03204174073335328,0.0,0.0,0.0,0.0,0.0,0.0,0.0,0.0,0.0,0.0
2014-11-21,-0.00211307838753565,-0.003110044926249696,-0.002652914304839446,-0.002364248059435087,0.0,0.0,0.0,0.0,0.0,0.0,0.0,0.0,0.0,0.0
2014-11-28,0.003144358563937517,0.003144358563937517,0.0031714176447211312,0.002660790324368167,0.0,0.0,0.0,0.0,0.0,0.0,0.0,0.0,0.0,0.0
2014-12-05,0.0020948928400073394,9.612496401333612e-05,0.00013531149605273767,-0.00017077524431654482,0.0,0.0,0.0,0.0,0.0,0.0,0.0,0.0,0.0,0.0
2014-12-12,0.007902006599689745,0.007902006599689745,0.007754651383075036,0.006609513432059919,0.0,0.0,0.0,0.0,0.0,0.0,0.0,0.0,0.0,0.0
2014-12-19,0.012990997717611119,0.012775409141280964,0.012133441528262817,0.010107103846964303,0.0,0.0,0.0,0.0,0.0,0.0,0.0,0.0,0.0,0.0
2014-12-26,-0.0038005773342355514,-0.0038005773342355514,-0.004017063384289312,-0.003265002147067322,0.0,0.0,0.0,0.0,0.0,0.0,0.0,0.0,0.0,0.0
2015-01-02,-0.0020405720917849243,-0.0023695005708504603,-0.0020568111935745,-0.0017213951622113235,0.0,0.0,0.0,0.0,0.0,0.0,0.0,0.0,0.0,0.0
2015-01-09,0.01041972699269624,0.01041972699269624,0.01021413741657841,0.011872219196425242,0.0,0.0,0.0,0.0,0.0,0.0,0.0,0.0,0.0,0.0
2015-01-16,0.012490016762793607,0.01222254576740745,0.013050331159671663,0.014887304520865001,0.0,0.0,0.0,0.0,0.0,0.0,0.0,0.0,0.0,0.0
2015-01-23,-0.013745587745307241,-0.013745587745307241,-0.01339534544900952,-0.01585508255893967,0.0,0.0,0.0,0.0,0.0,0.0,0.0,0.0,0.0,0.0
2015-01-30,-0.03532734365485571,-0.037324803087044035,-0.03637257578787144,-0.040276772669896106,0.0,0.0,0.0,0.0,0.0,0.0,0.0,0.0,0.0,0.0
2015-02-06,0.04484285813388541,0.04484285813388541,0.043819766395023996,0.03703685966659497,0.0,0.0,0.0,0.0,0.0,0.0,0.0,0.0,0.0,0.0
2015-02-13,0.004326229280990218,0.004130144464248867,0.004230189125438041,0.0032875235359273902,0.0,0.0,0.0,0.0,0.0,0.0,0.0,0.0,0.0,0.0
2015-02-20,0.02132850302632099,0.02132850302632099,0.02146072423461423,0.016874623894890556,0.0,0.0,0.0,0.0,0.0,0.0,0.0,0.0,0.0,0.0
2015-02-27,-0.001263092366528647,-0.003227481823524939,-0.0034423635959606393,-0.0030851228108058283,0.0,0.0,0.0,0.0,0.0,0.0,0.0,0.0,0.0,0.0
2015-03-06,0.016609172086341783,0.016609172086341783,0.016082722626484563,0.012274758500886012,0.0,0.0,0.0,0.0,0.0,0.0,0.0,0.0,0.0,0.0
2015-03-13,0.008963518989357452,0.006963518989357452,0.006812307316539574,0.004683536042104727,0.0,0.0,0.0,0.0,0.0,0.0,0.0,0.0,0.0,0.0
2015-03-20,-0.0006013672031806059,-0.0006013672031806059,-0.0007339998769274009,-0.0005584283342800973,0.0,0.0,0.0,0.0,0.0,0.0,0.0,0.0,0.0,0.0
2015-03-27,0.021133937989520468,0.019154496615440494,0.018901035243879285,0.013978660052006152,0.0,0.0,0.0,0.0,0.0,0.0,0.0,0.0,0.0,0.0
2015-04-03,0.0036786653004477793,0.0036786653004477793,0.0036774595888828666,0.002783462288582165,0.0,0.0,0.0,0.0,0.0,0.0,0.0,0.0,0.0,0.0
2015-04-10,-0.016866888802387264,-0.018855955617205475,-0.018380465292130582,-0.014465529235827989,0.0,0.0,0.0,0.0,0.0,0.0,0.0,0.0,0.0,0.0
2015-04-17,0.028876256383539155,0.028876256383539155,0.02783343998972393,0.02084972586295133,0.0,0.0,0.0,0.0,0.0,0.0,0.0,0.0,0.0,0.0
2015-04-24,-0.012340472296433876,-0.01277095089845039,-0.01287977921603212,-0.00977910307150624,0.0,0.0,0.0,0.0,0.0,0.0,0.0,0.0,0.0,0.0
2015-05-01,0.010382125995264087,0.010382125995264087,0.009860174126039354,0.010084574578889005,0.0,0.0,0.0,0.0,0.0,0.0,0.0,0.0,0.0,0.0
2015-05-08,0.004513600196994587,0.004370721411742349,0.0040610195440010525,0.005547341212430263,0.0,0.0,0.0,0.0,0.0,0.0,0.0,0.0,0.0,0.0
2015-05-15,-0.01179714464246149,-0.01179714464246149,-0.010830342236932694,-0.01471280810843916,0.0,0.0,0.0,0.0,0.0,0.0,0.0,0.0,0.0,0.0
2015-05-22,0.014197886396915316,0.012202964472348164,0.012124765268441924,0.016052263170870495,0.0,0.0,0.0,0.0,0.0,0.0,0.0,0.0,0.0,0.0
2015-05-29,-0.006772272567521193,-0.006772272567521193,-0.006763806765929726,-0.008279168798088323,0.0,0.0,0.0,0.0,0.0,0.0,0.0,0.0,0.0,0.0
2015-06-05,0.0026110334741509325,0.0022385563453647746,0.002320252044230471,0.0028667158781241395,0.0,0.0,0.0,0.0,0.0,0.0,0.0,0.0,0.0,0.0
2015-06-12,0.00898343402107765,0.00898343402107765,0.009035909676658963,0.010930797964063972,0.0,0.0,0.0,0.0,0.0,0.0,0.0,0.0,0.0,0.0
2015-06-19,0.027564648253921995,0.027270620422374055,0.02703803287178457,0.03213070147820941,0.0,0.0,0.0,0.0,0.0,0.0,0.0,0.0,0.0,0.0
2015-06-26,0.009174820997362906,0.009174820997362906,0.0085290130133551,0.008470833020422322,0.0,0.0,0.0,0.0,0.0,0.0,0.0,0.0,0.0,0.0
2015-07-03,0.0066871861298822425,0.00625174477692603,0.006322518824251529,0.006262424596601873,0.0,0.0,0.0,0.0,0.0,0.0,0.0,0.0,0.0,0.0
2015-07-10,0.02788302545403196,0.02788302545403196,0.028290578343625396,0.03087481336843031,0.0,0.0,0.0,0.0,0.0,0.0,0.0,0.0,0.0,0.0
2015-07-17,0.026809200070152382,0.02636902517205834,0.025782157334365126,0.025750215724360256,0.0,0.0,0.0,0.0,0.0,0.0,0.0,0.0,0.0,0.0
2015-07-24,0.026031566150593304,0.026031566150593304,0.025485437316696665,0.02586772036738798,0.0,0.0,0.0,0.0,0.0,0.0,0.0,0.0,0.0,0.0
2015-07-31,0.026868082585727728,0.026638365930821466,0.026332193015007947,0.025522802457585387,0.0,0.0,0.0,0.0,0.0,0.0,0.0,0.0,0.0,0.0
2015-08-07,0.01120026742406626,0.01120026742406626,0.011290933876297043,0.010697748182595323,0.0,0.0,0.0,0.0,0.0,0.0,0.0,0.0,0.0,0.0
2015-08-14,-0.02643158368362144,-0.02835759773560243,-0.02735002401977728,-0.031298025102276715,0.0,0.0,0.0,0.0,0.0,0.0,0.0,0.0,0.0,0.0
2015-08-21,0.00923423318859824,0.00923423318859824,0.008933012051972724,0.007015235434338474,0.0,0.0,0.0,0.0,0.0,0.0,0.0,0.0,0.0,0.0
2015-08-28,-0.0065748419847367345,-0.008321583451815452,-0.008377124895659597,-0.007242936564393027,0.0,0.0,0.0,0.0,0.0,0.0,0.0,0.0,0.0,0.0
2015-09-04,0.00713497336632829,0.00713497336632829,0.0069719189122387755,0.005548395560436361,0.0,0.0,0.0,0.0,0.0,0.0,0.0,0.0,0.0,0.0
2015-09-11,0.03745322457058349,0.03557196222368914,0.03474198859914422,0.02712631444946692,0.0,0.0,0.0,0.0,0.0,0.0,0.0,0.0,0.0,0.0
2015-09-18,0.023271734278104188,0.023271734278104188,0.023129118972778796,0.01877947379403615,0.0,0.0,0.0,0.0,0.0,0.0,0.0,0.0,0.0,0.0
2015-09-25,0.030788273428480676,0.028805552419075432,0.027644415564350266,0.02194274469637101,0.0,0.0,0.0,0.0,0.0,0.0,0.0,0.0,0.0,0.0
2015-10-02,0.004885895687454403,0.004885895687454403,0.00449904274645302,0.0036099532625268904,0.0,0.0,0.0,0.0,0.0,0.0,0.0,0.0,0.0,0.0
2015-10-09,0.05512366363476836,0.05312635870817196,0.051253653238800795,0.042465191543006674,0.0,0.0,0.0,0.0,0.0,0.0,0.0,0.0,0.0,0.0
2015-10-16,-0.00026449456120223767,-0.00026449456120223767,-0.0002100504895524895,-0.00015841092754656223,0.0,0.0,0.0,0.0,0.0,0.0,0.0,0.0,0.0,0.0
2015-10-23,-0.020181135146138528,-0.022142407559069797,-0.021434774776865773,-0.01676586828452455,0.0,0.0,0.0,0.0,0.0,0.0,0.0,0.0,0.0,0.0
2015-10-30,0.016483490638374298,0.016483490638374298,0.015526358534915631,0.011325160546643013,0.0,0.0,0.0,0.0,0.0,0.0,0.0,0.0,0.0,0.0
2015-11-06,0.002627138209216919,0.0025314433943248392,0.0028982802195260207,0.002092190667847093,0.0,0.0,0.0,0.0,0.0,0.0,0.0,0.0,0.0,0.0
2015-11-13,-0.0054237118377388465,-0.0054237118377388465,-0.005830130742220566,-0.005277527103144043,0.0,0.0,0.0,0.0,0.0,0.0,0.0,0.0,0.0,0.0
2015-11-20,-0.0063452415825239784,-0.006674032362205604,-0.006749092820972499,-0.005938984439546648,0.0,0.0,0.0,0.0,0.0,0.0,0.0,0.0,0.0,0.0
2015-11-27,0.002491809442491706,0.002491809442491706,0.002890117280901252,0.002543453676608418,0.0,0.0,0.0,0.0,0.0,0.0,0.0,0.0,0.0,0.0
2015-12-04,-0.0223027706134929,-0.02261045203867214,-0.02241474123155568,-0.019664860543745208,0.0,0.0,0.0,0.0,0.0,0.0,0.0,0.0,0.0,0.0
2015-12-11,-0.006439092557263183,-0.006439092557263183,-0.006599672457897847,-0.005545127733459118,0.0,0.0,0.0,0.0,0.0,0.0,0.0,0.0,0.0,0.0
2015-12-18,0.019450632207016105,0.01914789596163706,0.019525913092770443,0.01675566195926475,0.0,0.0,0.0,0.0,0.0,0.0,0.0,0.0,0.0,0.0
2015-12-25,-0.01954454342060327,-0.01954454342060327,-0.019372080881535365,-0.017151433889628604,0.0,0.0,0.0,0.0,0.0,0.0,0.0,0.0,0.0,0.0
2016-01-01,0.009428316355852642,0.007804335102538943,0.007605146836495184,0.006130136938860177,0.0,0.0,0.0,0.0,0.0,0.0,0.0,0.0,0.0,0.0
2016-01-08,-0.013257071312932887,-0.013257071312932887,-0.012829949951414168,-0.016299573757690252,0.0,0.0,0.0,0.0,0.0,0.0,0.0,0.0,0.0,0.0
2016-01-15,0.0031006478676573776,0.0014179356784352992,0.0014993967721024957,0.0021362879493267884,0.0,0.0,0.0,0.0,0.0,0.0,0.0,0.0,0.0,0.0
2016-01-22,-0.0009650388850586441,-0.0009650388850586441,-0.0008056166710636761,-0.001022390287464711,0.0,0.0,0.0,0.0,0.0,0.0,0.0,0.0,0.0,0.0
2016-01-29,0.024693353004653792,0.023748882724084465,0.02413113624178658,0.033329442216841386,0.0,0.0,0.0,0.0,0.0,0.0,0.0,0.0,0.0,0.0
2016-02-05,0.00874222743004156,0.00874222743004156,0.008633935317302726,0.008339793737693637,0.0,0.0,0.0,0.0,0.0,0.0,0.0,0.0,0.0,0.0
2016-02-12,-0.014739302581203331,-0.01673413197629305,-0.01637223321687059,-0.01574456383061559,0.0,0.0,0.0,0.0,0.0,0.0,0.0,0.0,0.0,0.0
2016-02-19,0.04343662590444233,0.04343662590444233,0.042741548013830476,0.03927664789125585,0.0,0.0,0.0,0.0,0.0,0.0,0.0,0.0,0.0,0.0
2016-02-26,-0.017422060578476627,-0.018077426933647445,-0.017923299641901536,-0.013446784143145752,0.0,0.0,0.0,0.0,0.0,0.0,0.0,0.0,0.0,0.0
2016-03-04,0.023485446970329216,0.023485446970329216,0.023360650311268112,0.01784726635594932,0.0,0.0,0.0,0.0,0.0,0.0,0.0,0.0,0.0,0.0
2016-03-11,0.024839887104627475,0.024308408987782866,0.02445948130842069,0.01834714610614216,0.0,0.0,0.0,0.0,0.0,0.0,0.0,0.0,0.0,0.0
2016-03-18,0.0016032110341141137,0.0016032110341141137,0.0018691863265006506,0.0014036515759531356,0.0,0.0,0.0,0.0,0.0,0.0,0.0,0.0,0.0,0.0
2016-03-25,-0.017632480659770404,-0.01770467650926654,-0.018027577749684425,-0.014485005164496335,0.0,0.0,0.0,0.0,0.0,0.0,0.0,0.0,0.0,0.0
2016-04-01,-0.004148469508144686,-0.004148469508144686,-0.003940442738380482,-0.002995546386445752,0.0,0.0,0.0,0.0,0.0,0.0,0.0,0.0,0.0,0.0
2016-04-08,-0.009208218180855833,-0.011184435187561896,-0.010790951469971046,-0.00903645832484982,0.0,0.0,0.0,0.0,0.0,0.0,0.0,0.0,0.0,0.0
2016-04-15,-0.0011724956025700784,-0.0011724956025700784,-0.000771958224788404,-0.000602213664275134,0.0,0.0,0.0,0.0,0.0,0.0,0.0,0.0,0.0,0.0
2016-04-22,0.052595242258905994,0.0506061327179405,0.04947447166497937,0.03819974076535052,0.0,0.0,0.0,0.0,0.0,0.0,0.0,0.0,0.0,0.0
2016-04-29,-0.0011096946888225507,-0.0011096946888225507,-0.0011809719275274375,-0.0008878685949342246,0.0,0.0,0.0,0.0,0.0,0.0,0.0,0.0,0.0,0.0
2016-05-06,-0.0020914624106649683,-0.004091462410664968,-0.004012685533465645,-0.003491416222725252,0.0,0.0,0.0,0.0,0.0,0.0,0.0,0.0,0.0,0.0
2016-05-13,0.009948669063036823,0.009948669063036823,0.009528805327951783,0.007481247054839312,0.0,0.0,0.0,0.0,0.0,0.0,0.0,0.0,0.0,0.0
2016-05-20,-0.01259299031839276,-0.012681275674404953,-0.01221053869935386,-0.01163142902810803,0.0,0.0,0.0,0.0,0.0,0.0,0.0,0.0,0.0,0.0
2016-05-27,-0.012844594836440047,-0.012844594836440047,-0.013216090784220008,-0.012730623804817631,0.0,0.0,0.0,0.0,0.0,0.0,0.0,0.0,0.0,0.0
2016-06-03,0.00637254072256625,0.0058984832373509,0.006085600843437862,0.005884638890536335,0.0,0.0,0.0,0.0,0.0,0.0,0.0,0.0,0.0,0.0
2016-06-10,-0.0019831552114930578,-0.0019831552114930578,-0.001984630718923016,-0.0020502976570537746,0.0,0.0,0.0,0.0,0.0,0.0,0.0,0.0,0.0,0.0
2016-06-17,-0.018970873015113444,-0.01942045579635892,-0.018803458095063463,-0.019415037027034125,0.0,0.0,0.0,0.0,0.0,0.0,0.0,0.0,0.0,0.0
2016-06-24,-0.012409535518765245,-0.012409535518765245,-0.01224846514419856,-0.012211453986834191,0.0,0.0,0.0,0.0,0.0,0.0,0.0,0.0,0.0,0.0
2016-07-01,0.054602709047015634,0.0544808224137361,0.0537028882361514,0.05225164567686244,0.0,0.0,0.0,0.0,0.0,0.0,0.0,0.0,0.0,0.0
2016-07-08,0.002063735628213148,0.002063735628213148,0.0018391130680734055,0.0012516461093962127,0.0,0.0,0.0,0.0,0.0,0.0,0.0,0.0,0.0,0.0
2016-07-15,-0.024109973944294445,-0.02424799356873168,-0.023853853252850325,-0.016282955757803887,0.0,0.0,0.0,0.0,0.0,0.0,0.0,0.0,0.0,0.0
2016-07-22,0.003506272150402328,0.003506272150402328,0.003433300447185027,0.002635440757142225,0.0,0.0,0.0,0.0,0.0,0.0,0.0,0.0,0.0,0.0
2016-07-29,-0.019729518492382008,-0.019850218513440144,-0.02002386008497139,-0.015364078621687637,0.0,0.0,0.0,0.0,0.0,0.0,0.0,0.0,0.0,0.0
2016-08-05,-0.03331057304242292,-0.03331057304242292,-0.033565993629906574,-0.025108314100999046,0.0,0.0,0.0,0.0,0.0,0.0,0.0,0.0,0.0,0.0
2016-08-12,0.009021533064669286,0.0070215330646692855,0.006528210922119346,0.004118665106005514,0.0,0.0,0.0,0.0,0.0,0.0,0.0,0.0,0.0,0.0
2016-08-19,0.04518093711758005,0.04518093711758005,0.0438742841747228,0.03141874604231142,0.0,0.0,0.0,0.0,0.0,0.0,0.0,0.0,0.0,0.0
2016-08-26,-0.018983070299533996,-0.019061320207555014,-0.018817833525240524,-0.012279775314779457,0.0,0.0,0.0,0.0,0.0,0.0,0.0,0.0,0.0,0.0
2016-09-02,0.009438152368516528,0.009438152368516528,0.009395509423982627,0.006060993300647368,0.0,0.0,0.0,0.0,0.0,0.0,0.0,0.0,0.0,0.0
2016-09-09,-0.01082786233196209,-0.01114957258554564,-0.01126393965406469,-0.0073401244101778665,0.0,0.0,0.0,0.0,0.0,0.0,0.0,0.0,0.0,0.0
2016-09-16,-0.012071594160033979,-0.012071594160033979,-0.012189092766326404,-0.008075129944192638,0.0,0.0,0.0,0.0,0.0,0.0,0.0,0.0,0.0,0.0
2016-09-23,-0.013511168260100341,-0.015451091269426398,-0.01481254948499455,-0.010533043253940482,0.0,0.0,0.0,0.0,0.0,0.0,0.0,0.0,0.0,0.0
2016-09-30,0.0012679267650121638,0.0012679267650121638,0.0012895043969475013,0.0012757777419127234,0.0,0.0,0.0,0.0,0.0,0.0,0.0,0.0,0.0,0.0
2016-10-07,0.013342685857048744,0.01135459387991415,0.011158893310816353,0.011019009750093211,0.0,0.0,0.0,0.0,0.0,0.0,0.0,0.0,0.0,0.0
2016-10-14,0.0045750408262920554,0.0045750408262920554,0.004694818208059011,0.0046257036083086085,0.0,0.0,0.0,0.0,0.0,0.0,0.0,0.0,0.0,0.0
2016-10-21,0.009842450344219789,0.007877324465568988,0.007018705144492569,0.0068480613797835994,0.0,0.0,0.0,0.0,0.0,0.0,0.0,0.0,0.0,0.0
2016-10-28,8.33180954419038e-06,8.33180954419038e-06,-7.9471906546719e-06,-8.060833169303901e-06,0.0,0.0,0.0,0.0,0.0,0.0,0.0,0.0,0.0,0.0
2016-11-04,-0.0030350239351230337,-0.0049887719916542304,-0.0049596333554132645,-0.005638096414486739,0.0,0.0,0.0,0.0,0.0,0.0,0.0,0.0,0.0,0.0
2016-11-11,0.02296387868050524,0.02296387868050524,0.02279756330277244,0.027356181525560273,0.0,0.0,0.0,0.0,0.0,0.0,0.0,0.0,0.0,0.0
2016-11-18,0.008381012666539745,0.00820096592773276,0.007820556446426286,0.010180026663578052,0.0,0.0,0.0,0.0,0.0,0.0,0.0,0.0,0.0,0.0
2016-11-25,-0.019741877405799673,-0.019741877405799673,-0.019167731275647505,-0.026198800310617956,0.0,0.0,0.0,0.0,0.0,0.0,0.0,0.0,0.0,0.0
2016-12-02,-0.013929200215930063,-0.01587981585934081,-0.015686238394023295,-0.016743916986328385,0.0,0.0,0.0,0.0,0.0,0.0,0.0,0.0,0.0,0.0
2016-12-09,-0.005304037525102304,-0.005304037525102304,-0.00494729472893424,-0.005049617186911054,0.0,0.0,0.0,0.0,0.0,0.0,0.0,0.0,0.0,0.0
2016-12-16,0.01766831561016917,0.0173945112427717,0.016327172534388354,0.016814958179125424,0.0,0.0,0.0,0.0,0.0,0.0,0.0,0.0,0.0,0.0
2016-12-23,0.00029979640798139315,0.00029979640798139315,7.286462153011737e-05,7.298392036090136e-05,0.0,0.0,0.0,0.0,0.0,0.0,0.0,0.0,0.0,0.0
2016-12-30,-0.005221335402713733,-0.005623097906343778,-0.005393258400094653,-0.005398019922275794,0.0,0.0,0.0,0.0,0.0,0.0,0.0,0.0,0.0,0.0
2017-01-06,-0.0014682247728658804,-0.0014682247728658804,-0.0018003163529786515,-0.0018223310213822212,0.0,0.0,0.0,0.0,0.0,0.0,0.0,0.0,0.0,0.0
2017-01-13,-0.01594236224546365,-0.016143269355477104,-0.01611983414194959,-0.016366268818013684,0.0,0.0,0.0,0.0,0.0,0.0,0.0,0.0,0.0,0.0
2017-01-20,-0.018025197856786027,-0.018025197856786027,-0.018213755354833754,-0.017801721333404536,0.0,0.0,0.0,0.0,0.0,0.0,0.0,0.0,0.0,0.0
2017-01-27,-0.005721604129799369,-0.005935329176188688,-0.006061330985532706,-0.005678175513618664,0.0,0.0,0.0,0.0,0.0,0.0,0.0,0.0,0.0,0.0
2017-02-03,-0.0024061420813830297,-0.0024061420813830297,-0.0029298046929590966,-0.0027398165321555973,0.0,0.0,0.0,0.0,0.0,0.0,0.0,0.0,0.0,0.0
2017-02-10,0.008930316566966811,0.00886509495772572,0.009294713116105744,0.011109657348827724,0.0,0.0,0.0,0.0,0.0,0.0,0.0,0.0,0.0,0.0
2017-02-17,-0.015127945205596925,-0.015127945205596925,-0.015168587716547484,-0.017942253945670568,0.0,0.0,0.0,0.0,0.0,0.0,0.0,0.0,0.0,0.0
2017-02-24,0.014085679994118711,0.013792842761167474,0.013632407883643253,0.017725223689133148,0.0,0.0,0.0,0.0,0.0,0.0,0.0,0.0,0.0,0.0
2017-03-03,0.004394009304597782,0.004394009304597782,0.00425840363064592,0.00501538579045287,0.0,0.0,0.0,0.0,0.0,0.0,0.0,0.0,0.0,0.0
2017-03-10,0.012260006529667312,0.010270559276618789,0.01017434126615368,0.01217530699953677,0.0,0.0,0.0,0.0,0.0,0.0,0.0,0.0,0.0,0.0
2017-03-17,-0.0004425661285829414,-0.0004425661285829414,-0.00048621664923336876,-0.0005931112807073441,0.0,0.0,0.0,0.0,0.0,0.0,0.0,0.0,0.0,0.0
2017-03-24,-0.017224697860945482,-0.017354023384663443,-0.01736863708037388,-0.021185109068752983,0.0,0.0,0.0,0.0,0.0,0.0,0.0,0.0,0.0,0.0
2017-03-31,0.0026676862105816258,0.0026676862105816258,0.002773144576102137,0.0030651686708075008,0.0,0.0,0.0,0.0,0.0,0.0,0.0,0.0,0.0,0.0
2017-04-07,-0.008802963364221596,-0.008886886465887164,-0.00862131803345681,-0.009436102950248958,0.0,0.0,0.0,0.0,0.0,0.0,0.0,0.0,0.0,0.0
2017-04-14,0.0037400416124598597,0.0037400416124598597,0.0037395717911380124,0.004258439875335836,0.0,0.0,0.0,0.0,0.0,0.0,0.0,0.0,0.0,0.0
2017-04-21,0.007134966532538932,0.0051416502278153736,0.0049256959420210765,0.006473686477714428,0.0,0.0,0.0,0.0,0.0,0.0,0.0,0.0,0.0,0.0
2017-04-28,-0.00840832383258083,-0.00840832383258083,-0.00812881210264198,-0.009941602123665785,0.0,0.0,0.0,0.0,0.0,0.0,0.0,0.0,0.0,0.0
2017-05-05,0.010944712257740083,0.008944712257740083,0.0088200037679328,0.010822331004414874,0.0,0.0,0.0,0.0,0.0,0.0,0.0,0.0,0.0,0.0
2017-05-12,-0.005319804174894637,-0.005319804174894637,-0.005133390907399551,-0.00610224115829601,0.0,0.0,0.0,0.0,0.0,0.0,0.0,0.0,0.0,0.0
2017-05-19,-0.028159828693994852,-0.028475713031842022,-0.028261369480416517,-0.037058120436274426,0.0,0.0,0.0,0.0,0.0,0.0,0.0,0.0,0.0,0.0
2017-05-26,-0.013696579095403677,-0.013696579095403677,-0.013727817306361283,-0.013881223708467503,0.0,0.0,0.0,0.0,0.0,0.0,0.0,0.0,0.0,0.0
2017-06-02,-0.008101878699208264,-0.010077706449480132,-0.009855860682272304,-0.00993751959808352,0.0,0.0,0.0,0.0,0.0,0.0,0.0,0.0,0.0,0.0
2017-06-09,-0.01359804593122937,-0.01359804593122937,-0.01304536489090279,-0.014212104149629366,0.0,0.0,0.0,0.0,0.0,0.0,0.0,0.0,0.0,0.0
2017-06-16,-0.01965932543988556,-0.021657851932489744,-0.020645629089896204,-0.022338228999126557,0.0,0.0,0.0,0.0,0.0,0.0,0.0,0.0,0.0,0.0
2017-06-23,-0.002820813857565801,-0.002820813857565801,-0.0027469272900316646,-0.0029712725126797394,0.0,0.0,0.0,0.0,0.0,0.0,0.0,0.0,0.0,0.0
2017-06-30,-0.005449714890492741,-0.007447961277156805,-0.006879453443090346,-0.0074293400444955734,0.0,0.0,0.0,0.0,0.0,0.0,0.0,0.0,0.0,0.0
2017-07-07,-0.016078652841705468,-0.016078652841705468,-0.015247420666516265,-0.016935427865328163,0.0,0.0,0.0,0.0,0.0,0.0,0.0,0.0,0.0,0.0
2017-07-14,-0.005156532145906891,-0.0071562592296421845,-0.006951416151288665,-0.007713951910198774,0.0,0.0,0.0,0.0,0.0,0.0,0.0,0.0,0.0,0.0
2017-07-21,0.006561561842085664,0.006561561842085664,0.006294219660926311,0.007942720667533787,0.0,0.0,0.0,0.0,0.0,0.0,0.0,0.0,0.0,0.0
2017-07-28,0.002954853338324133,0.0009548533383241333,0.0009776997024002517,0.00136290770831487,0.0,0.0,0.0,0.0,0.0,0.0,0.0,0.0,0.0,0.0
2017-08-04,0.002294738915207975,0.002294738915207975,0.0022615338407030536,0.002818646467280205,0.0,0.0,0.0,0.0,0.0,0.0,0.0,0.0,0.0,0.0
2017-08-11,0.007541039096144227,0.00554930395469183,0.005306526088991127,0.0066457527694928475,0.0,0.0,0.0,0.0,0.0,0.0,0.0,0.0,0.0,0.0
2017-08-18,0.006338903374464569,0.006338903374464569,0.006201544626971578,0.009281594662897043,0.0,0.0,0.0,0.0,0.0,0.0,0.0,0.0,0.0,0.0
2017-08-25,-0.0025000873655172465,-0.004350556383049022,-0.004183284545505633,-0.005146169691869149,0.0,0.0,0.0,0.0,0.0,0.0,0.0,0.0,0.0,0.0
2017-09-01,0.005447451091813593,0.005447451091813593,0.005149086241227563,0.007315080937892008,0.0,0.0,0.0,0.0,0.0,0.0,0.0,0.0,0.0,0.0
2017-09-08,-0.0030464353217613837,-0.0038106741939485846,-0.0040419443241469025,-0.005463285384325544,0.0,0.0,0.0,0.0,0.0,0.0,0.0,0.0,0.0,0.0
2017-09-15,-0.008749759315744376,-0.008749759315744376,-0.008429166403602265,-0.015148036633017612,0.0,0.0,0.0,0.0,0.0,0.0,0.0,0.0,0.0,0.0
2017-09-22,0.0117733639722911,0.009825942918391416,0.009953719729812183,0.017050326203189883,0.0,0.0,0.0,0.0,0.0,0.0,0.0,0.0,0.0,0.0
2017-09-29,0.005460054653796093,0.005460054653796093,0.005047648809341501,0.007061301555426059,0.0,0.0,0.0,0.0,0.0,0.0,0.0,0.0,0.0,0.0
2017-10-06,-0.008399799983507589,-0.008484257591987314,-0.0082499271274783,-0.013287357394732066,0.0,0.0,0.0,0.0,0.0,0.0,0.0,0.0,0.0,0.0
2017-10-13,-0.026266408023964308,-0.026266408023964308,-0.026260057802321723,-0.039405426851432876,0.0,0.0,0.0,0.0,0.0,0.0,0.0,0.0,0.0,0.0
2017-10-20,0.012743294146695667,0.010750754079509471,0.010286221658981838,0.00983270678495118,0.0,0.0,0.0,0.0,0.0,0.0,0.0,0.0,0.0,0.0
2017-10-27,-0.027928024599813403,-0.027928024599813403,-0.027598852427165067,-0.025922495033163424,0.0,0.0,0.0,0.0,0.0,0.0,0.0,0.0,0.0,0.0
2017-11-03,-0.00725000847791363,-0.009238217774375489,-0.009117703218879366,-0.00810675686828648,0.0,0.0,0.0,0.0,0.0,0.0,0.0,0.0,0.0,0.0
2017-11-10,0.006708453328818919,0.006708453328818919,0.0067917596259481515,0.005946816482119381,0.0,0.0,0.0,0.0,0.0,0.0,0.0,0.0,0.0,0.0
2017-11-17,0.011790241457688014,0.009793664494622333,0.009358137510176646,0.00810010021310637,0.0,0.0,0.0,0.0,0.0,0.0,0.0,0.0,0.0,0.0
2017-11-24,-0.012071319278898962,-0.012071319278898962,-0.011860225871103332,-0.010245316235894357,0.0,0.0,0.0,0.0,0.0,0.0,0.0,0.0,0.0,0.0
2017-12-01,-0.019376584228290226,-0.021370592709770774,-0.02060465437700164,-0.018401240183201096,0.0,0.0,0.0,0.0,0.0,0.0,0.0,0.0,0.0,0.0
2017-12-08,-9.226602182665984e-05,-9.226602182665984e-05,-2.424511913323858e-05,-2.088234964053595e-05,0.0,0.0,0.0,0.0,0.0,0.0,0.0,0.0,0.0,0.0
2017-12-15,0.012944890212925154,0.012649425483966121,0.013043084305735708,0.0112757292683799,0.0,0.0,0.0,0.0,0.0,0.0,0.0,0.0,0.0,0.0
2017-12-22,0.03482706286367253,0.03482706286367253,0.03514904502333572,0.03168935591571166,0.0,0.0,0.0,0.0,0.0,0.0,0.0,0.0,0.0,0.0
2017-12-29,-0.0057613469953872645,-0.005886565405855647,-0.005809653087538405,-0.004404735195874373,0.0,0.0,0.0,0.0,0.0,0.0,0.0,0.0,0.0,0.0
2018-01-05,3.18595334626408e-05,3.18595334626408e-05,-0.00016256587935661236,-0.0001242349575319754,0.0,0.0,0.0,0.0,0.0,0.0,0.0,0.0,0.0,0.0
2018-01-12,0.018284239772053013,0.01814327916124111,0.018392791321405966,0.017562327832763843,0.0,0.0,0.0,0.0,0.0,0.0,0.0,0.0,0.0,0.0
2018-01-19,-0.009249051545795505,-0.009249051545795505,-0.008951493845594112,-0.008219601167547103,0.0,0.0,0.0,0.0,0.0,0.0,0.0,0.0,0.0,0.0
2018-01-26,0.028358596533259305,0.026364088509302747,0.02531751050073233,0.02673809707106656,0.0,0.0,0.0,0.0,0.0,0.0,0.0,0.0,0.0,0.0
2018-02-02,-0.004032742262320477,-0.004032742262320477,-0.0033136668368973603,-0.0031917975847536796,0.0,0.0,0.0,0.0,0.0,0.0,0.0,0.0,0.0,0.0
2018-02-09,-0.003721709213979514,-0.005271759995946524,-0.005320581652151848,-0.0051364068442739975,0.0,0.0,0.0,0.0,0.0,0.0,0.0,0.0,0.0,0.0
2018-02-16,0.006126456408620012,0.006126456408620012,0.006422156587855794,0.006045135193940225,0.0,0.0,0.0,0.0,0.0,0.0,0.0,0.0,0.0,0.0
2018-02-23,-0.006968132055764468,-0.008576422371305,-0.008624046017536876,-0.008468962530635483,0.0,0.0,0.0,0.0,0.0,0.0,0.0,0.0,0.0,0.0
2018-03-02,-0.0039000379881956107,-0.0039000379881956107,-0.0039005756160404035,-0.004140572933709518,0.0,0.0,0.0,0.0,0.0,0.0,0.0,0.0,0.0,0.0
2018-03-09,0.00499490126026736,0.004063307970886817,0.0044832721394468065,0.004731716267075796,0.0,0.0,0.0,0.0,0.0,0.0,0.0,0.0,0.0,0.0
2018-03-16,0.005722266725298768,0.005722266725298768,0.005665922550926949,0.005990882048516747,0.0,0.0,0.0,0.0,0.0,0.0,0.0,0.0,0.0,0.0
2018-03-23,0.004454001131462248,0.003927777335995904,0.0034769598652467865,0.004852148256667514,0.0,0.0,0.0,0.0,0.0,0.0,0.0,0.0,0.0,0.0
2018-03-30,0.013046183401144022,0.013046183401144022,0.012985903282826018,0.017838969355694918,0.0,0.0,0.0,0.0,0.0,0.0,0.0,0.0,0.0,0.0
2018-04-06,0.028458281252847183,0.02826063284989094,0.028254269369402844,0.0362669535154067,0.0,0.0,0.0,0.0,0.0,0.0,0.0,0.0,0.0,0.0
2018-04-13,-0.02396257364068441,-0.02396257364068441,-0.02372113058496089,-0.024228835620679654,0.0,0.0,0.0,0.0,0.0,0.0,0.0,0.0,0.0,0.0
2018-04-20,-0.003915477516642852,-0.005844381674103142,-0.0058255665061260325,-0.005396147239865448,0.0,0.0,0.0,0.0,0.0,0.0,0.0,0.0,0.0,0.0
2018-04-27,-0.012552392491578059,-0.012552392491578059,-0.01200224841939513,-0.011670595084979307,0.0,0.0,0.0,0.0,0.0,0.0,0.0,0.0,0.0,0.0
2018-05-04,0.010466651098343561,0.008494485103719092,0.00863242954153165,0.00802900868015699,0.0,0.0,0.0,0.0,0.0,0.0,0.0,0.0,0.0,0.0
2018-05-11,0.017634664926311588,0.017634664926311588,0.017242079636612714,0.016296294516699415,0.0,0.0,0.0,0.0,0.0,0.0,0.0,0.0,0.0,0.0
2018-05-18,0.011509829325338712,0.009519633654098688,0.008884592843125743,0.007972435223360365,0.0,0.0,0.0,0.0,0.0,0.0,0.0,0.0,0.0,0.0
2018-05-25,-0.005979518943251209,-0.005979518943251209,-0.005420164630824005,-0.005094635332326127,0.0,0.0,0.0,0.0,0.0,0.0,0.0,0.0,0.0,0.0
2018-06-01,0.0027655012025520303,0.0007771506763258221,0.0005867148854765362,0.00042826968395193264,0.0,0.0,0.0,0.0,0.0,0.0,0.0,0.0,0.0,0.0
2018-06-08,-0.00048324798129043976,-0.00048324798129043976,-0.000410844272083684,-0.0003836914348958804,0.0,0.0,0.0,0.0,0.0,0.0,0.0,0.0,0.0,0.0
2018-06-15,-0.01584866852977442,-0.01781650448014338,-0.017181664331799802,-0.016130635233245767,0.0,0.0,0.0,0.0,0.0,0.0,0.0,0.0,0.0,0.0
2018-06-22,-0.0059897793125974035,-0.0059897793125974035,-0.005679972264072233,-0.004966585008817859,0.0,0.0,0.0,0.0,0.0,0.0,0.0,0.0,0.0,0.0
2018-06-29,-0.009439356306640745,-0.011413620103911358,-0.010927926076330557,-0.010136411062967761,0.0,0.0,0.0,0.0,0.0,0.0,0.0,0.0,0.0,0.0
2018-07-06,-0.00644646219544523,-0.00644646219544523,-0.00636131053259067,-0.008199501485167092,0.0,0.0,0.0,0.0,0.0,0.0,0.0,0.0,0.0,0.0
2018-07-13,-0.019595629258892275,-0.01973887890362872,-0.020077095003960897,-0.03093384065940671,0.0,0.0,0.0,0.0,0.0,0.0,0.0,0.0,0.0,0.0
2018-07-20,0.004087158529460334,0.004087158529460334,0.004168563914740132,0.004831766145781121,0.0,0.0,0.0,0.0,0.0,0.0,0.0,0.0,0.0,0.0
2018-07-27,0.008381762736734981,0.0063892333007580186,0.0060814275506750675,0.007317401139751216,0.0,0.0,0.0,0.0,0.0,0.0,0.0,0.0,0.0,0.0
2018-08-03,-0.010116582792366779,-0.010116582792366779,-0.009748887575278033,-0.011301084587440842,0.0,0.0,0.0,0.0,0.0,0.0,0.0,0.0,0.0,0.0
2018-08-10,-0.007829039193714237,-0.009829039193714237,-0.009625183281547023,-0.012045165201640135,0.0,0.0,0.0,0.0,0.0,0.0,0.0,0.0,0.0,0.0
2018-08-17,0.0009892805757527176,0.0009892805757527176,0.0007121290527248999,0.0010033232004357008,0.0,0.0,0.0,0.0,0.0,0.0,0.0,0.0,0.0,0.0
2018-08-24,0.0014814507782678855,0.0014213102854640951,0.0016012348169617493,0.002214069970281484,0.0,0.0,0.0,0.0,0.0,0.0,0.0,0.0,0.0,0.0
2018-08-31,-0.015914353210925936,-0.015914353210925936,-0.015510176132852476,-0.021066148243609632,0.0,0.0,0.0,0.0,0.0,0.0,0.0,0.0,0.0,0.0
2018-09-07,-0.013159932175161981,-0.015159932175161981,-0.014341206069605858,-0.017931634814249267,0.0,0.0,0.0,0.0,0.0,0.0,0.0,0.0,0.0,0.0
2018-09-14,-0.0016856467793052421,-0.0016856467793052421,-0.0016039907987215193,-0.0020456538017146627,0.0,0.0,0.0,0.0,0.0,0.0,0.0,0.0,0.0,0.0
2018-09-21,0.014385291936264593,0.014261114466922558,0.013708875059789159,0.017337873294492916,0.0,0.0,0.0,0.0,0.0,0.0,0.0,0.0,0.0,0.0
2018-09-28,-0.014619945232231337,-0.014619945232231337,-0.014047903047390398,-0.014970921136859477,0.0,0.0,0.0,0.0,0.0,0.0,0.0,0.0,0.0,0.0
2018-10-05,-0.016191020502116356,-0.01818241599735817,-0.01777981943254233,-0.01852465151145492,0.0,0.0,0.0,0.0,0.0,0.0,0.0,0.0,0.0,0.0
2018-10-12,-0.007516763626356989,-0.007516763626356989,-0.007131191112315145,-0.008461883688865105,0.0,0.0,0.0,0.0,0.0,0.0,0.0,0.0,0.0,0.0
2018-10-19,0.017800785125611007,0.017628819658311534,0.01784171187644204,0.02195664980952444,0.0,0.0,0.0,0.0,0.0,0.0,0.0,0.0,0.0,0.0
2018-10-26,0.012153229105647138,0.012153229105647138,0.01237125493029736,0.012876242427755459,0.0,0.0,0.0,0.0,0.0,0.0,0.0,0.0,0.0,0.0
2018-11-02,-0.0067103531011671455,-0.007265773882184813,-0.007704505978952374,-0.00759892645200275,0.0,0.0,0.0,0.0,0.0,0.0,0.0,0.0,0.0,0.0
2018-11-09,0.025626328754084896,0.025626328754084896,0.02591800733044446,0.025864612502519622,0.0,0.0,0.0,0.0,0.0,0.0,0.0,0.0,0.0,0.0
2018-11-16,0.02917687742051484,0.028623985762055878,0.028301660870203856,0.024434646313050024,0.0,0.0,0.0,0.0,0.0,0.0,0.0,0.0,0.0,0.0
2018-11-23,0.006781402163848787,0.006781402163848787,0.006418028722770946,0.005090035486401784,0.0,0.0,0.0,0.0,0.0,0.0,0.0,0.0,0.0,0.0
2018-11-30,0.004877301497790511,0.004120255912013279,0.00362922543226683,0.00301069678933223,0.0,0.0,0.0,0.0,0.0,0.0,0.0,0.0,0.0,0.0
2018-12-07,0.0039008985975041203,0.0039008985975041203,0.004057851549209394,0.0037792000356805075,0.0,0.0,0.0,0.0,0.0,0.0,0.0,0.0,0.0,0.0
2018-12-14,0.011128620694374062,0.010560925772140727,0.01048803890182105,0.009831426579482307,0.0,0.0,0.0,0.0,0.0,0.0,0.0,0.0,0.0,0.0
2018-12-21,-0.021887903897541163,-0.021887903897541163,-0.02129453401462067,-0.02052909375417591,0.0,0.0,0.0,0.0,0.0,0.0,0.0,0.0,0.0,0.0
2018-12-28,0.01994676785273039,0.01797479862085078,0.017573352359955118,0.01599989815236213,0.0,0.0,0.0,0.0,0.0,0.0,0.0,0.0,0.0,0.0
2019-01-04,-0.009992810021416868,-0.009992810021416868,-0.009614037926039598,-0.009743771929821706,0.0,0.0,0.0,0.0,0.0,0.0,0.0,0.0,0.0,0.0
2019-01-11,-0.023892349587610898,-0.02415717919724419,-0.023509765731136577,-0.023608349886585774,0.0,0.0,0.0,0.0,0.0,0.0,0.0,0.0,0.0,0.0
2019-01-18,-0.006854789171423011,-0.006854789171423011,-0.006722694557183281,-0.006064480194061364,0.0,0.0,0.0,0.0,0.0,0.0,0.0,0.0,0.0,0.0
2019-01-25,0.014076722023009807,0.014020684509418789,0.01383386841988318,0.012553687997901505,0.0,0.0,0.0,0.0,0.0,0.0,0.0,0.0,0.0,0.0
2019-02-01,-0.009043467673676545,-0.009043467673676545,-0.009027791445215507,-0.008197906867195804,0.0,0.0,0.0,0.0,0.0,0.0,0.0,0.0,0.0,0.0
2019-02-08,0.004926095666283266,0.002965444834674168,0.0028412280374839564,0.002817647881779629,0.0,0.0,0.0,0.0,0.0,0.0,0.0,0.0,0.0,0.0
2019-02-15,-0.004512968402479266,-0.004512968402479266,-0.0040634231812222525,-0.004698157322850559,0.0,0.0,0.0,0.0,0.0,0.0,0.0,0.0,0.0,0.0
2019-02-22,-3.514842545941471e-05,-0.00197727481410374,-0.0019123031014674887,-0.0019203086055161775,0.0,0.0,0.0,0.0,0.0,0.0,0.0,0.0,0.0,0.0
2019-03-01,-0.025357513695652815,-0.025357513695652815,-0.024426222507013377,-0.028782166105689455,0.0,0.0,0.0,0.0,0.0,0.0,0.0,0.0,0.0,0.0
2019-03-08,0.006440206531306957,0.006246885101827744,0.006362369233958044,0.0064806282574804515,0.0,0.0,0.0,0.0,0.0,0.0,0.0,0.0,0.0,0.0
2019-03-15,-0.00818543370126532,-0.00818543370126532,-0.008783498067187482,-0.009130110291782,0.0,0.0,0.0,0.0,0.0,0.0,0.0,0.0,0.0,0.0
2019-03-22,-0.022484215086931266,-0.024479153308089144,-0.023727697681969032,-0.02587825786271118,0.0,0.0,0.0,0.0,0.0,0.0,0.0,0.0,0.0,0.0
2019-03-29,0.007007808064832952,0.007007808064832952,0.006857736300949303,0.00776425137974198,0.0,0.0,0.0,0.0,0.0,0.0,0.0,0.0,0.0,0.0
2019-04-05,0.04134267508882507,0.039365683725609835,0.03794214504488151,0.04067751276893911,0.0,0.0,0.0,0.0,0.0,0.0,0.0,0.0,0.0,0.0
2019-04-12,0.010856352765679308,0.010856352765679308,0.010741729845518662,0.008580684612523306,0.0,0.0,0.0,0.0,0.0,0.0,0.0,0.0,0.0,0.0
2019-04-19,0.017630841710857232,0.01734845653035145,0.017181958472131543,0.013574041159748878,0.0,0.0,0.0,0.0,0.0,0.0,0.0,0.0,0.0,0.0
2019-04-26,-0.0011296047704402006,-0.0011296047704402006,-0.0010571106734993138,-0.0008351834174729327,0.0,0.0,0.0,0.0,0.0,0.0,0.0,0.0,0.0,0.0
2019-05-03,0.0,-0.001979285948774707,-0.001931697387358049,-0.001931697387358049,0.0,0.0,0.0,0.0,0.0,0.0,0.0,0.0,0.0,0.0
2019-05-10,-0.0028316627678121537,-0.0028316627678121537,-0.002854445629759116,-0.0022774277831229682,0.0,0.0,0.0,0.0,0.0,0.0,0.0,0.0,0.0,0.0
2019-05-17,-0.004246164570592195,-0.004487453581507718,-0.005003116267649265,-0.004042250311073556,0.0,0.0,0.0,0.0,0.0,0.0,0.0,0.0,0.0,0.0
2019-05-24,0.014802417083185651,0.014802417083185651,0.014678715494084355,0.011718627226543342,0.0,0.0,0.0,0.0,0.0,0.0,0.0,0.0,0.0,0.0
2019-05-31,-0.029664898738892068,-0.029841337801668248,-0.029024652916959673,-0.026528602023014266,0.0,0.0,0.0,0.0,0.0,0.0,0.0,0.0,0.0,0.0
2019-06-07,0.003835086344844333,0.003835086344844333,0.003992503010981667,0.003204793854945098,0.0,0.0,0.0,0.0,0.0,0.0,0.0,0.0,0.0,0.0
2019-06-14,0.006205558825457319,0.004219063863414678,0.004007886143303012,0.0029107355472369196,0.0,0.0,0.0,0.0,0.0,0.0,0.0,0.0,0.0,0.0
2019-06-21,0.01427483883793552,0.01427483883793552,0.013426576800560006,0.012586168162011819,0.0,0.0,0.0,0.0,0.0,0.0,0.0,0.0,0.0,0.0
2019-06-28,0.0037629698460618544,0.0031381885999083974,0.0037775923289752474,0.0034636646074495546,0.0,0.0,0.0,0.0,0.0,0.0,0.0,0.0,0.0,0.0
2019-07-05,-2.793062111904228e-05,-2.793062111904228e-05,-0.00017467050616943846,-0.00023459485182436763,0.0,0.0,0.0,0.0,0.0,0.0,0.0,0.0,0.0,0.0
2019-07-12,-5.800978358527846e-05,-0.0019643660221211703,-0.0018079711573401696,-0.0017863607739467668,0.0,0.0,0.0,0.0,0.0,0.0,0.0,0.0,0.0,0.0
2019-07-19,-0.009288934484170225,-0.009288934484170225,-0.008796754478235625,-0.012990102071818896,0.0,0.0,0.0,0.0,0.0,0.0,0.0,0.0,0.0,0.0
2019-07-26,0.0011885945349550389,-0.0007212201291218517,-0.0006916017839894654,-0.00024590390024976363,0.0,0.0,0.0,0.0,0.0,0.0,0.0,0.0,0.0,0.0
2019-08-02,-0.013655202953700261,-0.013655202953700261,-0.01327084748281946,-0.01835016408566184,0.0,0.0,0.0,0.0,0.0,0.0,0.0,0.0,0.0,0.0
2019-08-09,0.015650710447584662,0.01396247816742887,0.013679391248435794,0.017488616447283556,0.0,0.0,0.0,0.0,0.0,0.0,0.0,0.0,0.0,0.0
2019-08-16,-0.003663886736497122,-0.003663886736497122,-0.0033920399397173438,-0.0038003278339402446,0.0,0.0,0.0,0.0,0.0,0.0,0.0,0.0,0.0,0.0
2019-08-23,-0.008668991598546847,-0.008911037077608671,-0.00873016618226447,-0.010218258095326319,0.0,0.0,0.0,0.0,0.0,0.0,0.0,0.0,0.0,0.0
2019-08-30,-0.0044371933981269705,-0.0044371933981269705,-0.004772275413053395,-0.006858381121804283,0.0,0.0,0.0,0.0,0.0,0.0,0.0,0.0,0.0,0.0
2019-09-06,0.014718557671292237,0.012746636800351612,0.012124171563907087,0.018136268300902952,0.0,0.0,0.0,0.0,0.0,0.0,0.0,0.0,0.0,0.0
2019-09-13,0.007717815213364788,0.007717815213364788,0.007594504750741594,0.009485830222957643,0.0,0.0,0.0,0.0,0.0,0.0,0.0,0.0,0.0,0.0
2019-09-20,-0.012509173395530662,-0.012796655249622153,-0.0128014721151118,-0.016316539506203417,0.0,0.0,0.0,0.0,0.0,0.0,0.0,0.0,0.0,0.0
2019-09-27,0.004387736748484001,0.004387736748484001,0.004020705976808254,0.0048127070829713774,0.0,0.0,0.0,0.0,0.0,0.0,0.0,0.0,0.0,0.0
2019-10-04,-0.0077650495791900176,-0.009760783401348335,-0.009486359521136772,-0.010853856068154321,0.0,0.0,0.0,0.0,0.0,0.0,0.0,0.0,0.0,0.0
2019-10-11,-0.007889657039089466,-0.007889657039089466,-0.007522660685744743,-0.008688799368555636,0.0,0.0,0.0,0.0,0.0,0.0,0.0,0.0,0.0,0.0
2019-10-18,0.0014843798289102786,-0.0005156201710897214,-0.0004992531511247352,-0.00024257937812845578,0.0,0.0,0.0,0.0,0.0,0.0,0.0,0.0,0.0,0.0
2019-10-25,0.008354507302279716,0.008354507302279716,0.00783584428102374,0.00924910162739801,0.0,0.0,0.0,0.0,0.0,0.0,0.0,0.0,0.0,0.0
2019-11-01,0.01344097369720905,0.013368217736860892,0.01334804370500657,0.016800493424907557,0.0,0.0,0.0,0.0,0.0,0.0,0.0,0.0,0.0,0.0
2019-11-08,0.006501095232915341,0.006501095232915341,0.006059063279873216,0.007683229007341779,0.0,0.0,0.0,0.0,0.0,0.0,0.0,0.0,0.0,0.0
2019-11-15,0.008120657082318393,0.008018215970129422,0.007861722730444153,0.00987813124184352,0.0,0.0,0.0,0.0,0.0,0.0,0.0,0.0,0.0,0.0
2019-11-22,-0.00899510890605445,-0.00899510890605445,-0.008973874994062455,-0.011596662512192496,0.0,0.0,0.0,0.0,0.0,0.0,0.0,0.0,0.0,0.0
2019-11-29,-0.0019135979047382593,-0.003887705761286403,-0.00387048038574787,-0.004339195441807634,0.0,0.0,0.0,0.0,0.0,0.0,0.0,0.0,0.0,0.0
2019-12-06,-0.006401089208724305,-0.006401089208724305,-0.006157235766081296,-0.008374136780741174,0.0,0.0,0.0,0.0,0.0,0.0,0.0,0.0,0.0,0.0
2019-12-13,-0.0005649840088501572,-0.0006431518188161055,-0.000688908642592848,-0.0009276205978318129,0.0,0.0,0.0,0.0,0.0,0.0,0.0,0.0,0.0,0.0
2019-12-20,-0.009694960817338113,-0.009694960817338113,-0.00976463755342012,-0.015105882688940708,0.0,0.0,0.0,0.0,0.0,0.0,0.0,0.0,0.0,0.0
2019-12-27,0.01008734770066178,0.00998783108095197,0.009783519735044254,0.013908464786297647,0.0,0.0,0.0,0.0,0.0,0.0,0.0,0.0,0.0,0.0
2020-01-03,-0.00493450013953093,-0.00493450013953093,-0.00492394115596787,-0.006716611637808904,0.0,0.0,0.0,0.0,0.0,0.0,0.0,0.0,0.0,0.0
2020-01-10,0.007675281501556602,0.005697118569525702,0.00571575531309595,0.008639817647770042,0.0,0.0,0.0,0.0,0.0,0.0,0.0,0.0,0.0,0.0
2020-01-17,-0.0027466346936092885,-0.0027466346936092885,-0.0027069552770142575,-0.0036638337073371646,0.0,0.0,0.0,0.0,0.0,0.0,0.0,0.0,0.0,0.0
2020-01-24,0.0029982322059401347,0.0009982322059401347,0.0007595988922366986,0.0017723536941022923,0.0,0.0,0.0,0.0,0.0,0.0,0.0,0.0,0.0,0.0
2020-01-31,0.009347880785391983,0.009347880785391983,0.008833677938453272,0.01389764158088627,0.0,0.0,0.0,0.0,0.0,0.0,0.0,0.0,0.0,0.0
2020-02-07,0.000899357211390298,0.0005405219375896097,0.0003401233756517357,0.0006415928265655019,0.0,0.0,0.0,0.0,0.0,0.0,0.0,0.0,0.0,0.0
2020-02-14,-0.0065806643625730635,-0.0065806643625730635,-0.006420759233433559,-0.009933869429908019,0.0,0.0,0.0,0.0,0.0,0.0,0.0,0.0,0.0,0.0
2020-02-21,-0.009210426755296403,-0.009637719994628964,-0.009897075735643673,-0.01537123047185747,0.0,0.0,0.0,0.0,0.0,0.0,0.0,0.0,0.0,0.0
2020-02-28,-0.022198533323809146,-0.022198533323809146,-0.022855613632199265,-0.03280915502508464,0.0,0.0,0.0,0.0,0.0,0.0,0.0,0.0,0.0,0.0
2020-03-06,-0.011835166822653377,-0.01379716282357129,-0.013700430265489125,-0.01460683654992148,0.0,0.0,0.0,0.0,0.0,0.0,0.0,0.0,0.0,0.0
2020-03-13,-0.01775947407177684,-0.01775947407177684,-0.017172664835865756,-0.018076198778329812,0.0,0.0,0.0,0.0,0.0,0.0,0.0,0.0,0.0,0.0
2020-03-20,0.012119910541595245,0.010499020111343833,0.011189516564764024,0.011644692284859856,0.0,0.0,0.0,0.0,0.0,0.0,0.0,0.0,0.0,0.0
2020-03-27,-0.029675096160109504,-0.029675096160109504,-0.029722575875689418,-0.03138709692200959,0.0,0.0,0.0,0.0,0.0,0.0,0.0,0.0,0.0,0.0
2020-04-03,0.02793734420248831,0.02629365569612797,0.025309433630089626,0.023309972421134917,0.0,0.0,0.0,0.0,0.0,0.0,0.0,0.0,0.0,0.0
2020-04-10,0.00020864314088769629,0.00020864314088769629,0.00010529455180895885,8.723357116637618e-05,0.0,0.0,0.0,0.0,0.0,0.0,0.0,0.0,0.0,0.0
2020-04-17,-0.004744676314836834,-0.005442422081932632,-0.00494005575432975,-0.004188632252950339,0.0,0.0,0.0,0.0,0.0,0.0,0.0,0.0,0.0,0.0
2020-04-24,0.014816676946725404,0.014816676946725404,0.014574086486126169,0.012122794561945219,0.0,0.0,0.0,0.0,0.0,0.0,0.0,0.0,0.0,0.0
2020-05-01,0.029099753284926217,0.028426855649157194,0.028177985473975743,0.023578155052365712,0.0,0.0,0.0,0.0,0.0,0.0,0.0,0.0,0.0,0.0
2020-05-08,0.010887735475653717,0.010887735475653717,0.010453647968782632,0.007863659255983299,0.0,0.0,0.0,0.0,0.0,0.0,0.0,0.0,0.0,0.0
2020-05-15,-0.016264061065505524,-0.0165613594640907,-0.01605324488359972,-0.011983839616427119,0.0,0.0,0.0,0.0,0.0,0.0,0.0,0.0,0.0,0.0
2020-05-22,-0.006877416857500517,-0.006877416857500517,-0.0070687871036117554,-0.005298292253998254,0.0,0.0,0.0,0.0,0.0,0.0,0.0,0.0,0.0,0.0
2020-05-29,-0.019971714625027313,-0.02004145662108569,-0.019353059153202182,-0.016555789267339454,0.0,0.0,0.0,0.0,0.0,0.0,0.0,0.0,0.0,0.0
2020-06-05,-0.005536523926566341,-0.005536523926566341,-0.005412780070562072,-0.0045877407434044394,0.0,0.0,0.0,0.0,0.0,0.0,0.0,0.0,0.0,0.0
2020-06-12,-0.0012635607881003514,-0.0012808526577889458,-0.0009693699374785282,-0.0008642733120809828,0.0,0.0,0.0,0.0,0.0,0.0,0.0,0.0,0.0,0.0
2020-06-19,-0.0032866677807703924,-0.0032866677807703924,-0.002845929995097133,-0.0025961291159121115,0.0,0.0,0.0,0.0,0.0,0.0,0.0,0.0,0.0,0.0
2020-06-26,-0.0025852932237962934,-0.004577929676447267,-0.0042674891083410195,-0.004601053560925985,0.0,0.0,0.0,0.0,0.0,0.0,0.0,0.0,0.0,0.0
2020-07-03,-0.012134180061040709,-0.012134180061040709,-0.011578153813862348,-0.015584858657103882,0.0,0.0,0.0,0.0,0.0,0.0,0.0,0.0,0.0,0.0
2020-07-10,0.000826492082861523,0.0007056861324140868,0.0004431526555031829,0.0005766240926915828,0.0,0.0,0.0,0.0,0.0,0.0,0.0,0.0,0.0,0.0
2020-07-17,-0.003101936865731151,-0.003101936865731151,-0.0033364053404792947,-0.004170908172501868,0.0,0.0,0.0,0.0,0.0,0.0,0.0,0.0,0.0,0.0
2020-07-24,-0.006730028806698239,-0.006819202331715061,-0.006711999337486284,-0.009008374605511371,0.0,0.0,0.0,0.0,0.0,0.0,0.0,0.0,0.0,0.0
2020-07-31,0.009485104540900199,0.009485104540900199,0.010021667539725977,0.020043335079451954,0.0,0.0,0.0,0.0,0.0,0.0,0.0,0.0,0.0,0.0
2020-08-07,-0.015661195408041187,-0.015877415529297556,-0.015929797139883597,-0.024233283817926027,0.0,0.0,0.0,0.0,0.0,0.0,0.0,0.0,0.0,0.0
2020-08-14,0.004859745803949886,0.004859745803949886,0.00442460087781114,0.005872845979542622,0.0,0.0,0.0,0.0,0.0,0.0,0.0,0.0,0.0,0.0
2020-08-21,0.0017224996457349156,-0.00023198176874648642,-2.168219077139529e-05,0.0004895721155552353,0.0,0.0,0.0,0.0,0.0,0.0,0.0,0.0,0.0,0.0
2020-08-28,0.007059920966881542,0.007059920966881542,0.006977796494288401,0.009330596844886367,0.0,0.0,0.0,0.0,0.0,0.0,0.0,0.0,0.0,0.0
2020-09-04,-0.0047185704085082915,-0.00501918717103381,-0.004831783183674592,-0.006066378094087905,0.0,0.0,0.0,0.0,0.0,0.0,0.0,0.0,0.0,0.0
2020-09-11,-0.014136292004311695,-0.014136292004311695,-0.014366832447538452,-0.01817145815000856,0.0,0.0,0.0,0.0,0.0,0.0,0.0,0.0,0.0,0.0
2020-09-18,0.00421489385770813,0.0022486012876993715,0.002120465003670191,0.0028324617247383263,0.0,0.0,0.0,0.0,0.0,0.0,0.0,0.0,0.0,0.0
2020-09-25,0.005910440686241572,0.005910440686241572,0.005771858356450322,0.006711662760173695,0.0,0.0,0.0,0.0,0.0,0.0,0.0,0.0,0.0,0.0
2020-10-02,-0.004517009717046307,-0.005102259253189964,-0.005665894003177461,-0.006680007879752269,0.0,0.0,0.0,0.0,0.0,0.0,0.0,0.0,0.0,0.0
2020-10-09,-0.0017630295035792219,-0.0017630295035792219,-0.001977682909600604,-0.0023533465120227147,0.0,0.0,0.0,0.0,0.0,0.0,0.0,0.0,0.0,0.0
2020-10-16,0.002982237611415831,0.002374920898009717,0.002177640790605742,0.0027084428116350982,0.0,0.0,0.0,0.0,0.0,0.0,0.0,0.0,0.0,0.0
2020-10-23,-0.008631460822326563,-0.008631460822326563,-0.008974208869314784,-0.010842928877321982,0.0,0.0,0.0,0.0,0.0,0.0,0.0,0.0,0.0,0.0
2020-10-30,0.0038672171006662046,0.0019046745072927216,0.001686330781044445,0.003147204244528547,0.0,0.0,0.0,0.0,0.0,0.0,0.0,0.0,0.0,0.0
2020-11-06,-0.01406871298349379,-0.01406871298349379,-0.013642300924779867,-0.024548349599852907,0.0,0.0,0.0,0.0,0.0,0.0,0.0,0.0,0.0,0.0
2020-11-13,0.008175454458163367,0.00618941243438712,0.00590971258374974,0.009225120629137148,0.0,0.0,0.0,0.0,0.0,0.0,0.0,0.0,0.0,0.0
2020-11-20,-0.001966779363079298,-0.001966779363079298,-0.0016289663928925047,-0.0021877120284042,0.0,0.0,0.0,0.0,0.0,0.0,0.0,0.0,0.0,0.0
2020-11-27,-0.008138233270508893,-0.010112175046229105,-0.01003383266488688,-0.013581476770839457,0.0,0.0,0.0,0.0,0.0,0.0,0.0,0.0,0.0,0.0
2020-12-04,-0.011866493434208836,-0.011866493434208836,-0.011803275279857193,-0.016337326498805295,0.0,0.0,0.0,0.0,0.0,0.0,0.0,0.0,0.0,0.0
2020-12-11,0.00036592689651596436,0.0002896318243745175,0.0001930001872672166,0.00028876555344480964,0.0,0.0,0.0,0.0,0.0,0.0,0.0,0.0,0.0,0.0
2020-12-18,0.01775073437651246,0.01775073437651246,0.01776805966560703,0.025426380778759628,0.0,0.0,0.0,0.0,0.0,0.0,0.0,0.0,0.0,0.0
2020-12-25,0.01628338932594551,0.014294525703166831,0.013855421342696744,0.015611591075345809,0.0,0.0,0.0,0.0,0.0,0.0,0.0,0.0,0.0,0.0
2021-01-01,0.006730013776420359,0.006730013776420359,0.006332201146249006,0.006545913402277015,0.0,0.0,0.0,0.0,0.0,0.0,0.0,0.0,0.0,0.0
2021-01-08,-0.014346604224284522,-0.01437292558280745,-0.013996421673154789,-0.014301795588587237,0.0,0.0,0.0,0.0,0.0,0.0,0.0,0.0,0.0,0.0
2021-01-15,-0.00192709521916894,-0.00192709521916894,-0.0018032008618711647,-0.001779216383118005,0.0,0.0,0.0,0.0,0.0,0.0,0.0,0.0,0.0,0.0
2021-01-22,0.008902939751669834,0.008746458996236548,0.009530810820905124,0.00958570353447992,0.0,0.0,0.0,0.0,0.0,0.0,0.0,0.0,0.0,0.0
2021-01-29,0.010786289105755503,0.010786289105755503,0.01010805352152419,0.009966793151408897,0.0,0.0,0.0,0.0,0.0,0.0,0.0,0.0,0.0,0.0
2021-02-05,-0.016904237249579533,-0.017063910774449038,-0.01716259021365464,-0.01938343253815159,0.0,0.0,0.0,0.0,0.0,0.0,0.0,0.0,0.0,0.0
2021-02-12,-0.004467088476609412,-0.004467088476609412,-0.004800859743190352,-0.004957745665539646,0.0,0.0,0.0,0.0,0.0,0.0,0.0,0.0,0.0,0.0
2021-02-19,0.008688047387359,0.006708356672344917,0.006156338827972206,0.006384328542912565,0.0,0.0,0.0,0.0,0.0,0.0,0.0,0.0,0.0,0.0
2021-02-26,0.004363018690227207,0.004363018690227207,0.004556932099770664,0.0048756799470460015,0.0,0.0,0.0,0.0,0.0,0.0,0.0,0.0,0.0,0.0
2021-03-05,0.011083438441693027,0.010897176195535825,0.01105627446640787,0.013002983994653413,0.0,0.0,0.0,0.0,0.0,0.0,0.0,0.0,0.0,0.0
2021-03-12,-0.015694619002371762,-0.015694619002371762,-0.016111913388560124,-0.018505360495520776,0.0,0.0,0.0,0.0,0.0,0.0,0.0,0.0,0.0,0.0
2021-03-19,-0.01661141014196168,-0.018577500643574576,-0.017964629995016725,-0.02085239331434734,0.0,0.0,0.0,0.0,0.0,0.0,0.0,0.0,0.0,0.0
2021-03-26,0.008473233149756124,0.008473233149756124,0.008348907856494689,0.009504008682758507,0.0,0.0,0.0,0.0,0.0,0.0,0.0,0.0,0.0,0.0
2021-04-02,0.008671348029315866,0.008571509010024587,0.009031521140857809,0.010116484572323886,0.0,0.0,0.0,0.0,0.0,0.0,0.0,0.0,0.0,0.0
2021-04-09,-0.022909066298601097,-0.022909066298601097,-0.02282509185318453,-0.02585950939318734,0.0,0.0,0.0,0.0,0.0,0.0,0.0,0.0,0.0,0.0
2021-04-16,-0.010105982002534705,-0.010178457136720977,-0.009280027872423944,-0.009087563837734028,0.0,0.0,0.0,0.0,0.0,0.0,0.0,0.0,0.0,0.0
2021-04-23,0.006940974043383146,0.006940974043383146,0.006520042958678894,0.0065491004356916195,0.0,0.0,0.0,0.0,0.0,0.0,0.0,0.0,0.0,0.0
2021-04-30,-0.005638769170136184,-0.005925034527773032,-0.006140860712396702,-0.0062776071146783494,0.0,0.0,0.0,0.0,0.0,0.0,0.0,0.0,0.0,0.0
2021-05-07,0.005570890068232006,0.005570890068232006,0.005723877762668136,0.0062124159727056025,0.0,0.0,0.0,0.0,0.0,0.0,0.0,0.0,0.0,0.0
2021-05-14,-0.012916032486142186,-0.014872345256099276,-0.014310639169125292,-0.015138424165038116,0.0,0.0,0.0,0.0,0.0,0.0,0.0,0.0,0.0,0.0
2021-05-21,-0.004119804109224901,-0.004119804109224901,-0.0037863377759392437,-0.0039768051480261945,0.0,0.0,0.0,0.0,0.0,0.0,0.0,0.0,0.0,0.0
2021-05-28,-0.005934224425684166,-0.007925674763663605,-0.007822875522412839,-0.008245000246376108,0.0,0.0,0.0,0.0,0.0,0.0,0.0,0.0,0.0,0.0
2021-06-04,-0.018526361004730138,-0.018526361004730138,-0.018482401459117673,-0.021666133467296875,0.0,0.0,0.0,0.0,0.0,0.0,0.0,0.0,0.0,0.0
2021-06-11,-0.016663236793831544,-0.018624172336457155,-0.017952232440240787,-0.02025303102917948,0.0,0.0,0.0,0.0,0.0,0.0,0.0,0.0,0.0,0.0
2021-06-18,0.008035433077074711,0.008035433077074711,0.007904692482546693,0.009080256912718939,0.0,0.0,0.0,0.0,0.0,0.0,0.0,0.0,0.0,0.0
2021-06-25,-0.01579636911878212,-0.017742466538395552,-0.0172552944097954,-0.019610031834782327,0.0,0.0,0.0,0.0,0.0,0.0,0.0,0.0,0.0,0.0
2021-07-02,-0.0038058673849642962,-0.0038058673849642962,-0.0039462074808905585,-0.004807541995541679,0.0,0.0,0.0,0.0,0.0,0.0,0.0,0.0,0.0,0.0
2021-07-09,-0.01096442241278054,-0.011403505387377893,-0.011440379229996982,-0.015391757422606303,0.0,0.0,0.0,0.0,0.0,0.0,0.0,0.0,0.0,0.0
2021-07-16,-0.006031182210633418,-0.006031182210633418,-0.006233530360841282,-0.00826845978773038,0.0,0.0,0.0,0.0,0.0,0.0,0.0,0.0,0.0,0.0
2021-07-23,0.01767538945431657,0.017454495694656076,0.01724550146195304,0.025192271656909505,0.0,0.0,0.0,0.0,0.0,0.0,0.0,0.0,0.0,0.0
2021-07-30,-0.02207482397759371,-0.02207482397759371,-0.022029902846910074,-0.02272455725719975,0.0,0.0,0.0,0.0,0.0,0.0,0.0,0.0,0.0,0.0
2021-08-06,0.021028362176697974,0.019031536619572267,0.01861466591918329,0.019082945418298573,0.0,0.0,0.0,0.0,0.0,0.0,0.0,0.0,0.0,0.0
2021-08-13,-0.00499277296439201,-0.00499277296439201,-0.005190180672945062,-0.004672855704968288,0.0,0.0,0.0,0.0,0.0,0.0,0.0,0.0,0.0,0.0
2021-08-20,0.02028123605823325,0.01837118900730823,0.017808448994671662,0.01585618400673727,0.0,0.0,0.0,0.0,0.0,0.0,0.0,0.0,0.0,0.0
2021-08-27,-0.009843630766242863,-0.009843630766242863,-0.00948136991714065,-0.007965005066148473,0.0,0.0,0.0,0.0,0.0,0.0,0.0,0.0,0.0,0.0
2021-09-03,0.0008000476672243872,-0.00101307591917853,-0.0009142431085179223,-0.0010098899596417284,0.0,0.0,0.0,0.0,0.0,0.0,0.0,0.0,0.0,0.0
2021-09-10,0.00815054137941379,0.00815054137941379,0.008247913577604378,0.0077275219970521095,0.0,0.0,0.0,0.0,0.0,0.0,0.0,0.0,0.0,0.0
2021-09-17,0.006304916718650014,0.006082219995973219,0.00572581841200232,0.005380325705993692,0.0,0.0,0.0,0.0,0.0,0.0,0.0,0.0,0.0,0.0
2021-09-24,2.5316070725215113e-05,2.5316070725215113e-05,-0.00012459025361038473,-0.0001257839491612184,0.0,0.0,0.0,0.0,0.0,0.0,0.0,0.0,0.0,0.0
2021-10-01,0.0018486665425762059,0.0016396860794948452,0.0017000120476478894,0.0017307683951568037,0.0,0.0,0.0,0.0,0.0,0.0,0.0,0.0,0.0,0.0
2021-10-08,3.6524580567166564e-05,3.6524580567166564e-05,0.0002791838976196458,0.0003047333814061073,0.0,0.0,0.0,0.0,0.0,0.0,0.0,0.0,0.0,0.0
2021-10-15,0.019343863061624895,0.019015419073810397,0.01887944435573145,0.021300811834842164,0.0,0.0,0.0,0.0,0.0,0.0,0.0,0.0,0.0,0.0
2021-10-22,0.011509945306185506,0.011509945306185506,0.01118974415078255,0.013183995988618481,0.0,0.0,0.0,0.0,0.0,0.0,0.0,0.0,0.0,0.0
2021-10-29,0.008838830013982911,0.006917990435892617,0.007074240270586063,0.011694823582592618,0.0,0.0,0.0,0.0,0.0,0.0,0.0,0.0,0.0,0.0
2021-11-05,-0.0075393108316300205,-0.0075393108316300205,-0.007702809960259945,-0.012626982534401978,0.0,0.0,0.0,0.0,0.0,0.0,0.0,0.0,0.0,0.0
2021-11-12,0.012088383333208049,0.011778893394416404,0.011742030911043836,0.017325923209428745,0.0,0.0,0.0,0.0,0.0,0.0,0.0,0.0,0.0,0.0
2021-11-19,0.0030306508848333188,0.0030306508848333188,0.002421759078841939,0.003491612938582772,0.0,0.0,0.0,0.0,0.0,0.0,0.0,0.0,0.0,0.0
2021-11-26,-0.003440396333479664,-0.003887227979181566,-0.004077111077695207,-0.006180166869886366,0.0,0.0,0.0,0.0,0.0,0.0,0.0,0.0,0.0,0.0
2021-12-03,-0.01055805654877327,-0.01055805654877327,-0.011111058580005434,-0.01660583931152238,0.0,0.0,0.0,0.0,0.0,0.0,0.0,0.0,0.0,0.0
2021-12-10,0.0005246006443902556,0.0003697003037910402,0.0006241581110248354,0.0008155018594364297,0.0,0.0,0.0,0.0,0.0,0.0,0.0,0.0,0.0,0.0
2021-12-17,-0.0016131368461394782,-0.0016131368461394782,-0.0020268449074266563,-0.002551910722347912,0.0,0.0,0.0,0.0,0.0,0.0,0.0,0.0,0.0,0.0
2021-12-24,0.005269036786245036,0.005098560158456106,0.0051631678108935005,0.006486413802240845,0.0,0.0,0.0,0.0,0.0,0.0,0.0,0.0,0.0,0.0
2021-12-31,0.002768789464628663,0.002768789464628663,0.0027688279668967113,0.003448643814079984,0.0,0.0,0.0,0.0,0.0,0.0,0.0,0.0,0.0,0.0
2022-01-07,-0.021805638857244968,-0.022067117139785562,-0.0219922712578967,-0.027413684601015145,0.0,0.0,0.0,0.0,0.0,0.0,0.0,0.0,0.0,0.0
2022-01-14,-0.02107396304655064,-0.02107396304655064,-0.020872236421403945,-0.02298854490016887,0.0,0.0,0.0,0.0,0.0,0.0,0.0,0.0,0.0,0.0
2022-01-21,-0.02755089592461098,-0.029535628474068907,-0.028884518536484154,-0.03022513948134758,0.0,0.0,0.0,0.0,0.0,0.0,0.0,0.0,0.0,0.0
2022-01-28,-0.02085614881443631,-0.02085614881443631,-0.02035705491914249,-0.01992294829150458,0.0,0.0,0.0,0.0,0.0,0.0,0.0,0.0,0.0,0.0
2022-02-04,0.007190693227349068,0.00703532128053732,0.007382213054150025,0.007036679796859833,0.0,0.0,0.0,0.0,0.0,0.0,0.0,0.0,0.0,0.0
2022-02-11,-0.00020898973588007004,-0.00020898973588007004,0.00015316149070339878,0.0001599737257100856,0.0,0.0,0.0,0.0,0.0,0.0,0.0,0.0,0.0,0.0
2022-02-18,-0.015711864788277033,-0.015783667157405798,-0.015932079064456636,-0.016926160196863275,0.0,0.0,0.0,0.0,0.0,0.0,0.0,0.0,0.0,0.0
2022-02-25,0.01417479154944214,0.01417479154944214,0.014477043673325174,0.01521409187205836,0.0,0.0,0.0,0.0,0.0,0.0,0.0,0.0,0.0,0.0
2022-03-04,-0.017115871304383145,-0.01910897341621932,-0.01878701615819433,-0.01784219617915524,0.0,0.0,0.0,0.0,0.0,0.0,0.0,0.0,0.0,0.0
2022-03-11,-0.013519491919583673,-0.013519491919583673,-0.013044072558947403,-0.012268140154865577,0.0,0.0,0.0,0.0,0.0,0.0,0.0,0.0,0.0,0.0
2022-03-18,0.011009540271884442,0.009010141575036826,0.008451602026444266,0.007900183657760344,0.0,0.0,0.0,0.0,0.0,0.0,0.0,0.0,0.0,0.0
2022-03-25,0.02735352097930537,0.02735352097930537,0.026647514249583244,0.02500220982585017,0.0,0.0,0.0,0.0,0.0,0.0,0.0,0.0,0.0,0.0
2022-04-01,-0.017328104732984788,-0.017871981034510324,-0.01768148389217813,-0.014247410797917262,0.0,0.0,0.0,0.0,0.0,0.0,0.0,0.0,0.0,0.0
2022-04-08,-0.0023264173336331097,-0.0023264173336331097,-0.002875811018244983,-0.0024254209143069545,0.0,0.0,0.0,0.0,0.0,0.0,0.0,0.0,0.0,0.0
2022-04-15,0.017103795543817496,0.015119733528990837,0.01450966527285276,0.01259154910685514,0.0,0.0,0.0,0.0,0.0,0.0,0.0,0.0,0.0,0.0
2022-04-22,-0.01066308458704249,-0.01066308458704249,-0.010453045739678082,-0.010108663295916299,0.0,0.0,0.0,0.0,0.0,0.0,0.0,0.0,0.0,0.0
2022-04-29,-0.0077727526255872365,-0.008078857654368261,-0.007703874173990637,-0.007899885788231333,0.0,0.0,0.0,0.0,0.0,0.0,0.0,0.0,0.0,0.0
2022-05-06,0.03318429093066556,0.03318429093066556,0.032381550370709805,0.03339195205982057,0.0,0.0,0.0,0.0,0.0,0.0,0.0,0.0,0.0,0.0
2022-05-13,0.0005610303660541761,-0.0014270314811652852,-0.0021222948261847494,-0.0020911334746627707,0.0,0.0,0.0,0.0,0.0,0.0,0.0,0.0,0.0,0.0
2022-05-20,0.01941151619089457,0.01941151619089457,0.01859576249107373,0.016371016787602388,0.0,0.0,0.0,0.0,0.0,0.0,0.0,0.0,0.0,0.0
2022-05-27,-0.014258432369943338,-0.014424360246483768,-0.01453466558518662,-0.012743163175693711,0.0,0.0,0.0,0.0,0.0,0.0,0.0,0.0,0.0,0.0
2022-06-03,0.0028786755675387935,0.0028786755675387935,0.002871480629587608,0.0025946154596090307,0.0,0.0,0.0,0.0,0.0,0.0,0.0,0.0,0.0,0.0
2022-06-10,0.024442252139017528,0.02429066263135568,0.02441251813155753,0.023076959096966505,0.0,0.0,0.0,0.0,0.0,0.0,0.0,0.0,0.0,0.0
2022-06-17,-0.008251248206499532,-0.008251248206499532,-0.007795656013204018,-0.006942120882492468,0.0,0.0,0.0,0.0,0.0,0.0,0.0,0.0,0.0,0.0
2022-06-24,0.007512045144400269,0.005644483918116722,0.005060304898912762,0.004678284333186549,0.0,0.0,0.0,0.0,0.0,0.0,0.0,0.0,0.0,0.0
2022-07-01,0.010709325333939628,0.010709325333939628,0.0101223153280777,0.010193209052701395,0.0,0.0,0.0,0.0,0.0,0.0,0.0,0.0,0.0,0.0
2022-07-08,0.004965659638442656,0.0042009494322327486,0.004109864849485505,0.004166862084891517,0.0,0.0,0.0,0.0,0.0,0.0,0.0,0.0,0.0,0.0
2022-07-15,0.0032640975038457204,0.0032640975038457204,0.003153485463012456,0.0032328502259661787,0.0,0.0,0.0,0.0,0.0,0.0,0.0,0.0,0.0,0.0
2022-07-22,-0.01865360336715194,-0.018711807562414282,-0.018635079915200994,-0.020178850918731204,0.0,0.0,0.0,0.0,0.0,0.0,0.0,0.0,0.0,0.0
2022-07-29,-0.0006237775040855155,-0.0006237775040855155,-0.0004943204962549431,-0.00048082587874296874,0.0,0.0,0.0,0.0,0.0,0.0,0.0,0.0,0.0,0.0
2022-08-05,0.027893194687765716,0.02594857388146778,0.025169821447798994,0.03120101945731402,0.0,0.0,0.0,0.0,0.0,0.0,0.0,0.0,0.0,0.0
2022-08-12,-0.006741229284644686,-0.006741229284644686,-0.006116702843737251,-0.006128589159833157,0.0,0.0,0.0,0.0,0.0,0.0,0.0,0.0,0.0,0.0
2022-08-19,0.0045897012222842915,0.00430289657458813,0.004292658135827498,0.0043679009490987745,0.0,0.0,0.0,0.0,0.0,0.0,0.0,0.0,0.0,0.0
2022-08-26,-0.004982014714878374,-0.004982014714878374,-0.00512592836149888,-0.005544918089609062,0.0,0.0,0.0,0.0,0.0,0.0,0.0,0.0,0.0,0.0
2022-09-02,-0.003350166276384338,-0.0037904668644890126,-0.003499648810134364,-0.003681380197435632,0.0,0.0,0.0,0.0,0.0,0.0,0.0,0.0,0.0,0.0
2022-09-09,0.006313293844885084,0.006313293844885084,0.00626257982076829,0.0073724179979764775,0.0,0.0,0.0,0.0,0.0,0.0,0.0,0.0,0.0,0.0
2022-09-16,0.02551725254043572,0.02367112734082528,0.023217276142598123,0.028068543217658466,0.0,0.0,0.0,0.0,0.0,0.0,0.0,0.0,0.0,0.0
2022-09-23,-0.013369988160882381,-0.013369988160882381,-0.013098634939388794,-0.013338895169834802,0.0,0.0,0.0,0.0,0.0,0.0,0.0,0.0,0.0,0.0
2022-09-30,0.05614920770513281,0.055296543792832956,0.05477268874721593,0.053030574717607214,0.0,0.0,0.0,0.0,0.0,0.0,0.0,0.0,0.0,0.0
2022-10-07,-0.018713269664572745,-0.018713269664572745,-0.018648960020719977,-0.012905593738549983,0.0,0.0,0.0,0.0,0.0,0.0,0.0,0.0,0.0,0.0
2022-10-14,-0.010568812114181151,-0.012557491648947898,-0.012084965851525863,-0.008720680948657166,0.0,0.0,0.0,0.0,0.0,0.0,0.0,0.0,0.0,0.0
2022-10-21,0.007462737283301541,0.007462737283301541,0.007221858388440891,0.005059029260417356,0.0,0.0,0.0,0.0,0.0,0.0,0.0,0.0,0.0,0.0
2022-10-28,0.0037198417124796467,0.003437029133532524,0.003429887662514833,0.0023410525762612242,0.0,0.0,0.0,0.0,0.0,0.0,0.0,0.0,0.0,0.0
2022-11-04,0.010300042831554508,0.010300042831554508,0.010275806262142147,0.007805701884071685,0.0,0.0,0.0,0.0,0.0,0.0,0.0,0.0,0.0,0.0
2022-11-11,-0.0005722219272659936,-0.0009511165864035908,-0.0007853207134024779,-0.0006782724307195342,0.0,0.0,0.0,0.0,0.0,0.0,0.0,0.0,0.0,0.0
2022-11-18,-0.011366601257509854,-0.011366601257509854,-0.011533586786568609,-0.008845339728932025,0.0,0.0,0.0,0.0,0.0,0.0,0.0,0.0,0.0,0.0
2022-11-25,-0.010250803806345835,-0.012166882127577256,-0.011533934425074985,-0.009203395441413522,0.0,0.0,0.0,0.0,0.0,0.0,0.0,0.0,0.0,0.0
2022-12-02,0.0030086939558888943,0.0030086939558888943,0.0029055188889949082,0.002173952195619106,0.0,0.0,0.0,0.0,0.0,0.0,0.0,0.0,0.0,0.0
2022-12-09,0.00953818526626124,0.009473293576064095,0.009291193577595195,0.0069472220219735795,0.0,0.0,0.0,0.0,0.0,0.0,0.0,0.0,0.0,0.0
2022-12-16,-0.0034435500917110763,-0.0034435500917110763,-0.003652914137962112,-0.0029684930563752673,0.0,0.0,0.0,0.0,0.0,0.0,0.0,0.0,0.0,0.0
2022-12-23,-0.0020156749722649333,-0.003981102640946081,-0.003965751355775302,-0.0036338874305198547,0.0,0.0,0.0,0.0,0.0,0.0,0.0,0.0,0.0,0.0
2022-12-30,0.010105754230293137,0.010105754230293137,0.009670179783260438,0.019340359566520877,0.0,0.0,0.0,0.0,0.0,0.0,0.0,0.0,0.0,0.0
2023-01-06,0.016168331728035328,0.015951512780934613,0.015864360586980666,0.027548415218002355,0.0,0.0,0.0,0.0,0.0,0.0,0.0,0.0,0.0,0.0
2023-01-13,0.02830867738997393,0.02830867738997393,0.029046797416285727,0.03888156007715981,0.0,0.0,0.0,0.0,0.0,0.0,0.0,0.0,0.0,0.0
2023-01-20,-0.010040230359322775,-0.010647908480863815,-0.010170323719872617,-0.009944491133606749,0.0,0.0,0.0,0.0,0.0,0.0,0.0,0.0,0.0,0.0
2023-01-27,0.0055680300655537515,0.0055680300655537515,0.00520738429570698,0.004846514689543017,0.0,0.0,0.0,0.0,0.0,0.0,0.0,0.0,0.0,0.0
2023-02-03,-0.014791219662050104,-0.014998676663187693,-0.015606689442017133,-0.014549973752888702,0.0,0.0,0.0,0.0,0.0,0.0,0.0,0.0,0.0,0.0
2023-02-10,0.0080815684673627,0.0080815684673627,0.007649771041352676,0.0067054120489724155,0.0,0.0,0.0,0.0,0.0,0.0,0.0,0.0,0.0,0.0
2023-02-17,-0.017151688256846667,-0.017531598113875557,-0.017264998322706712,-0.01565142360933048,0.0,0.0,0.0,0.0,0.0,0.0,0.0,0.0,0.0,0.0
2023-02-24,-0.0015462981757634153,-0.0015462981757634153,-0.0017282597207482642,-0.0015040972418294413,0.0,0.0,0.0,0.0,0.0,0.0,0.0,0.0,0.0,0.0
2023-03-03,0.013214181350002725,0.01308158042643553,0.013036930027273035,0.011271391453021933,0.0,0.0,0.0,0.0,0.0,0.0,0.0,0.0,0.0,0.0
2023-03-10,-0.007396696783418567,-0.007396696783418567,-0.007859522562613705,-0.0067630218335677054,0.0,0.0,0.0,0.0,0.0,0.0,0.0,0.0,0.0,0.0
2023-03-17,0.01649755276502861,0.014682964876825804,0.014133673837778433,0.011752619826660168,0.0,0.0,0.0,0.0,0.0,0.0,0.0,0.0,0.0,0.0
2023-03-24,-0.014669563616308166,-0.014669563616308166,-0.014118467626956713,-0.01208290630195447,0.0,0.0,0.0,0.0,0.0,0.0,0.0,0.0,0.0,0.0
2023-03-31,-0.0021470711824754037,-0.0032860507715824884,-0.0030905574434620673,-0.0027826557638795046,0.0,0.0,0.0,0.0,0.0,0.0,0.0,0.0,0.0,0.0
2023-04-07,-0.002054217840377234,-0.002054217840377234,-0.0019852076476775645,-0.0018724257314180178,0.0,0.0,0.0,0.0,0.0,0.0,0.0,0.0,0.0,0.0
2023-04-14,-0.0057374821518420575,-0.006483017373035557,-0.006745514662087883,-0.009825412096032013,0.0,0.0,0.0,0.0,0.0,0.0,0.0,0.0,0.0,0.0
2023-04-21,0.006095697704655237,0.006095697704655237,0.0062280193868319775,0.009391905588734813,0.0,0.0,0.0,0.0,0.0,0.0,0.0,0.0,0.0,0.0
2023-04-28,-0.013686528202972531,-0.013756849850876314,-0.013179207344685907,-0.019067099335710422,0.0,0.0,0.0,0.0,0.0,0.0,0.0,0.0,0.0,0.0
2023-05-05,-0.00011291599766685154,-0.00011291599766685154,-6.825673874316932e-05,-9.343697334020682e-05,0.0,0.0,0.0,0.0,0.0,0.0,0.0,0.0,0.0,0.0
2023-05-12,0.007612107823903431,0.007442286601994641,0.007175428772189515,0.010225067859797354,0.0,0.0,0.0,0.0,0.0,0.0,0.0,0.0,0.0,0.0
2023-05-19,-0.007429218350972664,-0.007429218350972664,-0.007378608411648798,-0.01062686996813671,0.0,0.0,0.0,0.0,0.0,0.0,0.0,0.0,0.0,0.0
2023-05-26,-0.0038595727100842444,-0.005845486545432433,-0.005724364413902879,-0.007190624917312255,0.0,0.0,0.0,0.0,0.0,0.0,0.0,0.0,0.0,0.0
2023-06-02,-0.0035441464706790432,-0.0035441464706790432,-0.0034788561889760824,-0.005201480744611581,0.0,0.0,0.0,0.0,0.0,0.0,0.0,0.0,0.0,0.0
2023-06-09,-0.0015333373461401106,-0.0019824035505000993,-0.0015682163429142526,-0.0021507676931876002,0.0,0.0,0.0,0.0,0.0,0.0,0.0,0.0,0.0,0.0
2023-06-16,0.021012390394339123,0.021012390394339123,0.020839888869978743,0.03567877202848336,0.0,0.0,0.0,0.0,0.0,0.0,0.0,0.0,0.0,0.0
2023-06-23,-0.0007492799135937244,-0.0022049518246539408,-0.002219570848094209,-0.002251254550898273,0.0,0.0,0.0,0.0,0.0,0.0,0.0,0.0,0.0,0.0
2023-06-30,0.003921273524995601,0.003921273524995601,0.004114021540905975,0.004282202533582645,0.0,0.0,0.0,0.0,0.0,0.0,0.0,0.0,0.0,0.0
2023-07-07,0.007764532120904567,0.006231834672643179,0.006402589498981475,0.006695755867625347,0.0,0.0,0.0,0.0,0.0,0.0,0.0,0.0,0.0,0.0
2023-07-14,0.009007956100179855,0.009007956100179855,0.008990463394786118,0.009512077521053725,0.0,0.0,0.0,0.0,0.0,0.0,0.0,0.0,0.0,0.0
2023-07-21,0.0023957992810877417,0.0005318777374763951,0.0001114229715322892,0.00022162201594294693,0.0,0.0,0.0,0.0,0.0,0.0,0.0,0.0,0.0,0.0
2023-07-28,-0.0023472530571363604,-0.0023472530571363604,-0.0022224811267465843,-0.0026647770211356515,0.0,0.0,0.0,0.0,0.0,0.0,0.0,0.0,0.0,0.0
2023-08-04,-0.0005923638207218609,-0.002506258204245736,-0.002506461816240877,-0.002632818002704345,0.0,0.0,0.0,0.0,0.0,0.0,0.0,0.0,0.0,0.0
2023-08-11,-0.020379794662442535,-0.020379794662442535,-0.019781102970716596,-0.023790595866441874,0.0,0.0,0.0,0.0,0.0,0.0,0.0,0.0,0.0,0.0
2023-08-18,0.009708906853543064,0.007708979863347959,0.007749607565303143,0.008251108759510684,0.0,0.0,0.0,0.0,0.0,0.0,0.0,0.0,0.0,0.0
2023-08-25,0.0070950622760002245,0.0070950622760002245,0.006893986908798086,0.007304825539013764,0.0,0.0,0.0,0.0,0.0,0.0,0.0,0.0,0.0,0.0
2023-09-01,0.008985764512128484,0.00799653829922729,0.0076625481734254024,0.00826726223863145,0.0,0.0,0.0,0.0,0.0,0.0,0.0,0.0,0.0,0.0
2023-09-08,0.0029722594025023462,0.0029722594025023462,0.0027932032803367713,0.0029985088553728316,0.0,0.0,0.0,0.0,0.0,0.0,0.0,0.0,0.0,0.0
2023-09-15,0.014399633625294858,0.013504279535741955,0.013965830949015117,0.02265104677024558,0.0,0.0,0.0,0.0,0.0,0.0,0.0,0.0,0.0,0.0
2023-09-22,-0.015596052478587025,-0.015596052478587025,-0.01545103552324287,-0.020547980182410955,0.0,0.0,0.0,0.0,0.0,0.0,0.0,0.0,0.0,0.0
2023-09-29,0.010223316086265302,0.009437985684761984,0.010239665601503738,0.011595536324462922,0.0,0.0,0.0,0.0,0.0,0.0,0.0,0.0,0.0,0.0
2023-10-06,-0.018855843816355265,-0.018855843816355265,-0.018294186246340747,-0.02015234840535495,0.0,0.0,0.0,0.0,0.0,0.0,0.0,0.0,0.0,0.0
2023-10-13,-0.008473992970556005,-0.009931467252113628,-0.010336199193697963,-0.010452367896642768,0.0,0.0,0.0,0.0,0.0,0.0,0.0,0.0,0.0,0.0
2023-10-20,0.019036508765682754,0.019036508765682754,0.018715753752300675,0.01861281745591109,0.0,0.0,0.0,0.0,0.0,0.0,0.0,0.0,0.0,0.0
2023-10-27,-0.001641506903782822,-0.0035297896476469966,-0.003262114922272484,-0.0031531979039211345,0.0,0.0,0.0,0.0,0.0,0.0,0.0,0.0,0.0,0.0
2023-11-03,0.014283106619698942,0.014283106619698942,0.014036596284309418,0.012962304704609035,0.0,0.0,0.0,0.0,0.0,0.0,0.0,0.0,0.0,0.0
2023-11-10,0.01531182504530643,0.013454525836005232,0.013664333454799837,0.014089621481174864,0.0,0.0,0.0,0.0,0.0,0.0,0.0,0.0,0.0,0.0
2023-11-17,-0.007901002726692688,-0.007901002726692688,-0.007787558498559085,-0.007841408014012681,0.0,0.0,0.0,0.0,0.0,0.0,0.0,0.0,0.0,0.0
2023-11-24,0.003453089538088049,0.002537999714067031,0.002565928101434799,0.0025159582733155017,0.0,0.0,0.0,0.0,0.0,0.0,0.0,0.0,0.0,0.0
2023-12-01,0.00017503334522473772,0.00017503334522473772,-0.00018634913360453896,-0.00018507069133240318,0.0,0.0,0.0,0.0,0.0,0.0,0.0,0.0,0.0,0.0
2023-12-08,-0.03740388634288736,-0.038675664198209586,-0.037755845741511335,-0.03748531501954179,0.0,0.0,0.0,0.0,0.0,0.0,0.0,0.0,0.0,0.0
2023-12-15,0.016297663342442054,0.016297663342442054,0.016241734152541723,0.013936293721833266,0.0,0.0,0.0,0.0,0.0,0.0,0.0,0.0,0.0,0.0
2023-12-22,0.012511289262513684,0.012236086541153851,0.012515031265575224,0.010876304522028243,0.0,0.0,0.0,0.0,0.0,0.0,0.0,0.0,0.0,0.0
2023-12-29,0.00024930788139175476,0.00024930788139175476,0.00016288128554809477,0.0001423702641010249,0.0,0.0,0.0,0.0,0.0,0.0,0.0,0.0,0.0,0.0
2024-01-05,0.002420430348412139,0.000455409608681249,0.0003278117955097903,0.00019685604961441026,0.0,0.0,0.0,0.0,0.0,0.0,0.0,0.0,0.0,0.0
2024-01-12,0.0009364970521571895,0.0009364970521571895,0.0012877793415752977,0.001247838662937534,0.0,0.0,0.0,0.0,0.0,0.0,0.0,0.0,0.0,0.0
2024-01-19,0.010485305717202544,0.008687914502400034,0.008313840832961321,0.008654149130405707,0.0,0.0,0.0,0.0,0.0,0.0,0.0,0.0,0.0,0.0
2024-01-26,-0.0018291618413677632,-0.0018291618413677632,-0.0018352736024893866,-0.0018804547684452932,0.0,0.0,0.0,0.0,0.0,0.0,0.0,0.0,0.0,0.0
2024-02-02,0.015418541454046258,0.014427330185346124,0.014152417838666826,0.015024470525474098,0.0,0.0,0.0,0.0,0.0,0.0,0.0,0.0,0.0,0.0
2024-02-09,-0.009650113850611855,-0.009650113850611855,-0.009400909773019207,-0.00988064564328009,0.0,0.0,0.0,0.0,0.0,0.0,0.0,0.0,0.0,0.0
2024-02-16,0.014405820032901138,0.01431102379739179,0.01405782570585766,0.014646687371691357,0.0,0.0,0.0,0.0,0.0,0.0,0.0,0.0,0.0,0.0
2024-02-23,0.0007490344413290746,0.0007490344413290746,0.0009039100848997059,0.0009022600900124848,0.0,0.0,0.0,0.0,0.0,0.0,0.0,0.0,0.0,0.0
2024-03-01,0.0006992146889940465,-0.0012830096347532815,-0.0013945606433766224,-0.001395277867606377,0.0,0.0,0.0,0.0,0.0,0.0,0.0,0.0,0.0,0.0
2024-03-08,-0.009869885953848601,-0.009869885953848601,-0.009325491408375986,-0.016886642214215205,0.0,0.0,0.0,0.0,0.0,0.0,0.0,0.0,0.0,0.0
2024-03-15,0.04237687015473419,0.042036954673701894,0.04253444786861205,0.06525593214044442,0.0,0.0,0.0,0.0,0.0,0.0,0.0,0.0,0.0,0.0
2024-03-22,-0.02563234208867452,-0.02563234208867452,-0.025032023589013467,-0.01757298973983779,0.0,0.0,0.0,0.0,0.0,0.0,0.0,0.0,0.0,0.0
2024-03-29,-0.01399963845838319,-0.015976642208622226,-0.015498991571352812,-0.010976063987335107,0.0,0.0,0.0,0.0,0.0,0.0,0.0,0.0,0.0,0.0
2024-04-05,-0.004328247051215842,-0.004328247051215842,-0.004267925679329002,-0.0027879042544774082,0.0,0.0,0.0,0.0,0.0,0.0,0.0,0.0,0.0,0.0
2024-04-12,0.017133216014296078,0.016818348785792355,0.01736674833863942,0.011209653713913964,0.0,0.0,0.0,0.0,0.0,0.0,0.0,0.0,0.0,0.0
2024-04-19,-0.011942531384438597,-0.011942531384438597,-0.0117295232386143,-0.007613972134022141,0.0,0.0,0.0,0.0,0.0,0.0,0.0,0.0,0.0,0.0
2024-04-26,-0.0004957349950787487,-0.002488175400650379,-0.001928206208319376,-0.0019326543488791328,0.0,0.0,0.0,0.0,0.0,0.0,0.0,0.0,0.0,0.0
2024-05-03,0.007570164643686291,0.007570164643686291,0.0074602477473587,0.0048594596460570265,0.0,0.0,0.0,0.0,0.0,0.0,0.0,0.0,0.0,0.0
2024-05-10,0.007617073138326237,0.007467353622344214,0.007126909417668168,0.004669838213425944,0.0,0.0,0.0,0.0,0.0,0.0,0.0,0.0,0.0,0.0
2024-05-17,0.0027842085674195443,0.0027842085674195443,0.0024972273793832807,0.0016713162313327801,0.0,0.0,0.0,0.0,0.0,0.0,0.0,0.0,0.0,0.0
2024-05-24,-0.007326645328165424,-0.0076531009504439635,-0.007555733900644529,-0.005154960465564755,0.0,0.0,0.0,0.0,0.0,0.0,0.0,0.0,0.0,0.0
2024-05-31,-0.011161719319063774,-0.011161719319063774,-0.011792660176602304,-0.007862237618696262,0.0,0.0,0.0,0.0,0.0,0.0,0.0,0.0,0.0,0.0
2024-06-07,0.007472276274255152,0.00713406767067825,0.007675105295223844,0.005169749307101807,0.0,0.0,0.0,0.0,0.0,0.0,0.0,0.0,0.0,0.0
2024-06-14,-0.010324277033711993,-0.010324277033711993,-0.0102833547884883,-0.018283397714594616,0.0,0.0,0.0,0.0,0.0,0.0,0.0,0.0,0.0,0.0
2024-06-21,-0.008295875378412022,-0.010235731932137662,-0.009844763976981218,-0.015810734994501693,0.0,0.0,0.0,0.0,0.0,0.0,0.0,0.0,0.0,0.0
2024-06-28,-0.0031264166491356974,-0.0031264166491356974,-0.0029873929982857416,-0.004899030237423707,0.0,0.0,0.0,0.0,0.0,0.0,0.0,0.0,0.0,0.0
2024-07-05,0.010366120471103083,0.009809852837404136,0.008950448277564053,0.014960015461862283,0.0,0.0,0.0,0.0,0.0,0.0,0.0,0.0,0.0,0.0
2024-07-12,-0.019256144601641798,-0.019256144601641798,-0.01896569518762666,-0.029089150141769004,0.0,0.0,0.0,0.0,0.0,0.0,0.0,0.0,0.0,0.0
2024-07-19,0.004547426995686824,0.003916117015758473,0.0037205314327352777,0.0045543297285103234,0.0,0.0,0.0,0.0,0.0,0.0,0.0,0.0,0.0,0.0
2024-07-26,-0.017966666475540533,-0.017966666475540533,-0.01850058025235996,-0.021606306903296277,0.0,0.0,0.0,0.0,0.0,0.0,0.0,0.0,0.0,0.0
2024-08-02,-0.01627227338425266,-0.01672435930047429,-0.016109415798857538,-0.017819057496954747,0.0,0.0,0.0,0.0,0.0,0.0,0.0,0.0,0.0,0.0
2024-08-09,-0.004431187245585826,-0.004431187245585826,-0.004433000391613918,-0.004934774283247501,0.0,0.0,0.0,0.0,0.0,0.0,0.0,0.0,0.0,0.0
2024-08-16,0.015297867804202121,0.015157728350367267,0.015607967955215917,0.01780388803805853,0.0,0.0,0.0,0.0,0.0,0.0,0.0,0.0,0.0,0.0
2024-08-23,-0.044582430856738506,-0.044582430856738506,-0.044183249795320005,-0.043247932795658334,0.0,0.0,0.0,0.0,0.0,0.0,0.0,0.0,0.0,0.0
2024-08-30,0.00038529275691848413,-0.0015683084311389063,-0.0012792599227046384,-0.001409295951236109,0.0,0.0,0.0,0.0,0.0,0.0,0.0,0.0,0.0,0.0
2024-09-06,-0.0021101237909959655,-0.0021101237909959655,-0.0019385735288995603,-0.0015738021519437402,0.0,0.0,0.0,0.0,0.0,0.0,0.0,0.0,0.0,0.0
2024-09-13,-0.013382136762937773,-0.013620061951164551,-0.013228048444000773,-0.010808315217871758,0.0,0.0,0.0,0.0,0.0,0.0,0.0,0.0,0.0,0.0
2024-09-20,-0.0008485109307857591,-0.0008485109307857591,-0.0004820964809327983,-0.00039540090104868826,0.0,0.0,0.0,0.0,0.0,0.0,0.0,0.0,0.0,0.0
2024-09-27,-0.012548579559893202,-0.01453356705549334,-0.01424442209921972,-0.011962937102446818,0.0,0.0,0.0,0.0,0.0,0.0,0.0,0.0,0.0,0.0
2024-10-04,0.007476978021515137,0.007476978021515137,0.007242480998304803,0.006440993841006782,0.0,0.0,0.0,0.0,0.0,0.0,0.0,0.0,0.0,0.0
2024-10-11,-0.040023659261492574,-0.040077252978167395,-0.03904512014357029,-0.03595754666582996,0.0,0.0,0.0,0.0,0.0,0.0,0.0,0.0,0.0,0.0
2024-10-18,-0.0035855548952872045,-0.0035855548952872045,-0.003328306409780734,-0.002790405190989208,0.0,0.0,0.0,0.0,0.0,0.0,0.0,0.0,0.0,0.0
2024-10-25,-0.010738401104057382,-0.01273001001440341,-0.012505159530050181,-0.01092855954970979,0.0,0.0,0.0,0.0,0.0,0.0,0.0,0.0,0.0,0.0
2024-11-01,-0.017670780217044192,-0.017670780217044192,-0.017188251688198795,-0.014809640180906887,0.0,0.0,0.0,0.0,0.0,0.0,0.0,0.0,0.0,0.0
2024-11-08,0.00014091484453087922,-0.0018572994595920493,-0.0019844530052794767,-0.00197634082222482,0.0,0.0,0.0,0.0,0.0,0.0,0.0,0.0,0.0,0.0
2024-11-15,-0.0009194597448146908,-0.0009194597448146908,-0.0008413636560248403,-0.0008209236972660469,0.0,0.0,0.0,0.0,0.0,0.0,0.0,0.0,0.0,0.0
2024-11-22,0.027264482267755224,0.02712440322174376,0.027094886611655464,0.03586808551308705,0.0,0.0,0.0,0.0,0.0,0.0,0.0,0.0,0.0,0.0
2024-11-29,-0.01640678955101314,-0.01640678955101314,-0.015981237521865164,-0.013949956049338508,0.0,0.0,0.0,0.0,0.0,0.0,0.0,0.0,0.0,0.0
2024-12-06,-0.009389642869223159,-0.01137440539988815,-0.010920316859308271,-0.009680334782096648,0.0,0.0,0.0,0.0,0.0,0.0,0.0,0.0,0.0,0.0
2024-12-13,-0.007596569825458765,-0.007596569825458765,-0.007404715157512523,-0.00639500414683214,0.0,0.0,0.0,0.0,0.0,0.0,0.0,0.0,0.0,0.0
2024-12-20,-0.006586789761213601,-0.006976671677127817,-0.007554008733269699,-0.006593059797752771,0.0,0.0,0.0,0.0,0.0,0.0,0.0,0.0,0.0,0.0
2024-12-27,0.0036835480424343113,0.0036835480424343113,0.0031897951256732687,0.002784388829711248,0.0,0.0,0.0,0.0,0.0,0.0,0.0,0.0,0.0,0.0
2025-01-03,-0.000777572116966204,-0.0015018223643679623,-0.0014523531836998114,-0.0013599002853353845,0.0,0.0,0.0,0.0,0.0,0.0,0.0,0.0,0.0,0.0
2025-01-10,-0.005344562056912776,-0.005344562056912776,-0.0055580691411507,-0.006059403951099421,0.0,0.0,0.0,0.0,0.0,0.0,0.0,0.0,0.0,0.0
2025-01-17,-0.002845256383898604,-0.004845256383898604,-0.004642290532633657,-0.004877103370846621,0.0,0.0,0.0,0.0,0.0,0.0,0.0,0.0,0.0,0.0
2025-01-24,-0.014106378360902533,-0.014106378360902533,-0.013623672292277978,-0.015060069018457066,0.0,0.0,0.0,0.0,0.0,0.0,0.0,0.0,0.0,0.0
2025-01-31,-0.014125712496929815,-0.016113557099231533,-0.015655541732178393,-0.017079127653388065,0.0,0.0,0.0,0.0,0.0,0.0,0.0,0.0,0.0,0.0
2025-02-07,0.006878467157509771,0.006878467157509771,0.006905558506089565,0.007251444877996683,0.0,0.0,0.0,0.0,0.0,0.0,0.0,0.0,0.0,0.0
2025-02-14,0.0066915452940711625,0.004706664546525897,0.00452443179840857,0.0046837956732293145,0.0,0.0,0.0,0.0,0.0,0.0,0.0,0.0,0.0,0.0
2025-02-21,0.0022798408310338,0.0022798408310338,0.0019946004430890407,0.003704197487395055,0.0,0.0,0.0,0.0,0.0,0.0,0.0,0.0,0.0,0.0
2025-02-28,0.014239763463869208,0.01224050913521629,0.01218778422026153,0.024517814057279458,0.0,0.0,0.0,0.0,0.0,0.0,0.0,0.0,0.0,0.0
2025-03-07,-0.010741267768100266,-0.010741267768100266,-0.010137174740395423,-0.013279061797227942,0.0,0.0,0.0,0.0,0.0,0.0,0.0,0.0,0.0,0.0
2025-03-14,-0.007823509483942235,-0.008179319818155574,-0.007632984202425786,-0.009517352883245643,0.0,0.0,0.0,0.0,0.0,0.0,0.0,0.0,0.0,0.0
2025-03-21,-0.00929702358262061,-0.00929702358262061,-0.009785544820637633,-0.012154837683072633,0.0,0.0,0.0,0.0,0.0,0.0,0.0,0.0,0.0,0.0
2025-03-28,-0.014896858866537212,-0.016875840413934463,-0.01603767528356363,-0.01910842086012004,0.0,0.0,0.0,0.0,0.0,0.0,0.0,0.0,0.0,0.0
2025-04-04,-0.04500776711262873,-0.04500776711262873,-0.0435848685493159,-0.04965991986929678,0.0,0.0,0.0,0.0,0.0,0.0,0.0,0.0,0.0,0.0
2025-04-11,-0.003080756916493301,-0.0050807569164933,-0.004948371891225292,-0.0043342840440785185,0.0,0.0,0.0,0.0,0.0,0.0,0.0,0.0,0.0,0.0
2025-04-18,0.023389854889203247,0.023389854889203247,0.022853797324720065,0.01820032664985486,0.0,0.0,0.0,0.0,0.0,0.0,0.0,0.0,0.0,0.0
2025-04-25,0.004927495508994565,0.00418213893715964,0.004588224649188459,0.0032209049045888853,0.0,0.0,0.0,0.0,0.0,0.0,0.0,0.0,0.0,0.0
2025-05-02,0.011665062163224507,0.011665062163224507,0.012017706190845186,0.0089989130135578,0.0,0.0,0.0,0.0,0.0,0.0,0.0,0.0,0.0,0.0
2025-05-09,0.027999346026527892,0.026409870298182564,0.02557353188375381,0.01865822267331216,0.0,0.0,0.0,0.0,0.0,0.0,0.0,0.0,0.0,0.0
2025-05-16,-0.005987487326707669,-0.005987487326707669,-0.005892630501872552,-0.004186696171097048,0.0,0.0,0.0,0.0,0.0,0.0,0.0,0.0,0.0,0.0
2025-05-23,0.0056028581451082245,0.005209931343901144,0.00548971267817307,0.0038226474138524347,0.0,0.0,0.0,0.0,0.0,0.0,0.0,0.0,0.0,0.0
2025-05-30,0.014906642545570998,0.014906642545570998,0.014917196604196646,0.01166455262248084,0.0,0.0,0.0,0.0,0.0,0.0,0.0,0.0,0.0,0.0
2025-06-06,-0.0015325636418561583,-0.0034527523625065464,-0.0033773073944941656,-0.0030245154184652514,0.0,0.0,0.0,0.0,0.0,0.0,0.0,0.0,0.0,0.0
2025-06-13,0.005943082909736248,0.005943082909736248,0.005698370478488704,0.004394095535634468,0.0,0.0,0.0,0.0,0.0,0.0,0.0,0.0,0.0,0.0
2025-06-20,-0.007671594862551468,-0.008884532878366127,-0.008714685634866333,-0.007044467172889869,0.0,0.0,0.0,0.0,0.0,0.0,0.0,0.0,0.0,0.0
2025-06-27,-0.012436582843760306,-0.012436582843760306,-0.012050916221557574,-0.00978270526105531,0.0,0.0,0.0,0.0,0.0,0.0,0.0,0.0,0.0,0.0
2025-07-04,0.012641147418595481,0.011182912778815373,0.010564560696107233,0.01681616873763772,0.0,0.0,0.0,0.0,0.0,0.0,0.0,0.0,0.0,0.0
2025-07-11,-0.028029553454310067,-0.028029553454310067,-0.027699491856112205,-0.04052994310650847,0.0,0.0,0.0,0.0,0.0,0.0,0.0,0.0,0.0,0.0
2025-07-18,-0.009997448964611666,-0.011615201791706596,-0.01092881391235182,-0.010211213296316846,0.0,0.0,0.0,0.0,0.0,0.0,0.0,0.0,0.0,0.0
2025-07-25,-0.008335444891879262,-0.008335444891879262,-0.008145618255089736,-0.00740582555955267,0.0,0.0,0.0,0.0,0.0,0.0,0.0,0.0,0.0,0.0
2025-08-01,0.018352955916669553,0.01669612351826793,0.01622553179896648,0.014836049877303817,0.0,0.0,0.0,0.0,0.0,0.0,0.0,0.0,0.0,0.0
2025-08-08,-0.01936267490701081,-0.01936267490701081,-0.019060121872473353,-0.0180669801401286,0.0,0.0,0.0,0.0,0.0,0.0,0.0,0.0,0.0,0.0
2025-08-15,-0.003978208485561831,-0.0041318799676453785,-0.004665312919868782,-0.004254511611105649,0.0,0.0,0.0,0.0,0.0,0.0,0.0,0.0,0.0,0.0
2025-08-22,0.0012826569718176882,0.0012826569718176882,0.0015455927324029765,0.001421445176734587,0.0,0.0,0.0,0.0,0.0,0.0,0.0,0.0,0.0,0.0
2025-08-29,0.016740099038195518,0.014907474550493025,0.014921421014709736,0.014279430481211509,0.0,0.0,0.0,0.0,0.0,0.0,0.0,0.0,0.0,0.0
2025-09-05,-0.0028632653277581984,-0.0028632653277581984,-0.0028457599935083717,-0.00256214410791686,0.0,0.0,0.0,0.0,0.0,0.0,0.0,0.0,0.0,0.0
2025-09-12,0.007754045604398061,0.005778892418528086,0.00551849272764077,0.00486235876255688,0.0,0.0,0.0,0.0,0.0,0.0,0.0,0.0,0.0,0.0
2025-09-19,-0.01683444493583933,-0.01683444493583933,-0.016358070356153564,-0.014736030071997273,0.0,0.0,0.0,0.0,0.0,0.0,0.0,0.0,0.0,0.0
2025-09-26,0.0158625682277699,0.013886862674241635,0.013398257143917163,0.011677496358162426,0.0,0.0,0.0,0.0,0.0,0.0,0.0,0.0,0.0,0.0
2025-10-03,-0.0033476827739352985,-0.0033476827739352985,-0.003454751716731634,-0.00316939897694808,0.0,0.0,0.0,0.0,0.0,0.0,0.0,0.0,0.0,0.0
2025-10-10,0.009719459098226486,0.007719459098226486,0.007568900982645668,0.010682983801777724,0.0,0.0,0.0,0.0,0.0,0.0,0.0,0.0,0.0,0.0
2025-10-17,0.030474862754069434,0.030474862754069434,0.02975524248290869,0.03921649296926536,0.0,0.0,0.0,0.0,0.0,0.0,0.0,0.0,0.0,0.0
2025-10-24,-0.018473075211402627,-0.018754502850507494,-0.019012449314382143,-0.01802231185534778,0.0,0.0,0.0,0.0,0.0,0.0,0.0,0.0,0.0,0.0
2025-10-31,0.0022172952358627675,0.0022172952358627675,0.0016395352917109244,0.0014668152089746145,0.0,0.0,0.0,0.0,0.0,0.0,0.0,0.0,0.0,0.0
2025-11-07,0.009784948357119778,0.00780002468731069,0.007156093369292672,0.006874311964891343,0.0,0.0,0.0,0.0,0.0,0.0,0.0,0.0,0.0,0.0
2025-11-14,0.004094047581087824,0.004094047581087824,0.00454700148079507,0.004458050758677557,0.0,0.0,0.0,0.0,0.0,0.0,0.0,0.0,0.0,0.0
2025-11-21,0.0271443442733473,0.025159697147210322,0.024956214528905268,0.024481414662908808,0.0,0.0,0.0,0.0,0.0,0.0,0.0,0.0,0.0,0.0
2025-11-28,0.008132365361831704,0.008132365361831704,0.007900062810149855,0.007324431250408342,0.0,0.0,0.0,0.0,0.0,0.0,0.0,0.0,0.0,0.0
2025-12-05,0.04011623678072041,0.038171188755873914,0.03682002067307681,0.0344665279713426,0.0,0.0,0.0,0.0,0.0,0.0,0.0,0.0,0.0,0.0
2025-12-12,0.0056713137686592455,0.0056713137686592455,0.005534515588684107,0.004602628111298521,0.0,0.0,0.0,0.0,0.0,0.0,0.0,0.0,0.0,0.0
2025-12-19,-0.013578394815632232,-0.014176666368953894,-0.013646460287876071,-0.012499079071924898,0.0,0.0,0.0,0.0,0.0,0.0,0.0,0.0,0.0,0.0
2025-12-26,-0.005609545377171585,-0.005609545377171585,-0.005188296999444716,-0.0043765351569188555,0.0,0.0,0.0,0.0,0.0,0.0,0.0,0.0,0.0,0.0
2026-01-02,0.010643184072492437,0.01057882663834081,0.01032773861910582,0.008664053951513559,0.0,0.0,0.0,0.0,0.0,0.0,0.0,0.0,0.0,0.0
